player_id,player_number,player_first_name,player_last_name,player_position,player_height_m,player_height_in,player_weight_kg,player_weight_lbs
aaron-boadu,4,Aaron,Boadu,DE,1.95,76.77,125,275.58
aaron-ellis,2,Aaron,Ellis,QB,1.9,74.8,104,229.28
aaron-grosse-kleimann,27,Aaron,Große Kleimann,DE,2.05,80.71,120,264.55
aaron-rosemann,41,Aaron,Rosemann,OLB,1.91,75.2,95,209.44
aaron-sola,,Aarón,Sola,DE,1.85,72.83,105,231.49
abdelghafour-sedik,49,Abdelghafour,Sedik,OL,,,,
abdullah-kilany,93,Abdullah,Kilany,DE,1.87,73.62,105,231.49
achim-bah,19,Achim,Bah,WR,1.91,75.2,90,198.42
adam-lary,25,Adam,Lary,CB,1.84,72.44,84,185.19
adam-skakowski,24,Adam,Skakowski,RB,1.78,70.08,95,209.44
adedayo-odeleye,94,Adedayo,Odeleye,DL,1.97,77.56,120,264.55
adria-botella-moreno,8,Adria,Botella Moreno,TE,1.98,77.95,114,251.33
adrian-brudny,92,Adrian,Brudny,DL,1.85,72.83,132,291.01
adrian-gierczak,66,Adrian,Gierczak,OL,,,,
adrian-grodecki,18,Adrian,Gródecki,WR,1.85,72.83,81,178.57
adrian-jimenez,3,Adrián,Jiménez,RB,1.8,70.87,97,213.85
adrian-kiernan,39,Adrian,Kiernan,S,1.75,68.9,80,176.37
adrian-lenartowicz,13,Adrian,Lenartowicz,CB,1.93,75.98,94,207.23
adrian-novella,55,Adrián,Novella,ILB,1.75,68.9,92,202.83
adrian-platzgummer,6,Adrian,Platzgummer,WR,1.81,71.26,88,194.01
adriel-costa,26,Adriel ,Costa,DB,1.78,70.08,80,176.37
ahmet-cem-inan,14,Ahmet Cem,İnan,QB,1.85,72.83,85,187.39
ahmet-cem-ugur,40,Ahmet Cem,Uğur,ILB,1.83,72.05,100,220.46
ahmet-talha-bercin,21,Ahmet Talha,Berçin,CB,1.87,73.62,95,209.44
aj-wentland,49,AJ,Wentland,ILB,1.92,75.59,104,229.28
al-mustafa-almakki,,Al Mustafa,Almakki,OL,1.87,73.62,135,297.62
alan-mark-sousa-posincovich-,68,Alan Mark,Sousa Posincovich,OL,1.87,73.62,140,308.65
albert-wiesigstrauch,22,Albert,Wiesigstrauch,RB,1.73,68.11,82,180.78
alberto-coq-huelva,49,Alberto,Coq Huelva,LB,1.85,72.83,96,211.64
alberto-del-cerro,93,Alberto,Del Cerro,DE,1.95,76.77,110,242.51
alejandro-fernandez,11,Alejandro,Fernández,DE,1.88,74.02,105,231.49
alejandro-herrero,17,Alejandro,Herrero,RB,1.78,70.08,,
aleksandr-astahin,22,Aleksandr,Astahin,S,1.71,67.32,87,191.8
aleksandr-milanovic,61,Aleksandar,Milanovic,OL,2.01,79.13,129,284.4
alex-ferrari,11,Alex,Ferrari,ILB,1.83,72.05,102,224.87
alex-gonzalez,45,Álex,González Posito,ILB,1.81,71.26,99,218.26
alex-powar,98,Alex,Powar,DE,1.88,74.02,115,253.53
alexander-babic,93,Alexander,Babic,DT,1.95,76.77,135,297.62
alexander-boes,52,Alexander,Boes,DT,1.9,74.8,120,264.55
alexander-eitel,4,Alexander,Eitel,WR,1.7,66.93,72,158.73
alexander-frisch,7,Alexander,Frisch,QB,1.95,76.77,93,205.03
alexander-karim-rushdy-stadahl,12,Alexander Karim,Rushdy Stadahl,CB,1.83,72.05,80,176.37
alexander-reischl,12,Alexander,Reischl,QB,177.0,6968.5,73,160.94
alexander-sobotta,41,Alexander,Sobotta,ILB,1.89,74.41,101,222.67
alexander-watholowitsch,49,Alexander,Watholotwitsch,ILB,1.83,72.05,102,224.87
ali-gundogdu,44,Ali,Gündoğdu,OLB,1.83,72.05,89,196.21
alihan-agackesen,10,Alihan,Ağaçkesen,WR,1.86,73.23,90,198.42
alkaly-cisse,24,Alkaly,Cisse,S,1.82,71.65,86,189.6
alp-burak-camlier,84,Alp Burak,Çamlıer,WR,1.78,70.08,83,182.98
alpay-burak-tatar,43,Alpay Burak,Tatar,DE,1.9,74.8,119,262.35
alper-kurtulus,51,Alper,Kurtuluş,OL,1.88,74.02,125,275.58
alper-pekozer,51,Alper,Peközer,OL,1.88,74.02,130,286.6
alperen-kucuk,25,Alperen,Küçük,CB,1.75,68.9,82,180.78
alperen-unlu,2,Alperen,Ünlü,OLB,1.88,74.02,104,229.28
alpha-jalloh,8,Alpha,Jalloh,WR,1.88,74.02,90,198.42
alvaro-lopez-lopez,75,Álvaro,López López,OL,1.74,68.5,106,233.69
ambroise-mati,52,Ambroise,Mati,OLB,1.83,72.05,97,213.85
amir-kilani,21,Amir,Kilani,S,1.8,70.87,94,207.23
anastassiadis-kiriakos,25,Anastassiadis,Kiriakos,DB,1.8,70.87,87,191.8
andre-dickmeis,17,Andre,Dickmeis,WR,1.86,73.23,80,176.37
andre-frisch,26,Andre,Frisch,RB,1.74,68.5,80,176.37
andre-rieckenberg,90,André,Rieckenberg,DE,1.97,77.56,120,264.55
andre-whyte,34,Andre,Whyte,S,1.85,72.83,97,213.85
andrei-karmakskikh,45,Andrei,Karmakskikh,CB,1.82,71.65,90,198.42
andy-vera,27,Andy,Vera,CB,1.7,66.93,80,176.37
anthony-abandzounou,90,Anthony,Abandzounou,DE,1.95,76.77,106,233.69
anthony-dable-wolf,11,Anthony,Dable-Wolf,WR,1.94,76.38,97,213.85
anthony-keith-williams,58,Anthony Keith,Williams,ILB,1.83,72.05,94,207.23
anthony-mahoungou,11,Anthony,Mahoungou,WR,1.93,75.98,96,211.64
anthony-wesley-baer,42,Anthony Wesley,Baer,LB,1.85,72.83,92,202.83
anton-doroshev,85,Anton,Doroshev,TE,1.88,74.02,108,238.1
anton-glusancov,59,Anton,Glusancov,OL,1.9,74.8,125,275.58
anton-jallai,13,Anton,Jallai,WR,1.91,75.2,98,216.05
anton-wegan,5,Anton,Wegan,WR,1.8,70.87,95,209.44
antoni-idziak,47,Antoni,Idziak,ILB,1.77,69.69,93,205.03
antonio-fischer,81,Antonio,Fischer,WR,1.81,71.26,90,198.42
antonio-monton,21,Antonio,Montón,RB,1.69,66.54,75,165.35
antony-rodrigues,7,Antony,Rodrigues,OLB,1.85,72.83,90,198.42
aril-rwantambara,82,Aril,Rwantambara,WR,1.8,70.87,81,178.57
arkady-naus,90,Arkady,Naus,DE,1.9,74.8,110,242.51
arnau-casamor,85,Arnau,Casamor,WR,1.87,73.62,83,182.98
arne-gehrt,3,Arne,Gehrt,S,1.76,69.29,78,171.96
arno-schwarz,16,Arno,Schwarz,CB,1.79,70.47,83,182.98
arnoud-holierhoek,66,Arnoud,Holierhoek,OL,1.98,77.95,136,299.83
arthur-pinheiro,93,Arthur,Pinheiro,DL,1.9,74.8,128,282.19
ashley-bailey,13,Ashley,Bailey,QB,1.85,72.83,85,187.39
aslan-zetterberg,92,Aslan,Zetterberg,DT,1.83,72.05,130,286.6
ata-han-atilgan,54,Ata Han,Atılgan,DE,1.83,72.05,105,231.49
atilla-isik,3,Atilla,Işık,S,1.83,72.05,89,196.21
axel-irigoite,78,Axel,Irigoite,OL,1.78,70.08,137,302.03
ayberk-kursunlu,67,Ayberk,Kurşunlu,OL,1.83,72.05,131,288.81
aykut-aslan,50,Aykut,Aslan,ILB,1.87,73.62,110,242.51
aytac-mercan,36,Aytaç,Mercan,RB,1.75,68.9,74,163.14
aziz-rebai,85,Aziz,Rebai,WR,1.92,75.59,85,187.39
bahadir-akbas,79,Bahadır,Akbaş,OL,1.92,75.59,146,321.87
bahadir-aslan,65,Bahadır,Aslan,OL,1.99,78.35,124,273.37
bais-kouanda,81,Bais,Kouanda,WR,1.78,70.08,80,176.37
baran-celik,10,Baran,Celik,ILB,1.8,70.87,102,224.87
barry-maruschke,28,Barry,Maruschke,CB,1.84,72.44,89,196.21
bartolome-flaquer,18,Bartolomé,Flaquer,QB,1.85,72.83,83,182.98
bartosz-dziedzic,15,Bartosz,Dziedzic,WR,1.87,73.62,83,182.98
bartosz-wozniak,89,Bartosz,Woźniak,S,1.9,74.8,85,187.39
basil-weber,72,Basil,Weber,OL,1.91,75.2,135,297.62
ben-baierl,90,Ben,Baierl,DT,1.93,75.98,120,264.55
ben-wenzler,33,Ben,Wenzler,CB,1.84,72.44,80,176.37
benedikt-assis,2,Benedikt,Assis,ILB,1.87,73.62,101,222.67
benedikt-lang,86,Benedikt,Lang,WR,1.83,72.05,83,182.98
benhur-ayra,78,Benhur,Ayra,OL,1.95,76.77,160,352.74
benhwoll-tchiyoko,7,Benhwoll,Tchiyoko,DB,1.85,72.83,86,189.6
benjamin-barnes,25,Benjamin,Barnes,WR,1.77,69.69,80,176.37
benjamin-bierbaumer,74,Benjamin,Bierbaumer,OL,1.98,77.95,128,282.19
benjamin-cerimagic,6,Benjamin,Cerimagic,DE,1.92,75.59,108,238.1
benjamin-mau,11,Benjamin,Mau,WR,2.01,79.13,104,229.28
benjamin-plu,12,Benjamin,Plu,WR,1.9,74.8,87,191.8
benjamin-rab,79,Benjamin,Rab,OL,1.9,74.8,135,297.62
benjamin-straight,23,Benjamin,Straight,S,1.83,72.05,88,194.01
berend-grube,94,Berend,Grube,DE,1.97,77.56,110,242.51
berkan-zaimoglu,99,Berkan,Zaimoğlu,DT,1.9,74.8,121,266.76
berker-esme,30,Berker ,Eşme,RB,1.82,71.65,99,218.26
biagio-caprino,27,Biagio,Caprino,DT,,,,
bilyal-ahmed,64,Bilyal,Ahmed,OT,1.88,74.02,155,341.72
blake-nelson,47,Blake,Nelson,DE,1.8,70.87,107,235.89
brandon-brooks,11,Brandon,Brooks,DB,1.88,74.02,83,182.98
brandon-camara,88,Brandon,Camara,TE,1.94,76.38,100,220.46
brian-tom-lohse,58,Brian-Tom,Lohse,OLB,1.88,74.02,105,231.49
brice-ulrich-tchouadje,75,Brice Ulrich,Tchouadje,DT,1.8,70.87,123,271.17
bryan-yankson,41,Bryan,Yankson,RB,1.73,68.11,88,194.01
bryan-zerbe,11,Bryan,Zerbe,WR,1.85,72.83,90,198.42
burak-efendioglu,55,Burak,Efendioglu,ILB,1.83,72.05,100,220.46
burak-karacor,92,Burak,Karaçor,DE,1.87,73.62,108,238.1
burak-tatar,73,Burak,Tatar,DE,1.93,75.98,122,268.96
calvin-schuld,50,Calvin,Schuld,ILB,1.78,70.08,80,176.37
calvin-stitt,6,Calvin,Stitt,QB,1.8,70.87,,
caner-dundar,29,Caner,Dündar,S,1.75,68.9,79,174.17
carlos-guillen,77,Carlos,Guillén,OL,1.88,74.02,116,255.74
cedric-konig,,Cedric,König,DB,1.93,75.98,93,205.03
cedric-ouattara,79,Cedric,Ouattara,OL,1.8,70.87,140,308.65
cedric-udegbe,94,Cedric,Udegbe,DE,1.92,75.59,112,246.92
celestin-ngimbi,60,Celestin,Ngimbi,OL,1.87,73.62,135,297.62
cem-altuntas,54,Cem,Altuntas,OL,1.8,70.87,110,242.51
cesar-sawane,26,César,Sawane Garcia,CB,1.8,70.87,85,187.39
cesare-brugnani,10,Cesare,Brugnani,OLB,1.8,70.87,86,189.6
cevad-kucuksengun,70,Cevad,Küçükşengün,OL,1.9,74.8,141,310.85
chad-walrond,32,Chad,Walrond,S,1.8,70.87,88,194.01
charleus-dieuseul,45,Charleus,Dieuseul,ILB,1.85,72.83,102,224.87
chaska-remy-perron,22,Chaska Remy,Perron,CB,1.82,71.65,84,185.19
cheikhou-sow,84,Cheikhou,Sow,WR,1.76,69.29,80,176.37
chris-manser,18,Chris,Manser,P,1.81,71.26,,
chris-richardson-jr,94,Chris,Richardson Jr.,DT,1.87,73.62,142,313.06
chris-schlack,52,Chris,Schlack,LB,1.78,70.08,90,198.42
chris-voumbo,23,Chris,Voumbo,RB,1.8,70.87,102,224.87
christian-romer,10,Christian,Römer,ILB,1.87,73.62,90,198.42
christian-van-horn,95,Christian,Van Horn,DT,1.83,72.05,120,264.55
christoph-kellner,22,Christoph,Kellner,CB,1.7,66.93,75,165.35
christoph-nitzlnader,8,Christoph,Nitzlnader,CB,1.83,72.05,84,185.19
christoph-schob,78,Christoph,Schob,OL,1.95,76.77,140,308.65
christopher-ezeala,9,Christopher,Ezeala,RB,1.83,72.05,109,240.3
christopher-hans,93,Christopher,Hans,DE,1.87,73.62,120,264.55
clemens-walz,51,Clemens,Walz,OL,1.83,72.05,115,253.53
cody-smith,10,Cody,Smith,S,1.85,72.83,91,200.62
collins-kamara,22,Collins,Kamara,RB,1.77,69.69,88,194.01
connor-bolton,56,Connor,Bolton,OL,1.96,77.17,150,330.69
conor-miller,8,Conor,Miller,QB,1.95,76.77,100,220.46
conrad-schmid,79,Conrad,Schmid,OL,2.0,78.74,125,275.58
constantin-lassing,54,Constantin,Lässing,LB,1.78,70.08,98,216.05
courtney-etienne,81,Courtney,Etienne,S,1.78,70.08,89,196.21
curtis-slater,25,Curtis,Slater,DB,1.75,68.9,83,182.98
dale-warren,20,Dale,Warren,LB,1.84,72.44,104,229.28
damian-krawiec,73,Damian,Krawiec,OL,1.84,72.44,150,330.69
damian-kwiatkowski,13,Damian,Kwiatkowski,RB,1.87,73.62,91,200.62
damian-wesolowski,93,Damian,Wesolowski,DT,1.94,76.38,125,275.58
daniel-bria,,Daniel,Bria,OL,1.91,75.2,130,286.6
daniel-brown,25,Daniel,Brown,CB,1.8,70.87,80,176.37
daniel-claus,77,Daniel,Claus,OL,2.03,79.92,150,330.69
daniel-docal,21,Daniel,Docal,DB,1.75,68.9,84,185.19
daniel-duah,1,Daniel,Duah,CB,1.78,70.08,93,205.03
daniel-fankhauser,78,Daniel,Fankhauser,OL,1.92,75.59,132,291.01
daniel-farley,7,Daniel,Farley,QB,1.88,74.02,91,200.62
daniel-franco,90,Daniel,Franco,DT,1.88,74.02,122,268.96
daniel-josiah,53,Daniel,Josiah,ILB,1.83,72.05,95,209.44
daniel-laporte,57,Daniel,Laporte,ILB,1.85,72.83,97,213.85
daniel-meza,5,David,Meza,TE,1.95,76.77,115,253.53
daniel-monfared,52,Daniel,Monfared,ILB,1.83,72.05,95,209.44
daniel-piatkowski,19,Daniel,Piątkowski,S,1.87,73.62,95,209.44
daniel-pozarek,99,Daniel,Pozarek,DT,1.88,74.02,108,238.1
daniel-rennich,23,Daniel,Rennich,RB,1.83,72.05,92,202.83
daniel-rotermel,46,Daniel,Rotärmel,LB,1.94,76.38,110,242.51
daniel-schonet,42,Daniel,Schönet,ILB,1.84,72.44,100,220.46
daniel-schuhmacher,2,Daniel,Schuhmacher,K,1.89,74.41,89,196.21
daniel-thiele,90,Daniel,Thiele,DT,1.96,77.17,140,308.65
daniel-weiswange,12,Daniel,Weiswange,WR,1.7,66.93,82,180.78
danny-lange,84,Danny,Lange,K,1.89,74.41,78,171.96
danny-washington,2,Danny,Washington ,LB,1.76,69.29,95,209.44
dante-vandeven,9,Dante,Vandeven,QB,1.87,73.62,97,213.85
dany-lamy,31,Dany,Lamy,CB,1.88,74.02,87,191.8
darius-lewis,28,Darius,Lewis,CB,1.78,70.08,86,189.6
darius-robinson,1,Darius,Saint-Robinson,CB,1.83,72.05,82,180.78
darko-pisaric,72,Darko,Pisaric,DT,1.93,75.98,117,257.94
darnell-minton,52,Darnell,Minton,OL,2.01,79.13,125,275.58
dartez-jacobs,24,Dartez,Jacobs,S,1.88,74.02,93,205.03
david-izinyon,53,David,Izinyon,ILB,1.85,72.83,113,249.12
david-kovacevic,24,David,Kovacevic,RB,1.79,70.47,93,205.03
david-mccants,21,David,McCants,RB,1.73,68.11,89,196.21
david-rauter,64,David,Rauter,OL,1.95,76.77,138,304.24
david-schuler,16,David,Schüler,WR,1.91,75.2,97,213.85
david-weinstock,69,David,Weinstock,OL,1.86,73.23,127,279.99
david-yu,6,David,Yu,QB,1.88,74.02,90,198.42
davion-washington,,Davion,Washington,CB,1.82,71.65,,
dawid-brzozowski,22,Dawid,Brzozowski,RB,1.79,70.47,85,187.39
dawid-panczyszyn,12,Dawid,Pańczyszyn,K,1.73,68.11,85,187.39
dean-tanwani,8,Dean,Tanwani,RB,1.7,66.93,91,200.62
denis-dauben,41,Denis,Dauben,FB,1.83,72.05,106,233.69
denis-william-butz,96,Denis William,Butz,DT,1.8,70.87,132,291.01
dennis-gratza,55,Dennis,Gratza,ILB,1.75,68.9,97,213.85
dennis-kenzler,74,Dennis,Kenzler,OL,1.99,78.35,130,286.6
dennis-laas,34,Dennis,Laas,DB,1.88,74.02,94,207.23
dennis-tasic,2,Dennis,Tasic,K,1.86,73.23,110,242.51
deon-mutsvanemoto,55,Deon,Mutsvanemoto,OL,1.9,74.8,140,308.65
derrick-brumfield,91,Derrick,Brumfield,DE,1.93,75.98,105,231.49
desmond-cooper,23,Desmond,Cooper,DB,1.92,75.59,100,220.46
devin-heckstall,16,Devin,Heckstall,WR,1.98,77.95,86,189.6
diego-antonio-arboleda-sanchez,80,Diego Antonio,Arboleda Sanchez,WR,2.0,78.74,104,229.28
domenik-rofalski,82,Domenik,Rofalski,TE,1.91,75.2,103,227.08
dominic-grone,14,Dominic,Gröne,WR/K/P,1.86,73.23,95,209.44
dominic-siegel,91,Dominic,Siegel,DE,1.92,75.59,115,253.53
dominic-yaw-aboagye-duah,29,Dominic Yaw,Aboagye-Duah,DB,1.86,73.23,,
dominik-banse,15,Dominik,Banse,CB,1.79,70.47,84,185.19
dominik-behrens,68,Dominik,Behrens,OL,1.95,76.77,128,282.19
dominik-wunsche,34,Dominik,Wünsche,CB,1.92,75.59,89,196.21
dominique-pfeffer,32,Dominique,Pfeffer,DB,1.75,68.9,83,182.98
dominique-shelton,5,Dominique,Shelton,S,1.75,68.9,88,194.01
doruk-sut,16,Doruk,Şut,WR,1.83,72.05,83,182.98
dusan-novakovic,90,Dušan,Novaković,DT,1.9,74.8,110,242.51
dustin-dennerlein,91,Dustin,Dennerlein,DL/LS,1.87,73.62,118,260.15
dustin-illetschko,41,Dustin,Illetschko,ILB,1.81,71.26,97,213.85
dustin-mohrdieck,55,Dustin,Mohrdieck,ILB,1.86,73.23,105,231.49
dylan-bakker,52,Dylan,Bakker,LB,1.86,73.23,110,242.51
eduardo-gonzalez,79,Eduardo,Sanchez González,OL,1.97,77.56,160,352.74
edwin-elio,98,Edwin,Elio,DT,1.81,71.26,135,297.62
efe-baran,26,Efe,Baran,WR,1.78,70.08,87,191.8
efekan-akgun,29,Efekan,Akgün,CB,1.73,68.11,78,171.96
ege-altug-sankaya,18,Ege Altuğ,Sarıkaya,RB,1.73,68.11,84,185.19
ege-berk-inanc,11,Ege Berk,İnanç,WR,1.89,74.41,92,202.83
eldert-terekuu,33,Eldert,Terekuu,CB,1.8,70.87,92,202.83
elias-becher,62,Elias,Becher,OL,1.9,74.8,142,313.06
elias-rodriguez,34,Elías,Rodríguez,RB,1.73,68.11,85,187.39
elijah-bohm,22,Elijah,Böhm,DE,1.84,72.44,109,240.3
elvys-nunez,64,Elvys,Núñez,OL,1.86,73.23,135,297.62
emil-drossard,17,Emil,Drossard,WR,1.75,68.9,78,171.96
emir-sariyildiz,88,Emir,Sarıyıldız,TE,1.9,74.8,108,238.1
emre-dumlupinar,72,Emre,Dumlupınar,OL,1.9,74.8,132,291.01
emre-ozdemir,24,Emre,Özdemir,CB,1.8,70.87,82,180.78
emre-zengin,59,Emre ,Zengin,ILB,1.88,74.02,100,220.46
enrico-pascual,15,Enrico,Pascual,WR,1.8,70.87,77,169.76
enzo-mensah,25,Enzo,Mensah,OLB,1.94,76.38,112,246.92
erdem-altun,76,Erdem,Altun,OL,1.78,70.08,117,257.94
eric-adam,92,Eric,Adam,DE,1.97,77.56,110,242.51
eric-de-souza,62,Eric,De Souza,DT,1.97,77.56,140,308.65
eric-schlomm,8,Eric,Schlomm,K/P,1.77,69.69,82,180.78
erich-kilger,14,Erich,Kilger,WR,1.8,70.87,94,207.23
evans-yeboah,95,Evans,Yeboah,DT,1.94,76.38,125,275.58
exavier-edwards,7,Exavier,Edwards,S,1.77,69.69,88,194.01
fabian-abfalter,80,Fabian,Abfalter,WR,1.86,73.23,90,198.42
fabian-kratz,73,Fabian,Kratz,OL,1.97,77.56,110,242.51
fabian-weigel,81,Fabian,Weigel,WR,1.81,71.26,86,189.6
fabio-tartarotti,36,Fabio,Tartarotti,CB,1.85,72.83,85,187.39
fabrizio-umetelli,34,Fabrizio,Umetelli,CB,1.83,72.05,83,182.98
falco-paris,48,Falco,Paris,DE,1.89,74.41,112,246.92
falk-reuter,30,Falk,Reuter,S,1.83,72.05,89,196.21
felix-haufe,91,Felix,Haufe,DL,1.75,68.9,135,297.62
felix-lepper,75,Felix,Lepper,OL,2.05,80.71,125,275.58
felix-macher,91,Felix,Macher,DE,1.78,70.08,103,227.08
felix-mohlberg,33,Felix,Mohlberg,S,1.82,71.65,84,185.19
felix-reisacher,19,Felix,Reisacher,WR,1.88,74.02,94,207.23
felix-siegert,94,Felix,Siegert,DE,1.91,75.2,105,231.49
felix-spliteser,89,Felix,Spliteser,WR,1.98,77.95,95,209.44
femi-durojaiye,3,Femi,Durojaiye,DB,1.8,70.87,80,176.37
fernando-lowery,18,Fernando,Lowery,CB,1.8,70.87,89,196.21
ferras-el-hendi,3,Ferras,El-Hendi,QB,1.93,75.98,95,209.44
filip-kloskowski,37,Filip ,Kłoskowski,LB,1.91,75.2,102,224.87
filip-liberio-filipovic,53,Filip-Liberio,Filipovic,DL,1.9,74.8,115,253.53
filip-snopek,52,Filip,Snopek,DE,1.94,76.38,122,268.96
filip-twardowski,11,Filip,Twardowski,K,1.84,72.44,95,209.44
filip-vlajic,34,Filip,Vlajic,RB,1.72,67.72,78,171.96
finn-seibert,24,Finn,Seibert,WR,1.87,73.62,90,198.42
firat-aybek,56,Firat,Aybek,OL,1.9,74.8,165,363.76
flamur-simon,57,Flamur,Simon,OLB,1.96,77.17,115,253.53
florian-albrecht,24,Florian,Albrecht,CB,1.8,70.87,82,180.78
florian-barthel,71,Florian,Barthel,OL,1.92,75.59,150,330.69
florian-bierbaumer,89,Florian,Bierbaumer,WR,1.98,77.95,116,255.74
florian-borger,26,Florian,Borger,S,1.78,70.08,105,231.49
florian-breitenbach,96,Florian,Breitenbach,DL,1.8,70.87,105,231.49
florian-eichhorn,87,Florian,Eichhorn,TE,1.89,74.41,106,233.69
florian-finke,9,Florian,Finke,P,1.87,73.62,105,231.49
florian-gerlach,76,Florian,Gerlach,OL,2.0,78.74,130,286.6
florian-giese,25,Florian,Giese,RB,1.78,70.08,105,231.49
florian-grunsteidl,94,Florian,Grünsteidl,DT,1.91,75.2,125,275.58
florian-jobst,20,Florian,Jobst,CB,1.84,72.44,86,189.6
florian-kallwitz,71,Florian,Kallwitz,OL,1.87,73.62,135,297.62
florian-markus,51,Florian,Markus,OL,1.8,70.87,105,231.49
florian-rosenberger,61,Florian ,Rosenberger,OL,1.9,74.8,155,341.72
florian-schneikert,27,Florian,Schneikert,RB,1.93,75.98,100,220.46
florian-sudi,75,Florian,Sudi,DT,1.97,77.56,145,319.67
florian-wegan,3,Florian,Wegan,RB,1.68,66.14,94,207.23
francesco-runco,66,Francesco,Runco,OL,1.94,76.38,135,297.62
francis-bongwalanga,71,Francis,Bongwalanga,OL,1.94,76.38,136,299.83
frank-atunlese,71,Frank,Atunlese,OL,1.92,75.59,142,313.06
frederic-latour,14,Frederic,Latour,WR,1.93,75.98,90,198.42
frederick-weinreich,78,Frederick,Weinreich,OL,1.85,72.83,125,275.58
frederik-schneider,79,Frederik,Schneider,OL,1.94,76.38,120,264.55
friedemann-peters,75,Friedemann,Peters,OL,1.96,77.17,140,308.65
gabriel-cunningham,1,Gabriel,Cunningham,QB,1.9,74.8,95,209.44
gabriel-kalus,30,Gabriel,Kalus,CB,1.77,69.69,80,176.37
gabriel-rodriguez,77,Gabriel,Rodríguez,OL,2.0,78.74,148,326.28
gabriel-wiek,93,Gabriel,Wiek,DE,1.91,75.2,110,242.51
gennadiy-adams,21,Gennadiy,Adams,RB,1.73,68.11,86,189.6
gerald-ameln,20,Gerald,Ameln,RB,1.8,70.87,88,194.01
gerd-mitterdorfer,59,Gerd,Mitterdorfer,OL,1.82,71.65,118,260.15
giacomo-de-pauli,5,Giacomo,De Pauli,RB,1.88,74.02,102,224.87
giacomo-prati,2,Giacomo,Prati,DE,1.92,75.59,114,251.33
gian-de-guzman,51,Gian,De Guzman,OL,1.81,71.26,130,286.6
gideon-grabert,71,Gideon,Grabert,OL,1.91,75.2,138,304.24
gino-behling-lang,88,Gino,Behling-Lang,DT,1.98,77.95,130,286.6
gino-chongo,4,Gino,Chongo,CB,1.84,72.44,85,187.39
giorgio-tavecchio,8,Giorgio,Tavecchio,K,1.78,70.08,82,180.78
giovanni-nanguy,56,Giovanni,Nanguy,OLB,1.92,75.59,105,231.49
glen-toonga,7,Glen,Toonga,RB,1.77,69.69,97,213.85
glody-ngovo,4,Glody,Ngovo,RB,1.8,70.87,85,187.39
goran-zec,5,Goran,Zec,S,1.8,70.87,84,185.19
grzegorz-lary,26,Grzegorz,Lary,CB,1.83,72.05,77,169.76
grzegorz-piotrowski,28,Grzegorz,Piotrowski,DB,1.82,71.65,90,198.42
guillem-visent,82,Guillem,Visent,WR,1.8,70.87,89,196.21
guillermo-bahillo,50,Guillermo,Bahillo,LB,1.84,72.44,80,176.37
hamsa-el-zein,50,Hamsa,El-Zein,DT,1.88,74.02,140,308.65
hamudi-chehab,38,Hamudi,Chehab,DB,1.8,70.87,73,160.94
hannes-darley,69,Hannes,Darley,OL,1.93,75.98,112,246.92
harlan-kwofie,10,Harlan,Kwofie,WR,1.89,74.41,99,218.26
hendrik-schwarz,82,Hendrik,Schwarz,WR,1.9,74.8,90,198.42
henning-knuth,70,Henning,Knuth,OL,1.9,74.8,150,330.69
henri-perl,77,Henri,Perl,OL,1.98,77.95,150,330.69
hiswill-awuah,98,Hiswill,Awuah,DT,1.8,70.87,130,286.6
hubert-jarmuz,57,Hubert,Jarmuż,OL,1.98,77.95,115,253.53
hubert-ogrodowczyk,8,Hubert,Ogrodowczyk,ILB,1.82,71.65,103,227.08
huseyin-akay,62,Hüseyin,Akay,DT,1.86,73.23,144,317.47
ian-gehrke,18,Ian,Gehrke,QB,1.87,73.62,90,198.42
ibrahim-eldewieh,23,Ibrahim ,Eldewieh,S,1.78,70.08,86,189.6
idriss-ramky,7,Idriss,Ramky,WR,1.88,74.02,89,196.21
igor-maslanka,87,Igor,Mašlanka,TE,1.96,77.17,115,253.53
iiro-pekkarinen,31,Iiro,Pekkarinen,CB,1.85,72.83,88,194.01
ilhan-efe-geyik,7,İlhan Efe,Geyik,DE,1.88,74.02,112,246.92
ilias-werner-maragos,78,Ilias Werner,Maragos,OL,1.93,75.98,129,284.4
irvin-santana,79,Irvin,Santana,OL,1.8,70.87,122,268.96
isaiah-green,1,Isaiah,Green,QB,1.88,74.02,99,218.26
ismail-can-balta,57,Ismail Can,Balta,OL,1.88,74.02,115,253.53
ivan-gutierrez,55,Iván,Gutiérrez,ILB,1.86,73.23,89,196.21
ivan-iordanov,88,Iván,Iordanov,WR,1.9,74.8,83,182.98
jacek-wszol,90,Jacek,Wszół,DL,1.86,73.23,105,231.49
jackson-erdmann,9,Jackson,Erdmann,QB,1.95,76.77,98,216.05
jacob-templar,1,Jacob,Templar,P/WR,1.93,75.98,99,218.26
jacob-wright,,Jacob,Wright,,1.82,71.65,90,198.42
jadrian-clark,18,Jadrian,Clark,QB,1.9,74.8,95,209.44
jahn-jesus-lara-perez,95,Jahn Jesus,Lara Perez,DE,1.88,74.02,122,268.96
jai-jackson,75,Jai,Jackson,OL,1.91,75.2,107,235.89
jairus-moll,4,Jairus,Moll,CB,1.79,70.47,79,174.17
jakeb-sullivan,7,Jakeb,Sullivan,QB,1.85,72.83,88,194.01
jakob-bojko,15,Jakob,Bojko,WR,1.85,72.83,80,176.37
jakub-halicki,34,Jakub,Halicki,S,1.8,70.87,85,187.39
jakub-mazan,23,Jakub,Mazan,WR,1.89,74.41,91,200.62
jakub-wasiel,7,Jakub,Wąsiel,WR,1.72,67.72,,
jakub-zmaczynski,94,Jakub,Zmaczyński,DT,1.86,73.23,120,264.55
jaleel-awini,12,Jaleel,Awini,WR/QB,1.92,75.59,95,209.44
jalen-conwell,4,Jalen,Conwell,RB,1.77,69.69,80,176.37
jalen-embry,11,Ja'len,Embry,CB,1.82,71.65,88,194.01
jamaal-white,31,Jamaal,White,S,1.87,73.62,90,198.42
jamal-okeke,6,Jamal,Okeke,CB,1.77,69.69,68,149.91
jamalcolm-liggins,5,Jamalcolm,Liggins,CB,1.88,74.02,92,202.83
jamarii-milliken,29,Jamarii,Milliken,CB,1.8,70.87,86,189.6
jamen-werneke,32,Jamen,Werneke,RB,1.75,68.9,77,169.76
jan-chmiel,42,Jan,Chmiel,DE,1.84,72.44,104,229.28
jan-grischenig,82,Jan,Grischenig,WR,1.71,67.32,85,187.39
jan-hendrik-hoffmeyer,73,Jan-Hendrik,Hoffmeyer,OL,2.08,81.89,142,313.06
jan-hendrik-koch,74,Jan-Hendrik,Koch,OL,1.98,77.95,160,352.74
jan-korkuc,83,Jan,Korkuć,WR,1.87,73.62,85,187.39
jan-mayerhofer,3,Jan,Mayerhofer,S,1.81,71.26,84,185.19
jan-mika-hesseln,20,Jan Mika,Hesseln,CB,1.81,71.26,83,182.98
jan-niclas-dalbeck,79,Jan-Niclas,Dalbeck,OL,2.01,79.13,137,302.03
jan-phillip-bombek,5,Jan-Phillip,Bombek,OLB,1.93,75.98,110,242.51
jan-raus,65,Jan,Raus,OL,1.85,72.83,131,288.81
jan-steiger,71,Jan,Steiger,OL,1.98,77.95,115,253.53
jan-szwej,24,Jan,Szwej,RB,1.83,72.05,89,196.21
jan-weinreich,12,Jan,Weinreich,QB,1.93,75.98,93,205.03
janek-wenke,97,Janek,Wenke,DE,1.94,76.38,110,242.51
janez-von-renesse,81,Janez,von Renesse,WR,1.85,72.83,82,180.78
janis-hackenberg,10,Janis,Hackenberg,RB,1.84,72.44,89,196.21
janis-kaiser,10,Janis,Kaiser,QB,1.83,72.05,87,191.8
janis-lou-scharmer,43,Janis Lou,Schmarmer,FB,1.7,66.93,86,189.6
jannik-loercks,13,Jannik,Lörcks,WR,1.83,72.05,83,182.98
jannik-nowak,6,Jannik,Nowak,QB,1.8,70.87,87,191.8
jannik-seibel,4,Jannik,Seibel,CB,1.9,74.8,95,209.44
jannik-werblow,69,Jannik,Werblow,OL,1.97,77.56,130,286.6
japhet-maleka-mbala,44,Japhet Maleka,Mbala,ILB,1.75,68.9,89,196.21
jared-stegman,10,Jared,Stegman,QB,1.88,74.02,91,200.62
jaroslaw-lewszyk,22,Jarosław,Lewszyk,LB,1.81,71.26,91,200.62
jason-aguemon,21,Jason,Aguemon,RB,1.79,70.47,93,205.03
jason-chikere,97,Jason,Chikere,DT,1.91,75.2,127,279.99
jason-eid,23,Jason,Eid,CB,1.8,70.87,80,176.37
jason-kuhn,68,Jason,Kühn,OL,1.87,73.62,126,277.78
jasper-small,9,Jasper,Small,QB,1.86,73.23,87,191.8
jaume-llinas,85,Jaume,Llinas,WR,1.7,66.93,73,160.94
javier-barrena,83,Javier,Barrena,RB/WR,,,,
javier-carrasco-sanz,2,Javier,Carrasco Sanz,S,1.8,70.87,100,220.46
javier-castanon,24,Javier,Castañón,TE,1.8,70.87,88,194.01
jean-charles-moukouri,6,Jean-Charles,Moukouri,RB,1.73,68.11,95,209.44
jean-claude-madin-cerezo,10,Jean-Claude,Madin Cerezo,WR,1.86,73.23,95,209.44
jean-constant,5,Jean,Constant,WR,1.75,68.9,84,185.19
jedrzej-rudnicki,70,Jedrzej,Rudnicki,OL,1.95,76.77,121,266.76
jeffery-asare,53,Jeffery,Asare,OL,1.91,75.2,130,286.6
jeffrey-juurlink,35,Jeffrey,Juurlink,DB,1.85,72.83,86,189.6
jens-appelt,15,Jens,Appelt,K,1.85,72.83,90,198.42
jens-hauser,10,Jens,Hauser,K,1.81,71.26,96,211.64
jens-vogt,61,Jens,Vogt,OL,1.9,74.8,130,286.6
jens-walter,88,Jens,Walter,TE,1.93,75.98,110,242.51
jeremy-lang,82,Jeremy,Lang,WR,1.9,74.8,90,198.42
jeremy-sarfo,45,Jeremy,Sarfo,FB,1.8,70.87,107,235.89
jeremy-sommerwerk,40,Jeremy,Sommerwerk,ILB,1.75,68.9,105,231.49
jermaine-brealy-jr,11,Jermaine,Brealy Jr.,CB,1.8,70.87,86,189.6
jessie-wegner,52,Jessie,Wegner,OL,1.93,75.98,110,242.51
jhonattan-silva-gomez,43,Jhonattan,Silva Gomez,LB,1.88,74.02,105,231.49
joachim-bachmann,69,Joachim,Bachmann,DL,1.98,77.95,157,346.13
joachim-christensen,75,Joachim,Christensen,OL,1.95,76.77,140,308.65
joan-carles-bartra,13,Joan Carles,Bartra,S,1.8,70.87,90,198.42
jocques-crawford,1,Jocques,Crawford,RB,1.83,72.05,100,220.46
joe-germinerio,9,Joe ,Germinerio,QB,1.89,74.41,100,220.46
joel-cabre,51,Joel,Cabré,OLB,1.85,72.83,91,200.62
joel-plum,69,Joel,Plum,OL,1.97,77.56,119,262.35
johann-gisli-hummel,32,Jóhann Gísli,Hummel,RB,1.83,72.05,91,200.62
johann-heuck,12,Johann,Heuck,QB,1.96,77.17,88,194.01
johannes-schutz,14,Johannes,Schütz,WR,1.81,71.26,88,194.01
john-levi-kruse,44,John Levi,Kruse,TE,1.94,76.38,110,242.51
john-uribe,13,John,Uribe,QB,182.0,7165.35,92,202.83
johosaphat-kendrick-danso,18,Johosaphat Kendrick,Danso,S,1.86,73.23,87,191.8
jonas-breme,83,Jonas,Breme,WR,1.76,69.29,86,189.6
jonas-hagerup,70,Jonas,Hagerup,OL,200.0,7874.02,137,302.03
jonas-schenderlein,26,Jonas,Schenderlein,K,1.86,73.23,75,165.35
jonas-schmelzer,17,Jonas,Schmelzer,QB,1.9,74.8,88,194.01
jonas-schultes,50,Jonas ,Schultes,ILB,1.9,74.8,110,242.51
jonas-tykfer,42,Jonas,Tykfer,LB,1.9,74.8,100,220.46
jonata-loria,9,Jonata,Loria,K/P,1.78,70.08,70,154.32
jonathan-dietze,28,Jonathan,Dietze,S,1.74,68.5,80,176.37
jonathan-michael-corradini,32,Jonathan Michael,Corradini,DB,1.71,67.32,,
jonathan-peppler,76,Jonathan,Peppler,OL,1.94,76.38,150,330.69
jonathan-sieveke,23,Jonathan,Sieveke,CB,1.88,74.02,75,165.35
jonell-patrice-pelie,53,Jonell Patrice,Pelie,LB,1.72,67.72,92,202.83
jordan-barlow,8,Jordan,Barlow,QB,1.85,72.83,97,213.85
jordan-bouah,4,Jordan,Bouah,WR,1.8,70.87,88,194.01
jordi-brugnani,23,Jordi,Brugnani,CB,1.83,72.05,80,176.37
jordi-torrededia,80,Jordi,Torrededia,WR,1.77,69.69,74,163.14
jorge-aparicio,97,Jorge,Aparicio,DE,1.91,75.2,115,253.53
jorge-felix-velasco,5,Jorge Félix,Velasco,S,1.73,68.11,80,176.37
jose-ariza,72,Jose Rafael,Ariza Paredes,OL,1.92,75.59,147,324.08
josef-fuksa,52,Josef,Fuksa,OL,2.07,81.5,135,297.62
josep-tricas,53,Josep,Tricas,LS,1.83,72.05,105,231.49
joshua-lang,83,Joshua,Lang,WR,1.85,72.83,82,180.78
joshua-mack,28,Joshua,Mack,RB,1.84,72.44,94,207.23
joshua-nikolai-jacob,26,Joshua Nikolai,Jacob,RB,1.75,68.9,90,198.42
joshua-olaiya,71,Joshua,Olaiya,OL,,,,
joshua-petersen,5,Joshua,Petersen,QB,1.96,77.17,100,220.46
joshua-poznanski,14,Joshua,Poznanski,S,1.9,74.8,98,216.05
joshua-sauren,47,Joshua,Sauren,LB,1.88,74.02,100,220.46
josip-gazibaric,41,Josip,Gazibaric,ILB,1.84,72.44,95,209.44
juan-hervas,82,Juan,Hervás,WR,1.81,71.26,72,158.73
julian-ampaw,34,Julian,Ampaw,RB,1.86,73.23,,
julian-jakob,21,Julian,Jakob,CB,1.82,71.65,78,171.96
julian-ludwig-mayorga,32,Julian,Ludwig-Mayorga,S,1.82,71.65,80,176.37
julian-perfler,55,Julian,Perfler,ILB,1.85,72.83,103,227.08
julian-volker,3,Julian,Völker,DE,1.99,78.35,115,253.53
julian-volling,15,Julian,Völling,WR,1.83,72.05,86,189.6
julian-zorz,5,Julian,Zorz,RB,1.84,72.44,93,205.03
junior-de-souza-briele,99,Junior,De Souza Briele,DT,1.87,73.62,122,268.96
junior-nkembi,19,Junior,Nkembi,S,1.86,73.23,,
justice-hansen,11,Justice,Hansen,QB,1.9,74.8,102,224.87
justin-rodney,33,Justin,Rodney,RB,1.74,68.5,85,187.39
justin-rogers,23,Justin,Rogers,CB,1.8,70.87,85,187.39
justin-schlesinger,10,Justin,Schlesinger,WR,1.8,70.87,75,165.35
justin-wiedelbach,24,Justin,Wiedelbach,K,1.83,72.05,93,205.03
justus-sleiman,58,Justus,Sleiman,DE,1.88,74.02,120,264.55
kaan-ozcan,21,Kaan,Özcan,RB,1.74,68.5,84,185.19
kaan-ozer,13,Kaan,Özer,WR,1.87,73.62,90,198.42
kacper-bogdanski,44,Kacper,Bogdański,TE/ FB,1.73,68.11,103,227.08
kacper-fiedziuk,14,Kacper,Fiedziuk,WR,1.96,77.17,98,216.05
kacper-oldak,49,Kacper,Ołdak,ILB,1.82,71.65,95,209.44
kacper-pawlak,56,Kacper,Pawlak,DL,1.82,71.65,115,253.53
kacper-rokicinski,20,Kacper,Rokiciński,CB,1.8,70.87,83,182.98
kadel-king,40,Kadel,King,LB,1.91,75.2,106,233.69
kai-hunter,22,Kai,Hunter,RB,1.76,69.29,85,187.39
kai-schiffer,18,Kai,Schiffer,WR,1.9,74.8,93,205.03
kai-wullbrandt,79,Kai,Wullbrandt,OL,2.0,78.74,126,277.78
kajetan-korzynski,68,Kajetan,Korżyński,OL,1.85,72.83,120,264.55
kalon-beverly,4,Kalon,Beverly,CB,1.87,73.62,83,182.98
kamil-kotlarz,28,Kamil,Kotlarz,RB,1.75,68.9,85,187.39
kamil-kur,71,Kamil,Kur,OL,1.84,72.44,107,235.89
kamil-muller,83,Kamil,Muller,WR,1.84,72.44,88,194.01
kamil-piatek,65,Kamil,Piątek,OL,1.86,73.23,130,286.6
kamil-ruta,6,Kamil,Ruta,OLB,1.87,73.62,112,246.92
karim-ben-el-ghali,24,Karim,Ben El Ghali,CB,1.8,70.87,80,176.37
karlis-brauns,54,Karlis,Brauns,DE,1.97,77.56,120,264.55
kasim-edebali,91,Kasim,Edebali,OLB,1.89,74.41,108,238.1
kasper-bongaerts,48,Kasper,Bongaerts,LB,1.83,72.05,90,198.42
kavontae-turpin,12,KaVontae,Turpin,WR,1.75,68.9,72,158.73
kay-wagner,97,Kay,Wagner,DT,1.85,72.83,128,282.19
keanu-ebanks,68,Keanu,Ebanks,OL,1.97,77.56,,
kelian-mouliom,83,Kelian,Mouliom,WR,1.87,73.62,85,187.39
kende-rathonyi,33,Kende,Rathonyi,RB,1.84,72.44,93,205.03
kenneth-komlan-soussoukpo,33,Kenneth Komlan,Soussoukpo,DB,1.9,74.8,90,198.42
kevin-bannasch,37,Kevin,Bannasch,S,1.83,72.05,89,196.21
kevin-foitzik,60,Kevin,Foitzik,OL,1.85,72.83,136,299.83
kevin-fortes,15,Kevin,Fortes,S,1.9,74.8,93,205.03
kevin-hummel,14,Kevin,Hummel,OLB,1.78,70.08,99,218.26
kevin-maier,99,Kevin,Maier,DE,1.93,75.98,108,238.1
kevin-meeder,23,Kevin,Meeder,DB,1.8,70.87,83,182.98
kevin-mwamba,87,Kevin,Mwamba,TE,1.87,73.62,118,260.15
kimi-linnainmaa,17,Kimi ,Linnainmaa ,WR,1.78,70.08,84,185.19
koku-giede,98,Koku,Giede,DE,1.93,75.98,110,242.51
kolin-hill,45,Kolin,Hill,DE,1.93,75.98,117,257.94
konrad-orzechowski,73,Konrad,Orzechowski,OL,1.98,77.95,125,275.58
konrad-paszkiewicz,51,Konrad,Paszkiewicz,DT,1.8,70.87,110,242.51
konrad-starczewski,40,Konrad,Starczewski,FB,1.8,70.87,125,275.58
konrad-stepien,58,Konrad,Stępień,OLB,1.84,72.44,104,229.28
konstantin-katz,31,Konstantin,Katz,CB,1.83,72.05,83,182.98
kris-wedderburn,11,Kris,Wedderburn,WR,1.88,74.02,95,209.44
krzysztof-wis,35,Krzysztof,Wis,OLB,1.92,75.59,100,220.46
kursad-pekun,20,Kürşad,Pekün,S,1.75,68.9,88,194.01
kwame-ofori,81,Kwame,Ofori,WR,1.92,75.59,95,209.44
kyle-kitchens,45,Kyle ,Kitchens,DE,1.88,74.02,118,260.15
kyle-sweet,17,Kyle,Sweet,WR,1.83,72.05,85,187.39
lamar-jordan,16,Lamar,Jordan II,WR,1.8,70.87,83,182.98
lance-leota,56,Lance,Leota,DT,1.85,72.83,140,308.65
lane-acheompong,78,Lane,Acheompong,OL,1.88,74.02,155,341.72
lars-hampel,61,Lars,Hampel,OL,1.84,72.44,145,319.67
lars-lennard-bardenhagen,49,Lars Lennard,Bardenhagen,ILB,1.86,73.23,100,220.46
lars-schiefer,24,Lars,Schiefer,CB,1.75,68.9,78,171.96
lars-steffen,29,Lars,Steffen,S,1.84,72.44,93,205.03
lasse-meyer,25,Lasse,Meyer,CB,1.81,71.26,85,187.39
lasse-rave,58,Lasse,Rave ,LB,1.83,72.05,97,213.85
laurin-wiegand,87,Laurin,Wiegand,TE,1.92,75.59,110,242.51
laurynas-orlovicius,92,Laurynas,Orlovicius,DT,1.91,75.2,138,304.24
lautaro-frecha,22,Lautaro,Frecha,S,1.88,74.02,95,209.44
lawrence-cornwall-baptiste,66,Lawrence,Cornwall-Baptiste,OL,1.95,76.77,140,308.65
leander-carstensen,20,Leander,Carstensen,RB,1.75,68.9,91,200.62
leander-wiegand,71,Leander,Wiegand,OL,1.96,77.17,137,302.03
lennart-weitz,58,Lennart,Weitz,OLB,1.8,70.87,95,209.44
lenny-sadzik,79,Lenny,Sadzik,OL,1.96,77.17,155,341.72
leo-kober,19,Leo,Kober,QB,1.85,72.83,87,191.8
leo-leeser,18,Leo,Leeser,DB,1.8,70.87,80,176.37
leon-balogh,1,Leon,Balogh,DE,1.94,76.38,110,242.51
leon-habich,73,Leon,Häbich,OL,1.9,74.8,125,275.58
leon-helm,44,Leon,Helm,FB,1.83,72.05,103,227.08
leon-huber,44,Leon,Huber,ILB,1.81,71.26,100,220.46
leon-kusterer,16,Leon,Kusterer,WR,1.8,70.87,80,176.37
leon-littfinski,,Leon,Littfinski,ILB,1.8,70.87,98,216.05
leon-michailidis,65,Leon Savvas,Michailidis,OL,1.85,72.83,160,352.74
leonhard-gerner,21,Leonhard,Gerner,CB,1.85,72.83,85,187.39
leroy-stryewski,86,LeRoy,Stryewski,TE,1.95,76.77,105,231.49
lesar-duran,13,Lesar,Duran,WR,1.93,75.98,97,213.85
lewis-thomas,63,Lewis,Thomas,OL,1.88,74.02,130,286.6
lion-deckwarth,32,Lion,Deckwarth,ILB,1.87,73.62,100,220.46
logan-moragne,22,Logan,Moragne,RB,1.83,72.05,89,196.21
long-hoang,49,Long,Hoang,LB,1.74,68.5,85,187.39
lorenz-regler,86,Lorenz,Regler,WR,1.95,76.77,85,187.39
lorenzo-deiana,59,Lorenzo,Deiana,OLB,1.9,74.8,118,260.15
louis-achaintre,40,Louis,Achaintre,ILB,1.88,74.02,100,220.46
louis-geyer,18,Louis,Geyer,WR,1.88,74.02,90,198.42
louis-muller,27,Louis,Müller,CB,1.77,69.69,88,194.01
louis-rieger,16,Louis,Rieger,DB,1.77,69.69,83,182.98
luc-schneider,24,Luc,Schneider,RB,1.71,67.32,85,187.39
luca-dohn,60,Luca,Dohn,OL,1.9,74.8,125,275.58
luca-faschian,12,Luca,Faschian,WR,1.89,74.41,87,191.8
luca-lampe,48,Luca,Lampe,LB,1.93,75.98,95,209.44
luca-sack,83,Luca,Sack,WR,1.8,70.87,82,180.78
luca-weis,24,Luca,Weis,RB,1.84,72.44,88,194.01
lucas-hebel,62,Luca,Hebel,OL,1.93,75.98,145,319.67
lucas-masero,20,Lucas,Masero,CB,1.73,68.11,80,176.37
lucas-richter,27,Lucas,Richter,S,1.85,72.83,90,198.42
lucas-thiem,72,Lucas,Thiem,OL,1.9,74.8,125,275.58
lucas-veluire,38,Lucas,Veluire,CB,1.83,72.05,88,194.01
lucky-ogbevoen,29,Lucky,Ogbevoen,OLB,1.9,74.8,100,220.46
ludvig-myren,30,Ludvig,Myren,OLB,1.88,74.02,97,213.85
luis-cereceda,6,Luis,Cereceda,P,1.77,69.69,81,178.57
luis-fiedler,57,Luis,Fiedler,OLB,1.8,70.87,92,202.83
luis-horvath,32,Luis,Horvath,S,1.8,70.87,90,198.42
luis-moreno,80,Luis,Moreno,WR,1.84,72.44,90,198.42
luis-muller-atzerodt,14,Luis,Müller Atzerodt,DB,1.81,71.26,77,169.76
luis-sanchez,83,Luis,Sánchez,WR,1.8,70.87,79,174.17
lukas-birkel,85,Lukas,Birkel,WR,1.85,72.83,85,187.39
lukas-bockay,,Lukáš,Bočkay,OL,1.99,78.35,138,304.24
lukas-fink,86,Lukas,Fink,WR,1.85,72.83,85,187.39
lukas-haslwanter,24,Lukas,Haslwanter,RB,1.84,72.44,90,198.42
lukas-holub,71,Lukas,Holub,OL,1.94,76.38,120,264.55
lukas-huster,8,Lukas,Huster,WR,1.88,74.02,84,185.19
lukas-oconnor,2,Lukas,O'Connor,QB,1.93,75.98,98,216.05
lukas-rebensdorf,35,Lukas,Rebensdorf,DB,1.88,74.02,87,191.8
lukas-rehder,89,Lukas,Rehder,WR,1.93,75.98,92,202.83
lukas-ruoss,3,Lukas,Ruoss,ILB,1.92,75.59,104,229.28
lukas-stingl,74,Lukas,Stingl,OL,1.86,73.23,115,253.53
lukas-von-stumpfeldt,4,Lukas,von Stumpfeldt,QB,1.88,74.02,89,196.21
lukasz-gembara,97,Łukasz,Gembara,DT,1.85,72.83,130,286.6
maceo-beard,42,Maceo,Beard,S,1.89,74.41,92,202.83
maciej-krupa,88,Maciej,Krupa,WR,1.8,70.87,80,176.37
madre-london,28,Madre,London,RB,1.85,72.83,97,213.85
majan-jelvani,8,Majan,Jelvani,CB,1.88,74.02,95,209.44
malcolm-washington,2,Malcolm,Washington,CB,1.87,73.62,86,189.6
malik-becker,61,Malik,Becker,OL,1.78,70.08,135,297.62
malik-stanley,2,Malik,Stanley,WR,1.9,74.8,102,224.87
mamadou-sy,55,Mamadou,Sy,DT,1.96,77.17,130,286.6
mandy-uwadilachi,95,Mandy,Uwadilachi,DT,1.87,73.62,121,266.76
manuel-jovic,90,Manuel,Jovic,DE,1.92,75.59,115,253.53
manuel-lortzing-martinez,79,Manuel,Lortzing Martinez,OL,1.88,74.02,136,299.83
marc-anthony-hor,90,Marc Anthony,Hor,DT,1.87,73.62,130,286.6
marc-kuppinger,77,Marc,Kuppinger,OL,1.91,75.2,128,282.19
marcel-behm,96,Marcel,Behm,DT,1.82,71.65,128,282.19
marcel-camenz,73,Marcel,Camenz,OL,1.8,70.87,137,302.03
marcel-dabo,23,Marcel,Dabo,CB,1.84,72.44,,
marcel-furst,98,Marcel,Fürst,DE,1.95,76.77,128,282.19
marcel-steffen,44,Marcel,Steffen,DE,1.87,73.62,100,220.46
marcel-ulbrich,18,Marcel,Ulbrich,K,1.85,72.83,89,196.21
marcin-osumek,26,Marcin,Osumek,DB,1.86,73.23,86,189.6
marco-fischer,51,Marco,Fischer,OL,1.93,75.98,128,282.19
marco-gudding,79,Marco,Gudding,OL,1.86,73.23,133,293.21
marco-schneider,4,Marco,Schneider,WR,1.7,66.93,80,176.37
marcos-schlabitz,35,Marcos,Schlabitz,S,1.85,72.83,90,198.42
marcus-tullio-lucas,46,Marcus,Tullio Lucas,DE,1.88,74.02,112,246.92
marek-stajer,70,Marek,Stajer,OL,1.77,69.69,133,293.21
marian-deininger,81,Marian,Deininger,WR,1.88,74.02,80,176.37
mario-flores,15,Mario,Flores,WR,1.81,71.26,86,189.6
marius-faust,66,Marius,Faust,OL,1.9,74.8,123,271.17
marius-kensy,44,Marius,Kensy,ILB,1.85,72.83,112,246.92
marius-makert,55,Marius,Makert,ILB,1.8,70.87,98,216.05
marius-mohr,62,Marius,Mohr,OL,1.95,76.77,130,286.6
marius-riepe,26,Marius,Riepe,CB,1.82,71.65,91,200.62
mark-andrew-adjei,51,Mark Andrew,Adjei,ILB,1.78,70.08,93,205.03
mark-gorelik,44,Mark,Gorelik,LB,1.82,71.65,90,198.42
mark-herndon,24,Mark,Herndon,RB,1.75,68.9,95,209.44
mark-scherenberg,46,Mark,Scherenberg,S,1.83,72.05,93,205.03
marko-vidovic,73,Marko,Vidović,OL,2.02,79.53,130,286.6
markus-hachenberg,85,Markus,Hachenberg,WR,1.91,75.2,101,222.67
markus-riedel,80,Markus,Riedel,WR,1.81,71.26,85,187.39
markus-schaberl,85,Markus,Schaberl,TE,1.98,77.95,115,253.53
marlon-mbaye,30,Marlon,Mbaye,CB,,,,
marloshawn-franklin-jr,25,Marloshawn,Franklin Jr. ,DB,1.8,70.87,83,182.98
martin-emos,86,Martin,Emos,WR,1.9,74.8,92,202.83
martin-pinter,45,Martin ,Pinter,OLB,1.9,74.8,105,231.49
martin-strauss,54,Martin,Strauß,ILB,1.85,72.83,104,229.28
marvin-amankwah,9,Marvin,Amankwah,TE,1.85,72.83,100,220.46
marvin-djomou-djoupa,21,Marvin,Djomou Djopa,S,1.79,70.47,94,207.23
marvin-pludra,88,Marvin,Pludra,TE,1.98,77.95,136,299.83
marvin-roben,60,Marvin,Röben,OL,2.0,78.74,180,396.83
marvin-rutsch,13,Marvin,Rutsch,WR,1.8,70.87,82,180.78
marvin-wappl,92,Marvin,Wappl,DT,1.86,73.23,100,220.46
matan-lockitch,57,Matan,Lockitch,OL,1.78,70.08,116,255.74
matej-bencek,72,Matej,Bencek,OL,1.93,75.98,121,266.76
mateusz-dymek,98,Mateusz,Dymek,DL,1.85,72.83,104,229.28
mateusz-dzioban,24,Mateusz,Dzioban,S,1.83,72.05,83,182.98
mateusz-glogowski,56,Mateusz,Głogowski,OL,1.86,73.23,130,286.6
mateusz-konwent,73,Mateusz,Konwent,OL,1.85,72.83,128,282.19
mateusz-samczuk,61,Mateusz,Samczuk,OL,1.97,77.56,159,350.53
mateusz-wojakiewicz,87,Mateusz,Wojakiewicz,TE,1.93,75.98,110,242.51
mathias-roll-hummelmose,75,Mathias Roll,Hummelmose,OL,1.98,77.95,122,268.96
matt-adam,11,Matt,Adam,QB,1.86,73.23,102,224.87
matthew-daltrey,56,Matthew,Daltrey,OL,1.85,72.83,127,279.99
matthias-banjaqui,30,Matthias,Banjaqui,OLB,1.88,74.02,98,216.05
matthias-spiegel,40,Matthias,Spiegel,ILB,1.8,70.87,95,209.44
matthias-stockamp,73,Matthias,Stockamp,OL,1.91,75.2,143,315.26
matz-peters,96,Matz,Peters,DL,1.89,74.41,113,249.12
max-bahr,77,Max,Bähr,OL,1.88,74.02,114,251.33
max-bruder,51,Max,Bruder,OL,2.13,83.86,148,326.28
max-ebsen,42,Max,Ebsen,WR/K,1.8,70.87,95,209.44
max-schmidt,45,Max,Schmidt,FB,1.83,72.05,100,220.46
max-siemssen,15,Max,Siemssen,WR,1.9,74.8,90,198.42
maxime-de-falcis,24,Maxime,De Falcis,S,1.83,72.05,93,205.03
maxime-roger,21,Maxime,Roger,S,1.76,69.29,80,176.37
maxime-roussel,66,Maxime,Roussel,OT,1.92,75.59,115,253.53
maxime-rouyer,9,Maxime,Rouyer,ILB,1.85,72.83,106,233.69
maximilian-eisenhut,14,Maximilian,Eisenhut,P,1.87,73.62,95,209.44
maximilian-fitz,47,Maximilian,Fitz,ILB,1.93,75.98,100,220.46
maximilian-kempchen,72,Maximilian,Kempchen,OL,1.92,75.59,113,249.12
maximilian-kranz,23,Maximilian,Kranz,CB,1.79,70.47,76,167.55
maximilian-loetz,98,Maximilian,Loetz,DL,1.93,75.98,135,297.62
maximilian-michael-donalies,85,Maximilian Michael,Donalies,TE,2.0,78.74,113,249.12
maximilian-mullner,99,Maximilian,Müllner,DT,1.85,72.83,126,277.78
maximilian-oebels,54,Maximilian,Oebels,ILB,1.8,70.87,98,216.05
maximilian-schmidt,54,Maximilian,Schmidt,OLB,1.89,74.41,98,216.05
maximilian-wessel,14,Maximilian,Wessel,S,1.81,71.26,92,202.83
maximillian-krauss,57,Maximilian,Krauss,ILB,1.86,73.23,105,231.49
mehmet-furkan-sarikatipoglu,32,Mehmet Furkan,Sarıkatipoğlu,K,1.83,72.05,108,238.1
mete-konya,95,Mete,Konya,DT,1.83,72.05,117,257.94
michael-bausch,8,Michael,Bausch,ILB,1.85,72.83,90,198.42
michael-birdsong,3,Michael,Birdsong,QB,1.95,76.77,105,231.49
michael-habetin,70,Michael,Habetin,OL,1.89,74.41,115,253.53
michael-hinterwirth-haider,57,Michael,Hinterwirth-Haider,OL,1.87,73.62,147,324.08
michael-kimpiabi,49,Michael,Kimpiabi,DT,1.95,76.77,138,304.24
michael-ofosuhene,85,Michael,Ofosuhene,WR,1.81,71.26,88,194.01
michael-sam,52,Michael,Sam,DE,1.88,74.02,116,255.74
michael-schachermayr,13,Michael,Schachermayr,WR,1.82,71.65,88,194.01
michael-starck,99,Michael,Starck,DT,1.98,77.95,120,264.55
michael-winterlik,16,Michael,Winterlik,QB,1.79,70.47,70,154.32
michal-faber,71,Michał ,Faber,DL,,,,
michal-goszczynski,84,Michał,Goszczyński,WR,1.97,77.56,92,202.83
michal-zieta,,Michał ,Zięta,WR,1.81,71.26,82,180.78
miguel-alessandro-boock,3,Miguel Alessandro,Boock,ILB,1.81,71.26,88,194.01
miguel-angel-kabankaya,78,Maiguel Angel,Kabankaya,OL,1.95,76.77,135,297.62
mikail-tatli,50,Mikail,Tatlı,ILB,1.88,74.02,106,233.69
mike-breuler,6,Mike,Breuler,WR,1.89,74.41,95,209.44
mike-taylor-iii,,Mike,Taylor III,DL,1.87,73.62,124,273.37
mikel-gomez,70,Mikel,Gómez,OL,1.88,74.02,132,291.01
milan-misic,92,Milan,Mišić,DL,1.88,74.02,117,257.94
milosz-mackow,10,Miłosz,Maćków,TE,1.76,69.29,103,227.08
mirko-parnow,51,Mirko,Parnow,LB,1.77,69.69,93,205.03
misiona-aiolupotea-pei,90,Misiona,Aiolupotea-Pei,DT,1.9,74.8,120,264.55
modeste-pooda,24,Modeste,Pooda,RB,1.75,68.9,85,187.39
mohamad-gafur,91,Mohamad,Gafur,DE,1.79,70.47,118,260.15
moritz-graul,47,Moritz,Graul,CB,1.87,73.62,90,198.42
moritz-herzel,23,Moritz,Herzel,RB,1.68,66.14,83,182.98
moritz-johannknecht,5,Moritz,Johannknecht,QB,1.88,74.02,91,200.62
moritz-maack,4,Moritz,Maack,QB,1.87,73.62,86,189.6
moritz-riedinger,17,Moritz,Riedinger,WR,1.89,74.41,88,194.01
moritz-scharr,84,Moritz,Scharr,WR,,,,
moritz-schmahel,90,Moritz,Schmahel,DT,1.88,74.02,120,264.55
moritz-schmidt,70,Moritz,Schmidt,OL,1.85,72.83,116,255.74
moritz-schnippe,19,Moritz,Schnippe,WR,1.85,72.83,85,187.39
moritz-thiele,15,Moritz,Thiele,CB,1.81,71.26,88,194.01
moriz-elmauthaler,42,Moriz,Elmauthaler,ILB,1.79,70.47,97,213.85
morten-runne,29,Morten,Runne,FB,1.72,67.72,103,227.08
muhammed-ali-kurutluca,66,Muhammed Ali,Kurutluca,DT,1.87,73.62,119,262.35
muneyuki-kinoshita,22,Muneyuki,Kinoshita,WR,1.73,68.11,82,180.78
murilo-silva,74,Murilo,Silva,OL,1.87,73.62,135,297.62
myke-tavarres,4,Myke,Tavarres ,ILB,1.87,73.62,104,229.28
myron-de-vane,36,Myron,De Vane,DB,1.9,74.8,95,209.44
nafli-rodriguez,71,Nafli,Rodriguez,OL,1.93,75.98,125,275.58
najee-mundicha,74,Najee,Mundicha,DT,1.96,77.17,161,354.94
naji-el-ali,16,Naji,El-Ali,WR,1.86,73.23,84,185.19
najim-hennig,21,Najim,Hennig,CB,1.78,70.08,81,178.57
naren-ishwar-lalwani,75,Naren Ishwar,Lalwani,OL,1.78,70.08,130,286.6
nassim-amroun,19,Nassim,Amroun,WR,1.86,73.23,81,178.57
nathan-kalemba,60,Nathan,Kalemba,OL,1.88,74.02,154,339.51
nathaniel-robitaille,86,Nathaniel,Robitaille,WR,1.86,73.23,89,196.21
nelson-imasuen,99,Nelson,Imasuen,DE,2.07,81.5,124,273.37
nemieceo-loureiro,11,Nemieceo,Loureiro,RB,1.82,71.65,90,198.42
nicholas-moller-hansen,68,Nicholas,Møller-Hansen,OL,1.88,74.02,144,317.47
nick-kaufman,32,Nick,Kaufman,RB,1.73,68.11,86,189.6
nick-rudloff,95,Nick,Rudloff,DT,1.86,73.23,135,297.62
nick-wenzelburger,31,Nick,Wenzelburger,S,1.84,72.44,89,196.21
nick-wiens,68,Nick,Wiens,OL,1.87,73.62,126,277.78
nicko-schuster,3,Nicko,Schuster,FB,1.9,74.8,110,242.51
nico-schon,17,Nico,Schön,WR,1.93,75.98,100,220.46
nico-strahmann,19,Nico,Strahmann,WR,1.8,70.87,83,182.98
nicolai-schumann,85,Nicolai,Schumann,TE,1.93,75.98,113,249.12
nicolas-melcher,97,Nicolas,Melcher,DE,1.91,75.2,115,253.53
nicolas-werle,63,Nicolas,Werle,DL,1.97,77.56,135,297.62
nijaz-hamulic,45,Nijaz,Hamulic,ILB,1.87,73.62,105,231.49
nikita-schonborn,72,Nikita,Schönborn,OL,1.93,75.98,125,275.58
niklas-gustav,98,Niklas,Gustav,DE,1.88,74.02,109,240.3
niklas-johansson,66,Niklas,Johansson,OL,194.0,7637.8,130,286.6
niklas-liesen,47,Niklas,Liesen,ILB,1.84,72.44,106,233.69
niklas-meiworm,76,Niklas,Meiworm,OL,1.96,77.17,147,324.08
niklas-sanin,18,Niklas,Sanin,K,1.83,72.05,85,187.39
niklas-schumm,16,Niklas,Schumm,WR,1.87,73.62,75,165.35
niklas-siegert,32,Niklas,Siegert,ILB,1.92,75.59,112,246.92
niklas-wiem,72,Niklas,Wiem,OL,1.9,74.8,130,286.6
niko-lester,25,Niko,Lester,FS,1.87,73.62,97,213.85
nikodem-hernik,55,Nikodem,Hernik,ILB,1.82,71.65,95,209.44
nikolas-knoblauch,47,Nikolas,Knoblauch,ILB,1.78,70.08,98,216.05
nikolaus-huszar,27,Nikolaus,Huszar,CB,1.83,72.05,89,196.21
nikolaus-rabitsch,19,Nikolaus,Rabitsch,WR,1.79,70.47,83,182.98
nils-baeumer,81,Nils,Bäumer,WR,1.85,72.83,86,189.6
nils-hampel,76,Nils,Hampel,OL,1.91,75.2,130,286.6
noah-aarass,11,Noah,Aarass,WR,1.9,74.8,97,213.85
noah-allsten,21,Noah,Allsten,CB,1.85,72.83,88,194.01
noah-bomba,13,Noah,Bomba,WR,1.95,76.77,88,194.01
noah-kolling,27,Noah,Kölling,RB,1.8,70.87,85,187.39
oguzhan-ceyhan,17,Oğuzhan,Ceyhan,CB,1.78,70.08,83,182.98
okan-guzel,55,Okan,Güzel,DE,1.87,73.62,115,253.53
olav-rohnebaek,40,Olav,Røhnebæk,ILB,1.92,75.59,90,198.42
oleg-gerats,52,Oleg,Gerats,OL,1.85,72.83,170,374.79
oliver-bahr,22,Oliver,Bahr,RB,1.73,68.11,90,198.42
omari-williams,22,Omari,Williams,S,1.86,73.23,82,180.78
omi-yoshihito,84,Omi,Yoshihito,WR,1.81,71.26,84,185.19
onur-can-duzcu,56,Onur Can,Duzcu,ILB,1.83,72.05,98,216.05
onur-dogan,63,Onur,Doğan,OL,1.92,75.59,111,244.71
orhun-akbudak,55,Orhun,Akbudak,OL,1.9,74.8,121,266.76
oscar-sundqvist,70,Oscar,Sundqvist,OL,,,,
oskar-herz,20,Oskar,Herz,K,1.83,72.05,72,158.73
oskar-kranich,52,Oskar,Kranich,DE,1.9,74.8,115,253.53
oskar-wypych,85,Oskar,Wypych,WR,1.8,70.87,87,191.8
otavio-amorim,77,Otavio,Amorim,OL,1.91,75.2,130,286.6
pablo-de-diego,6,Pablo,De Diego,CB,,,,
paco-ufuk-varol,47,Paco (Ufuk),Varol,LB,1.9,74.8,,
paolo-sargeni,21,Paolo,Sargeni,CB,1.78,70.08,85,187.39
pascal-abt,58,Pascal,Abt,OL,1.84,72.44,140,308.65
pascal-brinkers,29,Pascal,Brinkers,OLB,1.84,72.44,101,222.67
pascal-floser,17,Pascal,Flöser,WR,1.81,71.26,85,187.39
pascal-labus,99,Pascal,Labus,DL,1.87,73.62,115,253.53
pascal-schaar,9,Pascal,Schaar,RB,1.83,72.05,107,235.89
pascal-topolewski,53,Pascal,Topolewski,ILB,1.79,70.47,92,202.83
patrick-pilger,20,Patrick,Pilger,S,178.0,7007.87,93,205.03
patrick-poetsch,43,Patrick,Poetsch,FB,1.8,70.87,124,273.37
paul-fischer,23,Paul,Fischer,CB,1.78,70.08,78,171.96
paul-kavadia-lenhardt,5,Paul,Kavadia-Lenhardt,WR,1.76,69.29,70,154.32
paul-meissner,33,Paul,Meißner,S,1.85,72.83,100,220.46
paul-schachner,28,Paul,Schachner,CB,1.79,70.47,78,171.96
paul-seifert,8,Paul,Seifert,OLB,1.82,71.65,84,185.19
paul-steffen,22,Paul,Steffen,S,1.79,70.47,88,194.01
paul-steigerwald,18,Paul,Steigerwald,WR,1.98,77.95,98,216.05
paul-veritas,7,Paul,Veritas,OLB,1.89,74.41,105,231.49
pawel-barul,30,Paweł,Barul,RB,1.82,71.65,95,209.44
per-kristian-molberg,76,Per Kristian,Molberg,OL,1.98,77.95,135,297.62
peter-devoe,26,Peter,Devoe,DB,1.84,72.44,94,207.23
peter-weiblen,85,Peter,Weiblen,WR,1.8,70.87,90,198.42
phileas-pasqualini,7,Philéas,Pasqualini,RB,1.8,70.87,106,233.69
philip-weinzierl,74,Philip,Weinzierl,OL,1.9,74.8,136,299.83
philipp-haun,10,Philipp,Haun,WR,1.8,70.87,82,180.78
philipp-loffelberger,51,Philipp,Löffelberger,DT,1.88,74.02,107,235.89
philipp-mingerzahn,42,Philipp,Mingerzahn,DL/LB,1.85,72.83,97,213.85
philipp-muller,79,Philipp,Müller,DT,1.84,72.44,119,262.35
philipp-schumann,89,Philipp,Schumann,WR,1.91,75.2,90,198.42
philipp-timmermann,48,Philipp,Timmermann,OLB,1.77,69.69,86,189.6
philipp-ungericht,97,Philipp,Ungericht,DE,1.96,77.17,125,275.58
phillip-eichhorn,80,Phillip,Eichhorn,TE,1.91,75.2,108,238.1
phillip-friis-andersen,4,Phillip Friis,Andersen,K/P,1.8,70.87,88,194.01
phillip-ruffin,19,Phillip,Ruffin,CB,1.87,73.62,86,189.6
pierce-boothby,70,Pierce,Boothby,OL,1.92,75.59,136,299.83
pierre-courageux,28,Pierre,Courageux,DB,1.88,74.02,92,202.83
piotr-golacki,,Piotr,Golacki,K,,,,
piotr-ostrowski,96,Piotr,Ostrowski,DE,1.91,75.2,115,253.53
pollys-junio-sacramento,68,Pollys Junio,Sacramento,OL,1.93,75.98,135,297.62
precious-ogbevoen,43,Precious (Osaruonamen) ,Ogbevoen,ILB,1.8,70.87,112,246.92
przemyslaw-banat,82,Przemysław,Banat,WR,1.88,74.02,85,187.39
przemyslaw-lewszyk,21,Przemysław,Lewszyk,LB,1.84,72.44,103,227.08
quinten-pounds,1,Quinten,Pounds,WR,1.82,71.65,82,180.78
rafael-belici,81,Rafael,Belici,WR,1.74,68.5,70,154.32
rafal-rogaczewski,55,Rafał,Rogaczewski,OL,1.78,70.08,120,264.55
ramin-akhlaghi,14,Ramin,Akhlaghi,WR,1.8,70.87,80,176.37
ramy-mohamed,92,Ramy,Mohamed,DL,1.9,74.8,105,231.49
randy-schroeder,8,Randy,Schroeder,QB,1.83,72.05,89,196.21
raoul-hrouda,6,Raoul ,Hrouda,WR,1.8,70.87,82,180.78
raul-hernandez,42,Raúl,Hernández,TE,1.95,76.77,121,266.76
rayan-khefif,27,Rayan,Khefif,ILB,1.88,74.02,111,244.71
raymond-sobowale,22,Raymond,Sobowale,RB,1.85,72.83,106,233.69
reece-horn,17,Reece,Horn,WR,1.9,74.8,98,216.05
remi-bertellin,4,Rémi,Bertellin,WR,1.83,72.05,84,185.19
remy-feltes,90,Remy,Feltes,DE,1.95,76.77,145,319.67
rene-berres,15,René,Berres,FB/TE,1.88,74.02,102,224.87
rene-hanssen,29,René,Hanßen,CB,1.8,70.87,84,185.19
rene-schulze,40,Rene,Schulze,ILB,1.84,72.44,103,227.08
richard-grooten,9,Richard,Grooten,S,1.77,69.69,82,180.78
ricky-tjong-a-tjoe,79,Ricky,Tjong-A-Tjoe,DE,1.91,75.2,120,264.55
robby-kendall,20,Robby,Kendall,S,1.83,72.05,85,187.39
robert-kahlke,77,Robert,Kahlke,OL,1.96,77.17,130,286.6
robert-rosolek,99,Robert,Rosołek,DE,1.92,75.59,103,227.08
robin-fensch,77,Robin,Fensch,OL,1.94,76.38,130,286.6
robin-haberle,73,Robin,Häberle,OL,1.95,76.77,152,335.1
robin-maier,24,Robin,Maier,DB,1.8,70.87,83,182.98
robin-wilzeck,7,Robin,Wilzeck,WR,1.82,71.65,90,198.42
roedion-henrique,6,Roedion,Henrique,CB,1.89,74.41,89,196.21
rohat-dagdelen,12,Rohat,Dagdelen,QB,1.87,73.62,99,218.26
roman-sellung,91,Roman,Sellung,DL,1.86,73.23,138,304.24
ron-mac-spiegel,65,Ron Mac,Spiegel,OL,2.0,78.74,155,341.72
ronley-lakalaka,11,Ronley,Lakalaka,ILB,1.82,71.65,102,224.87
roque-alarcon,88,Roque, Alarcón,WR,1.83,72.05,81,178.57
ruben-pein,26,Ruben,Pein ,RB,1.77,69.69,81,178.57
ruben-quintana,86,Rubén,Quintana,TE,1.89,74.41,91,200.62
ruben-seeber,1,Ruben,Seeber,ILB,1.82,71.65,97,213.85
rudi-lee-frey,15,Rudi,Lee Frey,TE,1.94,76.38,107,235.89
rudolf-warkentin,59,Rudolf,Warkentin,LB,1.8,70.87,100,220.46
ryan-rimmler,1,Ryan,Rimmler,K,1.8,70.87,104,229.28
salieu-ceesay,1,Salieu,Ceesay,QB,1.94,76.38,92,202.83
salih-ozdemir,23,Salih,Özdemir,OLB,1.78,70.08,96,211.64
sam-taylor,,Sam,Taylor,ILB,1.83,72.05,100,220.46
samet-bilgin,61,Samet,Bilgin,DT,1.83,72.05,148,326.28
samuel-anca,13,Samuel,Anca,WR,1.91,75.2,89,196.21
samuel-shannon,27,Samuel,Shannon,RB,1.85,72.83,94,207.23
samuel-ziebarth,93,Samuel,Ziebarth,DT,,,,
sango-erume-vogel,43,Sango-Erume,Vogel,CB,1.8,70.87,84,185.19
sean-shelton,12,Sean ,Shelton,QB,1.9,74.8,100,220.46
seantarius-jones,7,Seantavius,Jones,WR,1.93,75.98,95,209.44
sebastian-arenas,75,Sebastian,Arenas,OL,1.96,77.17,136,299.83
sebastian-bal,62,Sebastian,Bal,OL,1.86,73.23,128,282.19
sebastian-bowen,73,Sebastian,Bowen,DT,1.88,74.02,120,264.55
sebastian-castaner,49,Sebastián,Castañer,ILB,1.88,74.02,100,220.46
sebastian-daum,16,Sebastian,Daum,P,1.84,72.44,94,207.23
sebastian-ernst,33,Sebastian,Ernst,ILB,1.83,72.05,92,202.83
sebastian-fey,93,Sebastian,Fey,DT,1.93,75.98,125,275.58
sebastian-gauthier,41,Sebastian,Gauthier,OLB,1.83,72.05,95,209.44
sebastian-huber,39,Sebastian,Huber,OLB,1.85,72.83,100,220.46
sebastian-kojkol,68,Sebastian,Kojkol,OL,1.9,74.8,130,286.6
sebastian-schaar,95,Sebastian,Schaar,DE,1.88,74.02,120,264.55
sebastian-silva-gomez,56,Sebastian,Silva Gomez,OLB,1.9,74.8,98,216.05
sebastian-summerer,32,Sebastian,Summerer,S,1.75,68.9,80,176.37
sebastian-van-santen,,Sebastian,van Santen,K,1.93,75.98,,
sebastian-wimmer,37,Sebastian,Wimmer,CB,183.0,7204.72,83,182.98
sedwon-kaya,49,Sedwon,Kaya,LB,1.9,74.8,93,205.03
selahattin-saka,52,Selahattin,Saka,OLB,1.85,72.83,95,209.44
semmie-radji,3,Semmie,Radji,OLB,1.94,76.38,119,262.35
sercan-vardar,99,Sercan,Vardar,DE,1.77,69.69,114,251.33
serdar-kiraz,34,Serdar,Kiraz,RB,1.78,70.08,95,209.44
sergio-barbero,14,Sergio,Barbero,QB,1.85,72.83,85,187.39
serif-emir-dulger,68,Şerif Emir,Dülger,OL,1.9,74.8,122,268.96
shalom-baafi,70,Shalom,Baafi,OL,1.94,76.38,140,308.65
shawn-wilson,2,Shawn,Wilson,S,1.77,69.69,99,218.26
shida-wang,88,Shida,Wang,CB,1.8,70.87,87,191.8
silvan-barelds,85,Silvan,Barelds,TE,1.98,77.95,115,253.53
simon-braun,17,Simon,Braun,WR,1.81,71.26,84,185.19
simon-homadi,26,Simon,Homadi,RB,1.84,72.44,90,198.42
simon-leinauer,31,Simon,Leinauer,ILB,1.8,70.87,95,209.44
simon-mayerhoff,10,Simon,Mayerhoff,CB,1.77,69.69,88,194.01
simon-otto,28,Simon,Otto,CB,1.85,72.83,80,176.37
simon-pilger,15,Simon,Pilger,WR,1.83,72.05,78,171.96
sinan-cingilli,94,Sinan,Cingilli,DT,1.98,77.95,145,319.67
slade-jarman,12,Slade,Jarman,QB,1.95,76.77,100,220.46
stanley-zeregbe,2,Stanley,Zeregbe,DE,1.88,74.02,105,231.49
stefan-drecun,64,Stefan,Drecun,OL,1.94,76.38,130,286.6
steffen-olschok,20,Steffen,Olschok,DB,1.77,69.69,79,174.17
steven-kuhne,90,Steven,Kühne,DL,1.91,75.2,140,308.65
sven-breidenbach,77,Sven,Breidenbach,OL,1.97,77.56,145,319.67
sven-fischer,74,Sven,Fischer,OL,1.91,75.2,140,308.65
sven-hinrichs,75,Sven,Hinrichs,OL,1.95,76.77,155,341.72
sven-rieger,97,Sven,Rieger,DT,1.94,76.38,155,341.72
sydney-amadu,9,Sydney,Amadu,ILB,1.85,72.83,113,249.12
szymon-adamczyk,50,Szymon,Adamczyk,DT,1.84,72.44,117,257.94
szymon-grzebieniak,95,Szymon,Grzebieniak,DL,1.94,76.38,110,242.51
szymon-jarmolkowicz,3,Szymon,Jarmołkowicz,DB,1.8,70.87,87,191.8
szymon-romanowski,31,Szymon,Romanowski,CB,1.8,70.87,84,185.19
tadhg-leader,44,Tadhg ,Leader,K,1.89,74.41,93,205.03
taha-cokadar,8,Taha,Çokadar,RB,1.75,68.9,92,202.83
talat-gokhan-bulusan,15,Talat Gökhan,Buluşan,ILB,1.82,71.65,97,213.85
terryon-robinson,6,Terryon,Robinson,WR,1.8,70.87,89,196.21
thaddeus-schirmer,30,Thaddeus,Schirmer,DB,1.84,72.44,85,187.39
thang-le-minh,93,Thang,Le Minh,DT,1.87,73.62,125,275.58
theo-groendeals,80,Theo,Groendeals,TE,1.85,72.83,92,202.83
thiago-lessow,54,Thiago,Lessow,OLB,1.87,73.62,95,209.44
thomas-albrecht,59,Thomas,Albrecht,ILB,1.83,72.05,106,233.69
thomas-costa,8,Thomas,Costa Anessiadis,CB,1.82,71.65,80,176.37
thomas-edel,7,Thomas,Edel,RB,1.84,72.44,107,235.89
thomas-fileccia,71,Thomas,Fileccia,OL,192.0,7559.06,130,286.6
thomas-fischbach,27,Thomas,Fischbach,RB,1.71,67.32,80,176.37
thomas-ghebrezhirer,68,Thomas,Ghebrezhirer,OL,1.8,70.87,122,268.96
thomas-kugler,9,Thomas,Kugler,S,1.85,72.83,90,198.42
thomas-langecker,17,Thomas,Langecker,TE,1.95,76.77,108,238.1
thomas-schaffer,90,Thomas,Schaffer,DE,2.01,79.13,140,308.65
thomas-schnurrer,40,Thomas,Schnurrer,ILB,1.82,71.65,96,211.64
thomas-van-den-oort,55,Thomas,van den Oort,OLB,1.93,75.98,106,233.69
thomas-zampach,6,Thomas,Zampach,K,1.75,68.9,77,169.76
til-becker,30,Til,Becker,OLB,1.9,74.8,100,220.46
till-janssen,7,Till,Janssen,CB,1.9,74.8,87,191.8
tillman-bolk,86,Tillman,Bolk,TE,1.92,75.59,110,242.51
tilman-brutsch,74,Tilman,Brütsch,OL,1.89,74.41,140,308.65
tim-albrecht,13,Tim,Albrecht,WR,1.87,73.62,93,205.03
tim-gockus,92,Tim,Göckus,DE,1.88,74.02,105,231.49
tim-hanni,96,Tim,Hänni,DT,1.96,77.17,128,282.19
tim-hirsch,78,Tim,Hirsch,OL,1.94,76.38,136,299.83
tim-schulz,24,Tim,Schulz,RB,1.81,71.26,93,205.03
tim-unger,33,Tim,Unger,OLB,1.85,72.83,97,213.85
tim-wustefeld,91,Tim,Wüstefeld,DT,1.8,70.87,112,246.92
timo-benschuh,10,Timo,Benschuh,WR,1.94,76.38,85,187.39
timo-bronn,3,Timo,Bronn,K,1.81,71.26,75,165.35
timo-jungst,47,Timo,Jüngst,ILB,1.8,70.87,105,231.49
timo-winter,76,Timo,Winter,OL,1.88,74.02,140,308.65
timon-debiez,33,Timón,Debiez,ILB,1.78,70.08,90,198.42
timon-stuwe,89,Timon,Stüwe,WR,1.88,74.02,108,238.1
timothy-knuettel,6,Timothy,Knüttel,WR,1.88,74.02,90,198.42
tinashe-jefferson-chawaguta,93,Tinashe Jefferson,Chawaguta,DT,1.8,70.87,116,255.74
tino-ndongo,80,Tino,Ndongo,WR,1.76,69.29,78,171.96
tobias-bonatti,25,Tobias,Bonatti,RB,1.8,70.87,90,198.42
tobias-burkhardt,92,Tobias,Burkhardt,DT,1.92,75.59,123,271.17
tobias-jarmuzek,16,Tobias,Jarmuzek,QB,1.95,76.77,109,240.3
tobias-kolb,48,Tobias,Kolb,FB,1.82,71.65,112,246.92
tobias-nick,33,Tobias,Nick,RB,1.8,70.87,97,213.85
tobias-nill,2,Tobias,Nill,WR,1.78,70.08,92,202.83
tobias-rodlauer,70,Tobias,Rodlauer,OL,1.94,76.38,135,297.62
tobias-url,73,Tobias,Url,OL,1.8,70.87,118,260.15
tobiasz-witalis,9,Tobiasz,Witalis,DB,1.78,70.08,80,176.37
toby-lettman,77,Toby,Lettman,OL,1.98,77.95,139,306.44
tolga-torun,4,Tolga,Törün,WR,1.78,70.08,78,171.96
tom-maier,72,Tom,Maier,OL,2.01,79.13,122,268.96
tom-stickel,48,Tom,Stickel,ILB,1.92,75.59,108,238.1
tom-van-duijn,15,Tom,Van Duijn,QB/K,1.93,75.98,105,231.49
tomasz-dziedzic,17,Tomasz,Dziedzic,WR,1.85,72.83,70,154.32
tomasz-kiszka,45,Tomasz,Kiszka,LB,1.8,70.87,102,224.87
toni-rabensteiner,87,Toni,Rabensteiner,WR,1.8,70.87,97,213.85
tony-anderson,31,Tony,Anderson,S,1.93,75.98,98,216.05
tony-koskinen,72,Tony,Koskinen,OL,1.93,75.98,123,271.17
tony-kulok,27,Tony,Kulok,RB,1.81,71.26,84,185.19
tre-king,24,Tre,King,RB,1.82,71.65,88,194.01
tristan-csiza,30,Tristan,Csiza,DB,1.8,70.87,85,187.39
tufan-yagmur,2,Tufan,Yagmur,ILB,1.8,70.87,98,216.05
tuna-hiller,92,Tuna,Hiller,DT,1.86,73.23,120,264.55
tyrese-johnson-fisher,9,Tyrese,Johnson-Fisher,RB,1.8,70.87,100,220.46
tyrese-owusu-bediako,96,Tyrese,Owusu-Bediako,DT,1.93,75.98,125,275.58
tyrone-jordan-alexander,28,Tyrone Jordan,Alexander,RB,1.76,69.29,80,176.37
ufuk-eren-ozelce,5,Ufuk Eren,Özelçe,S,1.75,68.9,85,187.39
valentin-rodiger,81,Valentin,Rödiger,WR,1.8,70.87,81,178.57
vicente-latorre,46,Vicente,Latorre,DL,1.85,72.83,99,218.26
victor-albarracin,43,Víctor,Albarracín,ILB,1.83,72.05,93,205.03
victor-ferrier,8,Victor,Ferrier,S,1.84,72.44,88,194.01
viktor-wiederspahn,79,Viktor,Wiederspahn,OL/LS,1.8,70.87,120,264.55
ville-valasti,55,Ville,Valasti,DL,1.95,76.77,115,253.53
vincent-buffet,99,Vincent,Buffet,DE,1.89,74.41,125,275.58
vincent-muller,23,Vincent,Müller,CB,1.87,73.62,90,198.42
vincent-wilson-oberko,21,Vincent,Wilson-Oberko,S,1.8,70.87,82,180.78
vito-millauer,46,Vito,Millauer,DE,192.0,7559.06,105,231.49
vojislav-hahn,75,Vojislav,Hahn,OL,1.9,74.8,120,264.55
wael-nasri,52,Wael,Nasri,ILB,1.8,70.87,105,231.49
waheed-bhikh,19,Waheed,Bhikh,CB,1.83,72.05,83,182.98
wayne-drew,97,Wayne,Drew,DL,1.88,74.02,110,242.51
wesley-martheli,22,Wesley,Martheli,S,1.8,70.87,84,185.19
weston-carr,10,Weston,Carr,WR,1.89,74.41,91,200.62
wiktor-zieba,16,Wiktor,Zięba,WR,1.87,73.62,94,207.23
willi-dill,6,Willi,Dill,WR,1.75,68.9,86,189.6
william-james,24,William ,James,S,1.8,70.87,88,194.01
william-lloyd,4,William,Lloyd,ILB,1.85,72.83,98,216.05
xavier-jerome-johnson,24,Xavier Jerome,Johnson,RB,1.78,70.08,86,189.6
yago-rivero,99,Yago,Rivero,DE,1.86,73.23,105,231.49
yannic-kiehl,77,Yannic,Kiehl,OL,2.02,79.53,130,286.6
yannic-landfried,47,Yannic,Landfried,RB,1.88,74.02,112,246.92
yannick-mayr,14,Yannick,Mayr,WR,1.83,72.05,88,194.01
yannis-binner,13,Yannis,Binner,TE,1.92,75.59,95,209.44
yigit-timer,12,Yiğit,Timer,QB,1.88,74.02,92,202.83
yigitcan-ferhat-ertur,31,Yiğitcan Ferhat,Ertür,CB,1.83,72.05,95,209.44
yilmaz-berk-guven,19,YIlmaz Berk,Güven,WR,1.87,73.62,80,176.37
zach-edwards,1,Zach,Edwards,QB,1.95,76.77,100,220.46
zachariah-davidson-bentham,76,Zachariah,Davidson-Bentham,OL,1.97,77.56,156,343.92
zachary-blair,42,Zachary,Blair,ILB,1.88,74.02,100,220.46
zafer-ceylan,77,Zafer,Ceylan,DT,1.88,74.02,133,293.21
zinedin-bendjabou,83,Zinedin,Bendjabou,WR,1.8,70.87,77,169.76
zoltan-golita,21,Zoltan,Golita,CB,1.78,70.08,85,187.39
