season,team,player_id,player_first_name,player_last_name,birthday
2022,Raiders Tirol,0024c414-6f1b-4555-af02-c7062c23a419,Thomas,Schaffer,1996-11-29
2022,Vienna Vikings,00c99f9c-9d65-4d3d-a198-04b8661bd446,Leon,Huber,2001-06-17
2021,Cologne Centurions,00f4a04d-1969-4cc8-9b39-78bb5f4388d5,Michael,Ofosuhene,1999-10-20
2022,Cologne Centurions,00f4a04d-1969-4cc8-9b39-78bb5f4388d5,Michael,Ofosuhene,1999-10-20
2021,Cologne Centurions,0143db45-73da-4bfa-92b6-108f61115d58,Justin,Schlesinger,1999-04-22
2022,Cologne Centurions,0143db45-73da-4bfa-92b6-108f61115d58,Justin,Schlesinger,1999-04-22
2021,Frankfurt Galaxy,028655f3-92c8-4aff-a869-90f61ce59929,Joshua,Poznanski,1995-06-06
2022,Frankfurt Galaxy,028655f3-92c8-4aff-a869-90f61ce59929,Joshua,Poznanski,1995-06-06
2022,Raiders Tirol,028f6c84-a5e1-4c00-83e3-0da0aaf115e0,Tinashe Jefferson ,Chawaguta ,1998-01-09
2022,Raiders Tirol,03d4d4cf-114b-4e50-bf7a-8e105be28a15,Adrian,Platzgummer,1995-05-10
2022,Raiders Tirol,043f8f53-8b22-41b5-b8fe-fbca6771ecf1,Thomas,Langecker,1999-12-15
2022,Istanbul Rams,0487a580-883b-11ed-881a-d5a7dfbc10f9,Randy,Abandzounou,1999-08-13
2021,Barcelona Dragons,05ef5005-4b74-41a5-8de6-4bb5e9a44cc2,Sebastian,Castañer Pierdominici,1998-11-13
2022,Barcelona Dragons,05ef5005-4b74-41a5-8de6-4bb5e9a44cc2,Sebastian,Castañer Pierdominici,1998-11-13
2021,Frankfurt Galaxy,06f71b9c-a706-4f2c-a610-7bda3ac7222d,Nikolas,Knoblauch,1995-08-17
2022,Stuttgart Surge,06f71b9c-a706-4f2c-a610-7bda3ac7222d,Nikolas,Knoblauch,1995-08-17
2022,Barcelona Dragons,07d72832-5eb9-4431-9ba5-c3583cf00bd6,Jorge Felix,Velasco Velo,1998-12-25
2021,Barcelona Dragons,0b0bc080-e7e5-11ed-9875-fde34eaeec43,Jan,Rauš,1994-07-16
2021,Panthers Wroclaw,0b6f53de-f781-4f80-b2f6-88198abe50bc,Szymon,Romanowski,2001-11-08
2022,Panthers Wroclaw,0b6f53de-f781-4f80-b2f6-88198abe50bc,Szymon,Romanowski,2001-11-08
2021,Barcelona Dragons,0b850999-c144-4bfa-946f-361235002245,Elvys Ramon,Nuñez Vargas,1998-05-11
2022,Barcelona Dragons,0b850999-c144-4bfa-946f-361235002245,Elvys Ramon,Nuñez Vargas,1998-05-11
2021,Berlin Thunder,0ba733b2-60dc-42d4-8b8c-9691171092fb,Pollys Junio,Sacramento,1997-11-14
2022,Leipzig Kings,0ba733b2-60dc-42d4-8b8c-9691171092fb,Pollys Junio,Sacramento,1997-11-14
2021,Hamburg Sea Devils,0c2581af-17fc-4132-94ea-f4d56c5a1171,Jeremy,Sarfo,1994-07-30
2022,Hamburg Sea Devils,0c2581af-17fc-4132-94ea-f4d56c5a1171,Jeremy,Sarfo,1994-07-30
2022,Frankfurt Galaxy,0c41b0c5-1d86-408e-9576-6a6284e3610e,Leon,Helm,1995-02-17
2022,Stuttgart Surge,0d3a95ff-ec3d-4a9b-aee2-0730e5fea6a6,Paul,Veritas,1995-12-22
2022,Raiders Tirol,0db16924-4f8d-49ec-bb60-e31045f67e9a,Marco,Schneider,2001-05-28
2022,Vienna Vikings,0db39b18-e717-4928-8051-e48b61b7804a,Benjamin,Straight,1999-04-23
2021,Panthers Wroclaw,0e050232-477b-4b9d-80ee-0acf8e329a6b,Mateusz,Wojakiewicz,2001-01-15
2022,Panthers Wroclaw,0e050232-477b-4b9d-80ee-0acf8e329a6b,Mateusz,Wojakiewicz,2001-01-15
2022,Vienna Vikings,0e582a80-5627-49b8-9800-a1a05d0d23d5,Christoph,Kellner,1996-01-10
2022,Vienna Vikings,111c7e50-ba50-48be-b01d-89274ec64706,Daniel,Schönet,1988-12-05
2022,Istanbul Rams,12b49503-a466-44ad-8870-47b08abd029a,Devin,Heckstall,1997-03-28
2022,Vienna Vikings,13d61dc8-2194-496d-a3c6-a67240a0e4b0,Fabio,Tartarotti,1998-12-18
2022,Berlin Thunder,13dbeca3-7d78-4e5f-a3ff-d4a3155ec430,Tobias,Rodlauer,2000-01-01
2021,Cologne Centurions,14b107bf-4e2f-4a4f-ab9d-f1a3462a6fdd,Till,Janssen,1994-04-18
2022,Rhein Fire,14b107bf-4e2f-4a4f-ab9d-f1a3462a6fdd,Till,Janssen,1994-04-18
2021,Barcelona Dragons,166a2446-0c80-44ba-a4d4-4e6c96ca7324,Irvin,Santana,1993-03-30
2022,Frankfurt Galaxy,17476df7-ac39-4744-b0d9-f457fe8ef126,Zinedin,Bendjabou,1999-03-09
2021,Panthers Wroclaw,1814d9cf-7b98-49e4-a758-8a8942bb0938,Hubert,Ogrodowczyk,1993-07-28
2022,Panthers Wroclaw,1814d9cf-7b98-49e4-a758-8a8942bb0938,Hubert,Ogrodowczyk,1993-07-28
2021,Barcelona Dragons,18a81070-4704-44c9-a4fa-82664a7ddf4c,Carlos,Carrasco Sanz,1997-06-20
2021,Cologne Centurions,195adc22-2d4e-406c-b35b-0fe3df3fd929,Paul ,Kavadia-Lenhardt,2000-11-21
2022,Cologne Centurions,195adc22-2d4e-406c-b35b-0fe3df3fd929,Paul ,Kavadia-Lenhardt,2000-11-21
2021,Panthers Wroclaw,198d8839-6981-4b5f-bc19-66935bf56fb2,Jakub,Mazan,1992-08-11
2022,Panthers Wroclaw,198d8839-6981-4b5f-bc19-66935bf56fb2,Jakub,Mazan,1992-08-11
2021,Stuttgart Surge,1a9f3060-04c6-11ee-98ec-f36cd62c5270,Maxime,Roussel,1999-06-29
2022,Stuttgart Surge,1bebaf0c-5b45-44f9-859f-01156fc04289,Adrian,Gierczak,1995-10-17
2022,Raiders Tirol,1c80d29e-9ac7-4863-b591-c1284e5069f2,Patrick,Pilger,1995-08-17
2022,Berlin Thunder,1c9a16cc-a7ac-4bef-9cea-a0c88071bac4,Aaron ,Große Kleimann,2001-10-19
2021,Cologne Centurions,1d85046c-e9e6-4b60-bf90-d66f40e967bf,Max,Richter,1999-10-07
2022,Cologne Centurions,1d85046c-e9e6-4b60-bf90-d66f40e967bf,Max,Richter,1999-10-07
2022,Hamburg Sea Devils,1ed9a68e-49d6-4e69-88cb-5bc17bfccb50,Bais,Kouanda,2002-04-18
2021,Frankfurt Galaxy,1f197c28-72bc-4677-b6ae-6588786abee1,Maximilian,Siemssen,1998-09-19
2022,Frankfurt Galaxy,1f197c28-72bc-4677-b6ae-6588786abee1,Maximilian,Siemssen,1998-09-19
2022,Frankfurt Galaxy,1f4c49be-2ea6-4d8e-9a50-9b63250b8c96,Ryan,Rimmler,1997-10-31
2021,Leipzig Kings,20367837-a015-468f-8bcd-95ee9633dd66,Christian,Römer,1984-03-17
2022,Leipzig Kings,20367837-a015-468f-8bcd-95ee9633dd66,Christian,Römer,1984-03-17
2022,Vienna Vikings,20cde205-5d5b-4ffa-96ea-3cc00a525e73,Jordan,Bouah,1995-05-17
2021,Leipzig Kings,24896c29-b175-43a4-a728-164880cb664b,Jason Rilwann,Aguemon,1992-04-14
2022,Rhein Fire,24896c29-b175-43a4-a728-164880cb664b,Jason Rilwann,Aguemon,1992-04-14
2022,Panthers Wroclaw,2589fc3c-09e0-44ea-9018-bc3c604d927d,Jakub,Zmaczyński,2002-04-10
2021,Frankfurt Galaxy,25baddd3-10e0-496a-abff-5673d8e7909f,Jakeb Jon Wayne,Sullivan,1994-07-01
2022,Frankfurt Galaxy,25baddd3-10e0-496a-abff-5673d8e7909f,Jakeb Jon Wayne,Sullivan,1994-07-01
2022,Frankfurt Galaxy,269fbc96-f35a-4fef-b167-ed5a8b5afdf6,Janez,von Renesse,2002-08-25
2022,Berlin Thunder,27263624-f172-4560-a7db-63e5bcb4ee99,Maceo,Beard,2000-05-12
2022,Rhein Fire,27d3fb39-4ee2-413a-ae5e-05edb06b64c5,Philip,Weinzierl,1995-07-25
2022,Berlin Thunder,2873c762-e2bf-406b-b099-9f98327024c1,Ben,Baierl,2000-10-09
2021,Leipzig Kings,29b9c6d9-dbbe-4c6e-b9a5-d2b6faafebcc,Vincent,Buffet,1991-11-21
2022,Frankfurt Galaxy,29b9c6d9-dbbe-4c6e-b9a5-d2b6faafebcc,Vincent,Buffet,1991-11-21
2022,Leipzig Kings,29b9c6d9-dbbe-4c6e-b9a5-d2b6faafebcc,Vincent,Buffet,1991-11-21
2022,Raiders Tirol,29b9c6d9-dbbe-4c6e-b9a5-d2b6faafebcc,Vincent,Buffet,1991-11-21
2021,Cologne Centurions,29f87bff-4f71-4ea2-8bad-615e3697e18f,Lennart,Weitz,2000-06-08
2022,Stuttgart Surge,2a956654-5af0-4fc6-91f3-c6a8b1e8df12,Nathan Kalemba,Mvemba,1999-04-21
2022,Hamburg Sea Devils,2c44590e-9826-4753-9df8-54a42879c3fe,Lewis,Thomas,1998-05-04
2021,Berlin Thunder,2d59a089-2015-441e-aed5-633ff9a36da9,Gideon,Grabert,2003-02-05
2022,Berlin Thunder,2d59a089-2015-441e-aed5-633ff9a36da9,Gideon,Grabert,2003-02-05
2022,Stuttgart Surge,2dee0fba-b53b-4b8e-bd72-a8582ffe0753,Jens,Walter,1998-01-09
2021,Frankfurt Galaxy,2e7bbfa2-ffdb-44af-ab3f-3872196d2862,Lorenz,Regler,1996-01-18
2022,Frankfurt Galaxy,2e7bbfa2-ffdb-44af-ab3f-3872196d2862,Lorenz,Regler,1996-01-18
2021,Panthers Wroclaw,2f426219-4185-4471-bf5d-9469c3fea0f2,Przemysław,Banat,1997-05-24
2022,Panthers Wroclaw,2f426219-4185-4471-bf5d-9469c3fea0f2,Przemysław,Banat,1997-05-24
2022,Raiders Tirol,2f8194ae-00ab-4169-a1b3-e0ace01f992c,Vincent,Müller,1995-03-24
2022,Raiders Tirol,31eebac1-aeda-486b-b563-a4a796d68f53,Yannick,Mayr,1996-03-19
2022,Berlin Thunder,3262a90f-66ae-46ad-bb94-ad3e4e7f986f,Felix,Mohlberg,1999-02-26
2022,Raiders Tirol,3353d646-fe1d-41e2-84b9-0f89c00c0480,Dominique,Shelton,1998-08-18
2022,Berlin Thunder,3353d646-fe1d-41e2-84b9-0f89c00c0480,Dominique,Shelton,1998-08-18
2022,Vienna Vikings,344f4d25-a58d-41e1-b203-cedd602418f8,Aleksandar,Milanovic,1991-11-11
2021,Berlin Thunder,34b61478-dec9-4180-bd74-610938128312,Louis,Achaintre,1994-10-03
2022,Frankfurt Galaxy,34b61478-dec9-4180-bd74-610938128312,Louis,Achaintre,1994-10-03
2022,Cologne Centurions,35e9abd7-47c0-4b4e-9936-dd22406358e8,Jan-Hendrik,Koch,1994-04-20
2022,Rhein Fire,35ecde1e-7879-424c-8eee-455d576e97bd,Luis,Fiedler,2002-09-21
2022,Berlin Thunder,366e6e94-3b8b-4d13-ba2c-17793d7a3f0e,Lawrence,Cornwall-Baptiste,1997-03-10
2021,Hamburg Sea Devils,36cba73d-f9c5-40f5-b095-6e68f4afb691,Jean-Claude,Madin Cerezo,1992-11-18
2022,Hamburg Sea Devils,36cba73d-f9c5-40f5-b095-6e68f4afb691,Jean-Claude,Madin Cerezo,1992-11-18
2021,Frankfurt Galaxy,36e85a39-e0cf-4d8d-9cdc-7cdf6e4e97a8,Gennadiy,Adams,1994-09-19
2022,Frankfurt Galaxy,36e85a39-e0cf-4d8d-9cdc-7cdf6e4e97a8,Gennadiy,Adams,1994-09-19
2022,Vienna Vikings,378be6eb-d829-463f-be05-69721dc3b0e0,Luis,Horvath,1996-10-12
2021,Hamburg Sea Devils,38100a81-9f0e-4876-90aa-2f02fa5ff30b,Keanu,Ebanks,1994-04-07
2022,Vienna Vikings,3b7480b7-0f7a-456d-b098-1058e70c5398,Florian,Albrecht,1992-10-21
2021,Barcelona Dragons,3bbffb53-7bf9-4e54-974f-ca25fc375038,Zachary,Edwards,1998-02-26
2022,Barcelona Dragons,3bbffb53-7bf9-4e54-974f-ca25fc375038,Zachary,Edwards,1998-02-26
2022,Vienna Vikings,3c3d3daa-52b5-4294-9c51-17b8d2822f21,Maximilian,Müllner,1998-08-11
2021,Cologne Centurions,3d636429-c1b3-4c81-b592-accccdba070c,Christopher,Ezeala,1995-09-19
2021,Frankfurt Galaxy,3ffcb897-3514-4d29-9b59-a478245b103f,Daniel,Josiah,1998-06-12
2022,Frankfurt Galaxy,3ffcb897-3514-4d29-9b59-a478245b103f,Daniel,Josiah,1998-06-12
2022,Frankfurt Galaxy,4099565f-42a9-419a-af08-2918b41363ec,Marc Anthony,Hor,1993-02-18
2021,Berlin Thunder,4125a2c3-5a19-4746-ac5a-cdba1c33edf5,Otavio,Amorim,1996-10-10
2021,Hamburg Sea Devils,4173c168-af85-4519-a596-94581b9279be,Giovanni,Nanguy,1990-01-21
2022,Hamburg Sea Devils,4173c168-af85-4519-a596-94581b9279be,Giovanni,Nanguy,1990-01-21
2021,Hamburg Sea Devils,41bf2e9f-3acc-41cc-9e8f-66e3d16f235f,Berend ,Grube,1991-10-15
2022,Hamburg Sea Devils,41bf2e9f-3acc-41cc-9e8f-66e3d16f235f,Berend ,Grube,1991-10-15
2022,Berlin Thunder,425b9c05-62db-4b01-87fa-19c5ea403fbf,Tim,Schulz,1998-06-15
2021,Frankfurt Galaxy,4262291c-5bd6-4f44-8c79-b26b7ab9ada0,Kevin,Maier,1991-06-27
2022,Frankfurt Galaxy,4262291c-5bd6-4f44-8c79-b26b7ab9ada0,Kevin,Maier,1991-06-27
2022,Vienna Vikings,43e78f3c-a698-4bbd-a21a-a7ab1951819f,Rudolf,Frey,1999-04-23
2022,Cologne Centurions,442b624f-fed2-4d69-a6ed-6a53c473e748,Janek,Wenke,1999-12-27
2021,Cologne Centurions,44ad293d-7050-4146-b7a3-e94ba77177d9,Richard,Grooten,1993-06-17
2022,Rhein Fire,44ad293d-7050-4146-b7a3-e94ba77177d9,Richard,Grooten,1993-06-17
2022,Panthers Wroclaw,44fd2215-a4ec-4659-ae18-71255f7d4bad,Daniel,Bria,1996-07-08
2022,Raiders Tirol,4512809f-494c-4075-bf4d-fe1d974ea5ad,Lukas,Haslwanter,2000-09-24
2021,Panthers Wroclaw,459c2089-4e47-4fdb-958b-e5c844923e92,Daniel,Piątkowski,1998-10-02
2022,Panthers Wroclaw,459c2089-4e47-4fdb-958b-e5c844923e92,Daniel,Piątkowski,1998-10-02
2021,Frankfurt Galaxy,45aae4a4-253f-422f-b0d7-83a464323562,Robin,Maier,1999-03-21
2022,Raiders Tirol,469009ce-e2b0-42c0-87e4-27b02bb5d0b5,Toni,Rabensteiner,1999-08-15
2021,Stuttgart Surge,46b280e4-2b05-4ebd-a7d0-42f3349647b7,Louis Benedikt,Geyer,2001-08-18
2022,Cologne Centurions,46b280e4-2b05-4ebd-a7d0-42f3349647b7,Louis Benedikt,Geyer,2001-08-18
2022,Frankfurt Galaxy,471a0a76-c509-499f-842d-14af615b11dc,Marcos ,Schlabitz,1996-12-08
2021,Frankfurt Galaxy,47a8a986-1998-4bf6-868f-5eee12cde73e,Marius,Riepe,1997-01-01
2022,Cologne Centurions,47a8a986-1998-4bf6-868f-5eee12cde73e,Marius,Riepe,1997-01-01
2021,Barcelona Dragons,47e0fb08-aa0c-47a0-b8cd-0493f29cb11a,Lautaro,Frecha,1996-05-04
2022,Barcelona Dragons,47e0fb08-aa0c-47a0-b8cd-0493f29cb11a,Lautaro,Frecha,1996-05-04
2022,Berlin Thunder,4a4aefeb-30be-4d8e-832f-c9791c8d1496,Giacomo,De Pauli,1998-10-03
2022,Barcelona Dragons,4aef9173-fecb-4ce2-ab9e-74eb00a2f319,Daniel,Franco,1992-07-16
2022,Raiders Tirol,4afe4475-1767-404c-8e23-6f5340c1364f,Daniel,Claus,1999-08-04
2021,Frankfurt Galaxy,4b59961d-6639-4e86-86ad-a3e89633cf77,Benjamin,Barnes,1992-07-02
2022,Stuttgart Surge,4b59961d-6639-4e86-86ad-a3e89633cf77,Benjamin,Barnes,1992-07-02
2021,Stuttgart Surge,4bea1396-00d3-49f0-9c7a-8007f5a498c4,Paul,Steigerwald,1997-04-17
2022,Stuttgart Surge,4bea1396-00d3-49f0-9c7a-8007f5a498c4,Paul,Steigerwald,1997-04-17
2021,Frankfurt Galaxy,4d77c7fe-2529-40e9-9af7-31790b510775,Osaruonamen,Ogbevoen,1995-10-28
2022,Stuttgart Surge,4d77c7fe-2529-40e9-9af7-31790b510775,Osaruonamen,Ogbevoen,1995-10-28
2021,Barcelona Dragons,4d7b2ecf-2859-4f5b-a4a5-364a622666b6,Giorgio,Tavecchio,1990-07-16
2022,Barcelona Dragons,4d7b2ecf-2859-4f5b-a4a5-364a622666b6,Giorgio,Tavecchio,1990-07-16
2021,Frankfurt Galaxy,4db7390f-fab1-4eee-b288-696eaec5f4f2,Cheikhou,Sow,1998-10-09
2022,Frankfurt Galaxy,4db7390f-fab1-4eee-b288-696eaec5f4f2,Cheikhou,Sow,1998-10-09
2022,Berlin Thunder,4e0630a1-9d43-4420-8954-a54e5cb51907,Connor,Bolton,1997-03-05
2022,Vienna Vikings,4f663bc2-8a19-4f03-8d7c-756797ca33b3,Oskar,Herz,1993-07-23
2022,Raiders Tirol,4fea0e4a-cd9a-442e-beb3-16472a39acc2,Tim,Unger,1994-07-15
2022,Cologne Centurions,51fd66dd-016d-4007-8302-008bab897606,Kevin,Foitzik,1992-01-03
2021,Frankfurt Galaxy,527d541a-5b30-44b8-a6ed-b17129aa2f4b,Anthony,Mahoungou,1994-02-12
2022,Panthers Wroclaw,529fe919-dc37-4180-bf12-42d06fb3e6b5,Dawid,Brzozowski,2001-01-29
2021,Frankfurt Galaxy,55753094-e61b-4bf8-b8c8-735e214c4941,Yannic,Kiehl,
2022,Frankfurt Galaxy,55753094-e61b-4bf8-b8c8-735e214c4941,Yannic,Kiehl,
2021,Barcelona Dragons,56f1cee1-de38-4315-8e3a-1c60c2c5ab66,Carlos,Guillén Leon,1994-10-29
2021,Frankfurt Galaxy,56fce0a5-e1e8-46dd-857b-b508bf4e183c,Hendrik,Schwarz,1996-01-04
2022,Frankfurt Galaxy,56fce0a5-e1e8-46dd-857b-b508bf4e183c,Hendrik,Schwarz,1996-01-04
2021,Cologne Centurions,582a73f3-5da6-4b11-be1a-dd5f19a9e19e,René,Hanßen,1998-05-05
2022,Rhein Fire,582a73f3-5da6-4b11-be1a-dd5f19a9e19e,René,Hanßen,1998-05-05
2022,Cologne Centurions,5c25d996-ac5f-4b2b-b672-d18cf3c29ad4,Matej,Bencek,2000-10-26
2021,Berlin Thunder,5c3a700a-2890-4ef3-a4c6-ff6ad2356273,Deon,Mutsvanemoto,1996-07-15
2022,Rhein Fire,5d076bb4-d5c1-412b-820f-8779502cdbc1,Lasse,Meyer,1996-11-16
2022,Panthers Wroclaw,5d860b9e-dc68-4747-bddd-a2c03854b8d5,Krzystof,Wis,1988-01-16
2022,Frankfurt Galaxy,5e3b8604-f22b-4a32-b829-b188f04a4e0b,Kai,Hunter,1998-03-19
2022,Leipzig Kings,60cd85ba-5625-4a57-b4bb-525bd689fc60,Felix,Lepper,2002-06-14
2022,Vienna Vikings,628291b0-30e4-4460-9a17-b47a1fff5101,Alexander,Watholowitsch,1998-09-05
2021,Hamburg Sea Devils,628ade7a-e352-4d0e-b309-417e143280ba,Gian,De Guzman,1998-05-20
2022,Hamburg Sea Devils,628ade7a-e352-4d0e-b309-417e143280ba,Gian,De Guzman,1998-05-20
2022,Rhein Fire,63bf940c-296b-4136-bb6b-b6610041e837,Maximilian,Eisenhut,1995-04-29
2022,Raiders Tirol,653ca998-7a42-4803-ac11-15235a4faf1d,Tony,Anderson,1994-04-20
2021,Hamburg Sea Devils,65f4a1fe-0dd6-4423-b847-3f1f1b2029f6,John Levi ,Kruse,1997-05-23
2022,Hamburg Sea Devils,65f4a1fe-0dd6-4423-b847-3f1f1b2029f6,John Levi ,Kruse,1997-05-23
2021,Barcelona Dragons,6608b092-680f-4104-8069-caba1595132e,Jordi,Brugnani,1992-06-12
2022,Barcelona Dragons,6608b092-680f-4104-8069-caba1595132e,Jordi,Brugnani,1992-06-12
2021,Panthers Wroclaw,66597ee2-57f4-439f-84ea-26b8008229cc,Murilo,Machado Silva,1992-07-12
2022,Cologne Centurions,66618e34-cf7e-43a9-a258-1509c0797fbe,Frederik,Schneider,2001-09-19
2022,Raiders Tirol,66a4c03d-2917-4a32-a088-e9d11aff3201,Tobias,Bonatti,1998-05-18
2022,Vienna Vikings,6a089869-c8aa-4044-9693-9d4eefcf4335,Florian,Sudi,1997-07-18
2022,Rhein Fire,6b483cf1-d4f7-4aa2-a259-f92a71eec63c,Martin,Pinter,1997-05-10
2022,Vienna Vikings,6b4be01f-2d01-4ddb-8914-34be7b00c10a,Marvin,Wappl,1994-03-15
2022,Raiders Tirol,6b928c09-7102-4977-b45d-13e19ac6a355,Julian,Perfler,1997-11-05
2021,Barcelona Dragons,6bcb84a5-19f4-46d0-b28c-dd6ee6cb275a,Yago,Rivero,2000-06-30
2022,Barcelona Dragons,6bcb84a5-19f4-46d0-b28c-dd6ee6cb275a,Yago,Rivero,2000-06-30
2021,Barcelona Dragons,6c210f26-de05-45ef-91f0-6bfa669e780d,Rémi,Bertellin,1994-02-09
2021,Stuttgart Surge,6dfcb3ea-b24b-4436-8d9d-b06f2cbd110e,Joshua,Jacob,1995-05-11
2022,Leipzig Kings,6dfcb3ea-b24b-4436-8d9d-b06f2cbd110e,Joshua,Jacob,1995-05-11
2022,Frankfurt Galaxy,6e2adf62-0e17-45b8-a0d8-a60e719cf05d,Thang,Le Minh,1995-12-31
2022,Raiders Tirol,719451e1-6a62-47c2-a4a9-b9a128923745,Laurynas,Orlovicius,1995-06-04
2022,Rhein Fire,74a52106-0301-4c92-991e-d40959640416,Harlan,Kwofie,1999-06-03
2021,Frankfurt Galaxy,750b6928-96f8-412c-b6f0-f5ac0a629f5b,Marvin,Rutsch,1998-03-13
2022,Frankfurt Galaxy,750b6928-96f8-412c-b6f0-f5ac0a629f5b,Marvin,Rutsch,1998-03-13
2022,Vienna Vikings,754e8e94-e39c-4573-bd19-c4b29e2fdd24,Oskar,Kranich,1999-06-22
2021,Cologne Centurions,764a8746-c217-42bf-b135-940ba44deb06,Alexander,Thür,1992-10-20
2022,Cologne Centurions,764a8746-c217-42bf-b135-940ba44deb06,Alexander,Thür,1992-10-20
2021,Panthers Wroclaw,769bf111-463c-4fb9-977e-edb7c3ee8455,Karlis,Brauns,1994-01-12
2022,Frankfurt Galaxy,769bf111-463c-4fb9-977e-edb7c3ee8455,Karlis,Brauns,1994-01-12
2021,Stuttgart Surge,7786881b-fb82-45d1-a377-7795ea4bc0ff,Jean-Charles,Moukouri,1994-06-15
2022,Stuttgart Surge,7786881b-fb82-45d1-a377-7795ea4bc0ff,Jean-Charles,Moukouri,1994-06-15
2021,Barcelona Dragons,7798f9e7-9fc9-461b-96df-2f884db515e1,Alexandre,Gonzalez Posito,1991-11-23
2022,Barcelona Dragons,7798f9e7-9fc9-461b-96df-2f884db515e1,Alexandre,Gonzalez Posito,1991-11-23
2022,Cologne Centurions,78e7653a-8151-4322-9eaf-6b2895dc0520,Flamur,Simon,1999-12-15
2021,Leipzig Kings,7919719b-2a28-4796-bfb9-ee4c47c42f27,Roedion,Henrique,1992-12-22
2022,Leipzig Kings,7919719b-2a28-4796-bfb9-ee4c47c42f27,Roedion,Henrique,1992-12-22
2022,Vienna Vikings,794bba04-1c8b-4ca7-828c-63d068d51d34,Modeste,Pooda,1997-12-02
2022,Rhein Fire,7bcce1a0-b4b0-4beb-a12b-76d45677f6e3,Tyrone Jordan,Alexander,1997-10-14
2022,Vienna Vikings,7d59bc17-dc30-4b07-9f22-6a6e5e239e21,Matthew,Daltrey,1996-12-22
2022,Rhein Fire,7dfa8df5-9e43-4297-9af2-ae8f6127e18d,Joel,Plum,2002-10-13
2021,Hamburg Sea Devils,7dfc9a2e-809e-460b-bba7-e838ef2b3d8c,Leon,Kusterer,1998-04-20
2022,Leipzig Kings,7dfc9a2e-809e-460b-bba7-e838ef2b3d8c,Leon,Kusterer,1998-04-20
2022,Frankfurt Galaxy,7f28f1af-6517-4404-bc1d-f6bb1d8c90b7,Konstantin,Katz,1995-04-29
2022,Raiders Tirol,7fa1efa7-ee29-4165-a790-d55ef601f2db,Tony,Koskinen,1998-01-22
2021,Frankfurt Galaxy,7fd6460d-cd61-40a8-b112-eb197d7590a6,Luca,Hebel,2000-07-04
2022,Frankfurt Galaxy,7fd6460d-cd61-40a8-b112-eb197d7590a6,Luca,Hebel,2000-07-04
2022,Rhein Fire,81bb9297-6d51-4fe2-8c5d-f5ce6fbf349e,Justus,Sleiman,2002-01-30
2022,Vienna Vikings,825db407-c332-4e8d-b9e8-45d8ad778cde,Leon,Balogh,1996-06-02
2021,Panthers Wroclaw,82a6f6eb-cbf9-4d26-872a-9a04447b2e07,Kamil,Ruta,1986-04-05
2022,Panthers Wroclaw,82a6f6eb-cbf9-4d26-872a-9a04447b2e07,Kamil,Ruta,1986-04-05
2022,Leipzig Kings,82da08e3-1662-47ac-b9b8-8d9d67c5a0a1,A.J.,Wentland,1994-12-06
2022,Rhein Fire,833198ae-20d3-4646-bb29-b890fd3e2210,Sven,Breidenbach,1989-09-18
2022,Barcelona Dragons,855c4ef5-bf27-4050-b4ae-bc1e86d596f7,Adrian,Novella,1994-07-21
2021,Barcelona Dragons,85fc9363-7a47-4bf5-aeba-5789e53d9f4f,Niko,Lester,1991-10-31
2022,Barcelona Dragons,85fc9363-7a47-4bf5-aeba-5789e53d9f4f,Niko,Lester,1991-10-31
2022,Raiders Tirol,869f8e42-6355-4168-be49-a8324452705b,Maxime,Roger,1996-07-10
2022,Raiders Tirol,8737e811-5f91-4612-896b-69d36f0170a4,Philipp,Haun,1994-09-15
2021,Stuttgart Surge,87fac548-7768-43d9-a336-ed856124199b,Zachary ,Blair,1995-05-01
2022,Istanbul Rams,87fac548-7768-43d9-a336-ed856124199b,Zachary ,Blair,1995-05-01
2022,Rhein Fire,880d8da0-c601-4362-89b6-d900b26de03d,Jason,Chikere,1998-02-11
2022,Rhein Fire,8918f74b-0186-46ef-b5c1-77201bb8422b,Rohat,Dagdelen,1997-04-15
2022,Frankfurt Galaxy,89b458f0-3796-4680-a71a-23835728d8d4,Reece,Horn,1993-02-01
2021,Frankfurt Galaxy,8d87ce30-ab7e-11ed-92ce-6fe9c543b621,Lukas,Von Stumpfeldt,2000-01-03
2021,Cologne Centurions,8e6028c5-2b5a-423b-8194-630ec0d292cb,Jannik,Seibel,1999-05-28
2022,Rhein Fire,8e6028c5-2b5a-423b-8194-630ec0d292cb,Jannik,Seibel,1999-05-28
2021,Panthers Wroclaw,8f1bee03-994d-42f5-98d5-2eaee1253508,Kacper,Ołdak,1998-01-23
2022,Panthers Wroclaw,8f1bee03-994d-42f5-98d5-2eaee1253508,Kacper,Ołdak,1998-01-23
2022,Rhein Fire,90d73832-5e90-43be-9d7d-b5ac199de3cc,Arnoud,Holierhoek,1994-11-30
2022,Rhein Fire,91b54724-c209-4cc5-b061-c529b3e4146a,Remy,Feltes,1996-09-02
2021,Hamburg Sea Devils,924bfb6c-855d-4279-9419-18b7268a5ecc,Jadrian Alexander,Clark,1994-04-22
2022,Rhein Fire,924bfb6c-855d-4279-9419-18b7268a5ecc,Jadrian Alexander,Clark,1994-04-22
2022,Barcelona Dragons,93423b41-7c8b-488a-924c-48d9c5e9cf8a,Alan Mark,Sousa Posincovich,1988-09-28
2022,Hamburg Sea Devils,936d8a7e-bbd2-441f-8ba8-e3d801e5da32,Glen,Toonga,1995-03-17
2021,Cologne Centurions,93d6d3ba-da2e-4c84-b363-2ecbca5697a8,Jannik,Loercks,2000-12-13
2022,Cologne Centurions,93d6d3ba-da2e-4c84-b363-2ecbca5697a8,Jannik,Loercks,2000-12-13
2021,Panthers Wroclaw,9409208f-a338-46b0-9938-b0e0c85a7d8a,Szymon,Adamczyk,1985-02-17
2022,Panthers Wroclaw,9409208f-a338-46b0-9938-b0e0c85a7d8a,Szymon,Adamczyk,1985-02-17
2021,Barcelona Dragons,9437366c-74f7-4358-acfa-b0f10119692d,Javier,Barrena Ureta,1994-01-04
2022,Vienna Vikings,961c8e39-673b-4a5c-9311-ac692a481913,Sebastian,Huber,2000-01-09
2021,Panthers Wroclaw,96b4c89e-be35-4db5-a772-eedf74189e02,Darius,Saint-Robinson,1991-11-17
2022,Panthers Wroclaw,96b4c89e-be35-4db5-a772-eedf74189e02,Darius,Saint-Robinson,1991-11-17
2022,Barcelona Dragons,97312180-5e77-40fe-a133-c74a63315b82,Mikel,Gomez,1996-10-10
2021,Barcelona Dragons,9783530a-8cce-4a26-930d-03ea9c7b2909,Mario,Flores Somolinos,1996-08-01
2022,Barcelona Dragons,9783530a-8cce-4a26-930d-03ea9c7b2909,Mario,Flores Somolinos,1996-08-01
2022,Hamburg Sea Devils,986eb046-df81-40de-ad56-4a93c93a729b,Kevin,Fortes,1998-05-27
2022,Vienna Vikings,99003275-155e-4d8b-bb12-22afcb932710,Florian,Bierbaumer,1998-10-05
2022,Rhein Fire,996e5029-db5f-4aa7-b8a5-0c28279e6731,Jonathan,Peppler,1998-09-25
2022,Vienna Vikings,99d7c464-09bd-4b52-9f64-8357023e4e60,David,Rauter,1994-07-19
2022,Panthers Wroclaw,9b4f8b79-eec0-487e-80ff-e1994b8fed00,Dušan,Novaković,1998-02-17
2022,Frankfurt Galaxy,9b611f4f-493c-4dd4-8e2e-e6ff70670fc5,Anthony,Williams,1996-08-23
2022,Panthers Wroclaw,9bd43be4-c3bb-497f-b063-51b28053c8ea,Mateusz,Samczuk,1991-03-07
2022,Stuttgart Surge,9c8b0398-1dc0-420a-949b-d7874118054c,Benhur,Ayra,1994-04-26
2022,Cologne Centurions,9f6170ec-deb8-4bc9-af76-10d1d2818c77,Laurin Richard,Wiegand,2001-06-18
2021,Hamburg Sea Devils,9fbcb9bc-fd53-42a0-b978-6f1a932eb9d9,Julian,Ampaw,1989-06-27
2021,Berlin Thunder,a1309dc1-f645-47c5-9ee6-039e85cc8dee,Wael,Nasri,1997-11-30
2022,Frankfurt Galaxy,a1309dc1-f645-47c5-9ee6-039e85cc8dee,Wael,Nasri,1997-11-30
2021,Frankfurt Galaxy,a1fa2e06-bad9-492f-9f30-a1eac7463e47,Frank,Atunlese,1997-04-20
2022,Frankfurt Galaxy,a1fa2e06-bad9-492f-9f30-a1eac7463e47,Frank,Atunlese,1997-04-20
2021,Barcelona Dragons,a2246220-8744-4e45-a2c9-3a7802d0b12d,Victor,Albarracín Arias,2001-08-03
2022,Barcelona Dragons,a2246220-8744-4e45-a2c9-3a7802d0b12d,Victor,Albarracín Arias,2001-08-03
2022,Leipzig Kings,a3c9edfc-8db9-4136-a89e-c0152b476caf,Dominik,Banse,1996-01-04
2021,Barcelona Dragons,a46db98c-3936-4b8f-b814-69ebe44450c4,Andy,Vera Puentenueva,1998-10-27
2022,Barcelona Dragons,a46db98c-3936-4b8f-b814-69ebe44450c4,Andy,Vera Puentenueva,1998-10-27
2022,Raiders Tirol,a504c4a5-416d-46ec-b022-6ab70e6d3ae8,Philipp,Timmermann,2003-01-23
2021,Berlin Thunder,a7554991-2d97-406c-a4a8-10db1c90b124,Paul,Seifert,1997-08-24
2022,Berlin Thunder,a7554991-2d97-406c-a4a8-10db1c90b124,Paul,Seifert,1997-08-24
2021,Frankfurt Galaxy,a79f7bd9-8b45-4206-b9ac-86fd920113c1,Kevin,Mwamba,1992-10-08
2022,Frankfurt Galaxy,a79f7bd9-8b45-4206-b9ac-86fd920113c1,Kevin,Mwamba,1992-10-08
2021,Hamburg Sea Devils,a7f070e0-9834-476f-94f2-406a71388d08,Dominic,Aboagye-Duah,1994-12-01
2021,Stuttgart Surge,a8c08fe1-a503-497b-8c24-c39b9f6d1e14,Julian,Jakob,2000-02-27
2022,Stuttgart Surge,a8c08fe1-a503-497b-8c24-c39b9f6d1e14,Julian,Jakob,2000-02-27
2021,Cologne Centurions,a8f4fa47-dd3e-437b-aa02-9922c3490a6f,Marius,Kensy,1998-06-22
2022,Cologne Centurions,a8f4fa47-dd3e-437b-aa02-9922c3490a6f,Marius,Kensy,1998-06-22
2022,Frankfurt Galaxy,a8f5937c-8f0f-4a26-b146-ba889e5a604e,Jalen,Embry,1996-03-14
2022,Barcelona Dragons,a97cc754-b58a-4edb-8eff-c2f4134a472f,Edwin,Elio,1996-05-07
2021,Barcelona Dragons,aaf1fc86-790c-446b-8e25-19a14c131b15,Sebastian,Bowen,1999-09-24
2022,Barcelona Dragons,aaf1fc86-790c-446b-8e25-19a14c131b15,Sebastian,Bowen,1999-09-24
2022,Frankfurt Galaxy,ab3f9184-db90-4882-aeb8-edc2660cb9c3,Karim,Ben El-Ghali,2000-10-17
2022,Istanbul Rams,ab57b345-97a7-4942-95b4-591a18b6beb7,Chad,Walrond,1999-05-25
2022,Cologne Centurions,ab57b345-97a7-4942-95b4-591a18b6beb7,Chad,Walrond,1999-05-25
2021,Panthers Wroclaw,abc58452-4986-4903-a17d-db18c55805f5,Kamil,Kotlarz,2001-06-13
2022,Panthers Wroclaw,abc58452-4986-4903-a17d-db18c55805f5,Kamil,Kotlarz,2001-06-13
2022,Vienna Vikings,ad047a73-d11e-42fd-b3fe-0500271ee6d7,Toby,Lettman,1994-12-31
2022,Raiders Tirol,ad36be29-b034-4c7f-9f09-fd6e1ba077c4,Jan,Mayerhofer,2000-07-07
2022,Vienna Vikings,adcbeecb-6559-4b35-bc13-4885a90b2fc3,Sebastian,Ernst,1998-08-05
2022,Raiders Tirol,ae328909-23bd-4d43-a53e-6c3a1f23e144,Gerd,Mitterdorfer,1997-01-07
2022,Frankfurt Galaxy,ae4aff8a-0a2e-4b18-9cb8-b7e57864baf8,Niklas,Schumm,1999-11-12
2021,Hamburg Sea Devils,aedffcb8-5d13-4b9b-8c6d-5003225ac6e9,Simon,Homadi,2001-11-03
2022,Hamburg Sea Devils,aedffcb8-5d13-4b9b-8c6d-5003225ac6e9,Simon,Homadi,2001-11-03
2022,Stuttgart Surge,af3d9296-496d-4175-8854-37ee428ee529,Maleka Japhet,Mbala,1998-03-28
2021,Barcelona Dragons,af52d5b2-a90b-4ee2-9770-46a5fec53b4d,Cesare,Brugnani,1993-07-22
2022,Barcelona Dragons,af52d5b2-a90b-4ee2-9770-46a5fec53b4d,Cesare,Brugnani,1993-07-22
2021,Barcelona Dragons,afe826c4-b4f3-427d-9894-f164e99217de,Alejandro,Fernandez Nieto,2001-11-30
2022,Barcelona Dragons,afe826c4-b4f3-427d-9894-f164e99217de,Alejandro,Fernandez Nieto,2001-11-30
2022,Berlin Thunder,b0f26a49-120b-4677-9445-b0a8d1f10aa0,Robin,Wilzeck,1999-04-27
2021,Panthers Wroclaw,b19391bf-9dea-4459-adae-30f468b83627,Rafał,Rogaczewski,1991-07-31
2022,Panthers Wroclaw,b19391bf-9dea-4459-adae-30f468b83627,Rafał,Rogaczewski,1991-07-31
2022,Berlin Thunder,b23c15eb-2708-412f-9df6-79bf70891918,Amir,Kilani,1998-09-15
2021,Frankfurt Galaxy,b2b8ea69-d3f6-4fd5-a72b-a67fa7ff2531,Justin,Rodney,1995-10-30
2022,Frankfurt Galaxy,b2b8ea69-d3f6-4fd5-a72b-a67fa7ff2531,Justin,Rodney,1995-10-30
2022,Panthers Wroclaw,b37a2a8f-80b2-480b-9106-c2e94feda799,Sebastian,Kojkoł,1997-07-31
2021,Berlin Thunder,b6d5fe30-1d70-4efc-b8d9-c77cb22262c1,Jannik,Werblow,2001-07-19
2022,Berlin Thunder,b6d5fe30-1d70-4efc-b8d9-c77cb22262c1,Jannik,Werblow,2001-07-19
2022,Vienna Vikings,b6f0b49b-8d2b-4825-aead-d67c6be266b3,Lukas,Holub,2002-03-07
2022,Stuttgart Surge,b788edbb-f228-4c18-b369-5cb2fb2a92c7,Michael,Kimpiabi,1998-03-27
2022,Stuttgart Surge,b8384976-0b03-490f-a75d-51f17d49f5ac,Marco,Fischer ,1993-05-18
2021,Panthers Wroclaw,bae8d1e2-8923-4567-bcd2-d8c2c156d8df,Tomasz,Kiszka,2001-06-14
2022,Panthers Wroclaw,bae8d1e2-8923-4567-bcd2-d8c2c156d8df,Tomasz,Kiszka,2001-06-14
2021,Frankfurt Galaxy,bc7fc1e0-3b37-4d83-bb2d-0f7cc018ccb8,Sven,Fischer,1995-01-29
2022,Frankfurt Galaxy,bc7fc1e0-3b37-4d83-bb2d-0f7cc018ccb8,Sven,Fischer,1995-01-29
2021,Stuttgart Surge,bd827e11-e567-4ff3-adc8-60bc040d3a8e,Dimitri,Gfeller,1991-11-09
2021,Cologne Centurions,be10b98b-95a2-44bb-8e19-fd7d20f12c13,Nick,Wiens,1997-04-17
2022,Rhein Fire,be10b98b-95a2-44bb-8e19-fd7d20f12c13,Nick,Wiens,1997-04-17
2022,Cologne Centurions,bf2f9316-96b0-4316-9cd8-13586e31eedc,Dean,Tanwani,1997-03-18
2021,Barcelona Dragons,bffcfcd8-8b61-4291-8ba4-a6889d348032,Antoni,Montón,1995-03-28
2022,Barcelona Dragons,bffcfcd8-8b61-4291-8ba4-a6889d348032,Antoni,Montón,1995-03-28
2022,Raiders Tirol,c0948e05-a1f5-4232-ae12-d7202d00ef01,Denis William ,Butz,1989-03-02
2022,Raiders Tirol,c0d80fa5-87ee-4b8e-b4fe-bdc396396f08,Christoph,Nitzlnader,2002-12-11
2022,Raiders Tirol,c102a4a3-dea4-4da2-a6d0-a31d5729de09,Jamalcolm,Liggins,1996-04-26
2022,Berlin Thunder,c1a7f68c-aecd-4db8-8383-5882e57fdcca,Ian,Gehrke,1998-05-24
2021,Cologne Centurions,c1f7307d-b85a-4ba9-a7e9-d8440fab5a3a,Tufan Tolga,Yagmur,1993-09-26
2022,Cologne Centurions,c1f7307d-b85a-4ba9-a7e9-d8440fab5a3a,Tufan Tolga,Yagmur,1993-09-26
2022,Berlin Thunder,c205199f-a717-479b-a1bb-f60ab4a2360f,Stanley,Zeregbe,1997-02-04
2021,Hamburg Sea Devils,c2200ce4-4ca4-4ed5-8a85-028bb99d30fe,Maximilian,Donalies,1995-09-26
2022,Vienna Vikings,c2b65c81-7770-457f-bf99-68137b8f8f8a,Florian,Grünsteidl,1982-03-13
2022,Panthers Wroclaw,c3c0f218-e6fe-494f-aa88-c91ffd82adbb,Thomas,Fileccia,1999-09-15
2022,Vienna Vikings,c52ab6af-cddf-4f2e-851e-5bd6dc697bd7,Moriz,Elmauthaler,1999-11-11
2021,Barcelona Dragons,c601466a-35e2-4b63-a050-8ad15d4ad3b3,Celestin,Ngimbi Mabiala,2002-10-30
2022,Barcelona Dragons,c601466a-35e2-4b63-a050-8ad15d4ad3b3,Celestin,Ngimbi Mabiala,2002-10-30
2022,Vienna Vikings,c6b9d612-8e7e-462a-af93-f97a21ffac1a,Michael,Schachermayr,1994-12-02
2021,Hamburg Sea Devils,c70f2520-d6c8-4ae7-a1b3-627470f5d297,David,Weinstock,1998-09-20
2022,Hamburg Sea Devils,c70f2520-d6c8-4ae7-a1b3-627470f5d297,David,Weinstock,1998-09-20
2021,Hamburg Sea Devils,c72dfa2d-26fd-4645-b9e6-0d03ab3d8f28,Adria,Botella Moreno,1993-09-18
2022,Vienna Vikings,c72dfa2d-26fd-4645-b9e6-0d03ab3d8f28,Adria,Botella Moreno,1993-09-18
2021,Leipzig Kings,c73591b1-d20b-4547-a88e-d11153015fa9,Shalom,Baafi,1999-07-06
2022,Hamburg Sea Devils,c73591b1-d20b-4547-a88e-d11153015fa9,Shalom,Baafi,1999-07-06
2021,Cologne Centurions,c7eda2c0-2c80-4663-a0ed-1119e8c126cc,Valentin,Rödiger,1998-02-17
2022,Cologne Centurions,c7eda2c0-2c80-4663-a0ed-1119e8c126cc,Valentin,Rödiger,1998-02-17
2021,Frankfurt Galaxy,c85dcc00-d3b3-4543-991a-3f401c76e3ed,Simon Niklas,Otto,2000-11-17
2022,Frankfurt Galaxy,c85dcc00-d3b3-4543-991a-3f401c76e3ed,Simon Niklas,Otto,2000-11-17
2022,Frankfurt Galaxy,c8e5ebb7-2bcc-4754-977c-7c3ba023f9bc,Thomas,Fischbach,1993-06-02
2021,Cologne Centurions,c9daf96a-fc48-4bf7-9f3e-149bdd5c6104,Matthias,Banjaqui,1995-09-02
2022,Cologne Centurions,c9daf96a-fc48-4bf7-9f3e-149bdd5c6104,Matthias,Banjaqui,1995-09-02
2021,Hamburg Sea Devils,ca84fb0e-d69f-40e4-998f-d8493610642c,Hiswill,Awuah,2000-08-14
2022,Hamburg Sea Devils,ca84fb0e-d69f-40e4-998f-d8493610642c,Hiswill,Awuah,2000-08-14
2022,Vienna Vikings,cb1da7fb-ccdf-4eb0-b944-15d4f604224c,Leonhard,Gerner,2000-09-25
2021,Cologne Centurions,cb22300b-4d4b-44e3-bcb8-db1fabed3969,Florian,Eichhorn,1994-10-03
2022,Rhein Fire,cb22300b-4d4b-44e3-bcb8-db1fabed3969,Florian,Eichhorn,1994-10-03
2021,Stuttgart Surge,cc0eef5c-32a7-4a92-9362-5bdc5c975679,Julian,Ludwig Mayorga,1999-08-23
2022,Stuttgart Surge,cc0eef5c-32a7-4a92-9362-5bdc5c975679,Julian,Ludwig Mayorga,1999-08-23
2021,Stuttgart Surge,cc89ff1f-2e1e-4886-9d91-b67c6206aa9e,Ben,Wenzler,2000-08-02
2022,Stuttgart Surge,cc89ff1f-2e1e-4886-9d91-b67c6206aa9e,Ben,Wenzler,2000-08-02
2022,Barcelona Dragons,ccae991a-0378-4b38-8a12-3a2c5ec42b9f,Mathias Roll,Hummelmose,1994-03-10
2021,Stuttgart Surge,ccfcddda-504a-4868-9327-71be43774edf,Jai,Jackson,1996-08-22
2021,Frankfurt Galaxy,ce0ad077-6344-4e3f-8550-452ad4c2cfac,Omari,Williams,1996-05-04
2022,Rhein Fire,ce0ad077-6344-4e3f-8550-452ad4c2cfac,Omari,Williams,1996-05-04
2022,Frankfurt Galaxy,d05d0664-9882-4e64-8011-befa1892f819,Koku ,Giede,1998-06-03
2022,Leipzig Kings,d0aaad0e-76a0-4816-9e5e-2a30ffaf8c31,Philip,Eichhorn,1994-12-21
2022,Panthers Wroclaw,d34a364f-39f8-435e-8e43-bf76293b1eca,Adam,Lary,1991-09-14
2022,Berlin Thunder,d44a6e91-4ba8-4730-a611-4f3656019915,Marius,Markert,1998-07-23
2022,Raiders Tirol,d48e8cea-6d14-4dce-a49a-9409fd67606e,Ruben,Seeber,1999-06-11
2021,Hamburg Sea Devils,d6406226-42cf-411d-a724-1baa352f7854,Benjamin,Mau,1991-11-24
2022,Hamburg Sea Devils,d6406226-42cf-411d-a724-1baa352f7854,Benjamin,Mau,1991-11-24
2021,Panthers Wroclaw,d6eb78ec-9d04-4a3b-8bc1-d5c180f8bc87,Wiktor,Zięba,1994-07-16
2022,Panthers Wroclaw,d6eb78ec-9d04-4a3b-8bc1-d5c180f8bc87,Wiktor,Zięba,1994-07-16
2022,Frankfurt Galaxy,d81bdf1d-1288-4f6e-97cd-b3d3d4054aa8,Sven,Rieger,1988-08-26
2022,Vienna Vikings,db753091-9aff-45a3-af14-5ba5c2e3aacb,Kende,Rathonyi,1998-11-29
2021,Berlin Thunder,dc618801-636c-4ae1-b419-2b2c83fc7e3b,Cedric,Ouattara,1995-06-20
2022,Berlin Thunder,dc618801-636c-4ae1-b419-2b2c83fc7e3b,Cedric,Ouattara,1995-06-20
2022,Vienna Vikings,dd68ffe0-4580-497a-b40e-dca6eacf6626,Johannes,Schütz,2000-10-03
2022,Hamburg Sea Devils,dd701fb5-1ed4-42f9-aa4f-11f12a56ad21,Moritz,Maack,1997-06-28
2021,Leipzig Kings,de902b04-8d6b-4fe1-821b-9ac0d12b1683,Aslan,Zetterberg,1997-08-25
2022,Leipzig Kings,de902b04-8d6b-4fe1-821b-9ac0d12b1683,Aslan,Zetterberg,1997-08-25
2021,Cologne Centurions,decf2fa6-d9df-4bcd-800c-daa499c22498,Jannik,Nowak,1994-08-19
2021,Stuttgart Surge,def0dc8a-0965-4e41-a75e-abfe78b22fc4,Bryan,Yankson,1999-10-25
2022,Stuttgart Surge,def0dc8a-0965-4e41-a75e-abfe78b22fc4,Bryan,Yankson,1999-10-25
2022,Raiders Tirol,df003e9f-5f1a-43bd-847c-419e56ab89d9,Derrick,Brumfield,1998-04-24
2022,Vienna Vikings,df7d782a-bbc9-434e-96e8-4dfcee1c5475,Exavier,Edwards,1991-11-23
2021,Hamburg Sea Devils,df97b4cf-bdfd-4e8b-a55c-a53c675e1b4c,Evans,Yeboah,1993-12-23
2022,Hamburg Sea Devils,df97b4cf-bdfd-4e8b-a55c-a53c675e1b4c,Evans,Yeboah,1993-12-23
2021,Berlin Thunder,dfae87c0-a159-4dc6-9717-6b33a9654146,Moritz,Thiele,1993-09-10
2022,Berlin Thunder,dfae87c0-a159-4dc6-9717-6b33a9654146,Moritz,Thiele,1993-09-10
2021,Frankfurt Galaxy,dfb3124b-f59b-44cc-ad8a-662a346e9333,Mamadou,Sy,1993-01-07
2022,Frankfurt Galaxy,dfb3124b-f59b-44cc-ad8a-662a346e9333,Mamadou,Sy,1993-01-07
2022,Cologne Centurions,e01d4e1c-6d7f-4655-99d8-ab4a187f5f94,Jahn Jesus,Lara Perez,1999-12-28
2021,Frankfurt Galaxy,e02be390-6af8-4ee0-b415-16ffd2f9f481,Noah,Bomba,2000-04-18
2022,Stuttgart Surge,e02be390-6af8-4ee0-b415-16ffd2f9f481,Noah,Bomba,2000-04-18
2021,Leipzig Kings,e08f335e-4a90-4da5-89ad-9594e1be1b1e,Kyle,Kitchens,1996-01-25
2022,Berlin Thunder,e08f335e-4a90-4da5-89ad-9594e1be1b1e,Kyle,Kitchens,1996-01-25
2021,Panthers Wroclaw,e0b09958-2800-4e4e-8d85-5a35f45acb39,Maciej,Krupa,2003-06-29
2022,Panthers Wroclaw,e0b09958-2800-4e4e-8d85-5a35f45acb39,Maciej,Krupa,2003-06-29
2022,Frankfurt Galaxy,e124a77a-72eb-403e-a278-34bf516ff2f8,Nick,Kaufman,2003-06-04
2022,Vienna Vikings,e371e34e-587e-4e22-9993-4df29974d455,Alexander,Reischl,2002-09-13
2022,Hamburg Sea Devils,e4b06b59-8355-43a9-a41e-eeedc94d4748,Tim,Hänni,1996-10-13
2021,Barcelona Dragons,e599f293-24a4-4c52-89dd-2876fcb24732,Luis,Cereceda,1988-10-27
2022,Barcelona Dragons,e599f293-24a4-4c52-89dd-2876fcb24732,Luis,Cereceda,1988-10-27
2021,Frankfurt Galaxy,e680de06-02ce-4fea-972a-2a8a18939de0,Nico,Strahmann,1998-12-28
2022,Frankfurt Galaxy,e680de06-02ce-4fea-972a-2a8a18939de0,Nico,Strahmann,1998-12-28
2021,Berlin Thunder,e86114e7-be65-4774-912b-f36983be6f65,Nicolai,Schumann,1992-03-06
2022,Berlin Thunder,e86114e7-be65-4774-912b-f36983be6f65,Nicolai,Schumann,1992-03-06
2021,Panthers Wroclaw,e9fe398f-6041-40b4-a4c1-832f87d070f5,Kacper,Fiedziuk,1998-04-01
2022,Panthers Wroclaw,e9fe398f-6041-40b4-a4c1-832f87d070f5,Kacper,Fiedziuk,1998-04-01
2021,Frankfurt Galaxy,ea0d6239-d299-43bb-913a-af620c5d5e9f,Sebastian,Gauthier,
2022,Frankfurt Galaxy,ea0d6239-d299-43bb-913a-af620c5d5e9f,Sebastian,Gauthier,
2021,Panthers Wroclaw,eaa8929d-2b8b-451d-b5d6-8b4cbfc56334,Łukasz,Gembara,1998-01-19
2022,Panthers Wroclaw,eaa8929d-2b8b-451d-b5d6-8b4cbfc56334,Łukasz,Gembara,1998-01-19
2021,Cologne Centurions,ebd1c2db-e852-4c2d-b8f8-b40dfd5cda65,Daniel ,Schuhmacher,1986-09-03
2022,Rhein Fire,ebd1c2db-e852-4c2d-b8f8-b40dfd5cda65,Daniel ,Schuhmacher,1986-09-03
2021,Berlin Thunder,ec44030f-2ead-4a8a-ae58-42c96df95d59,Marcel,Behm,1983-03-24
2022,Berlin Thunder,ec44030f-2ead-4a8a-ae58-42c96df95d59,Marcel,Behm,1983-03-24
2021,Frankfurt Galaxy,ecc29164-a42d-4f11-9db4-713d8bfc11f2,Gerald,Ameln,2001-06-30
2022,Hamburg Sea Devils,ecc29164-a42d-4f11-9db4-713d8bfc11f2,Gerald,Ameln,2001-06-30
2021,Cologne Centurions,eccc8444-9f45-4b8c-a06b-a8441286e576,Noah ,Aarass,1997-11-12
2022,Cologne Centurions,eccc8444-9f45-4b8c-a06b-a8441286e576,Noah ,Aarass,1997-11-12
2022,Vienna Vikings,ecf4dee9-3ce6-4d4e-addd-4593ccfa5045,Nikolaus,Huszar,2001-04-03
2021,Cologne Centurions,ed351141-2c2c-408b-9390-d2aa3e4f5bb4,Patrick,Poetsch,1989-06-12
2022,Rhein Fire,ed351141-2c2c-408b-9390-d2aa3e4f5bb4,Patrick,Poetsch,1989-06-12
2022,Cologne Centurions,ef9c06d1-662d-4af8-9b67-677e8d8c18e2,Leander Valentin,Wiegand,1999-08-24
2022,Raiders Tirol,efbe170a-7005-45b1-bf53-16b70d3ea736,Markus,Schaberl,1996-11-16
2022,Berlin Thunder,efcbe0b6-d9ae-408b-8149-5fdc5d020703,Ludvig,Myrén,2000-12-05
2022,Berlin Thunder,f03d31c5-4273-43ce-a3e0-da3fcb53a235,Tillman,Bolk,1997-09-11
2022,Cologne Centurions,f0b62541-ebd4-4f6f-8a03-dc0b25ee755c,Jens,Appelt,1998-03-04
2022,Hamburg Sea Devils,f43cd931-6851-4b78-9ede-4479cb009035,Eric,Schlomm,1991-12-27
2022,Berlin Thunder,f45f0a51-8b00-4190-a493-b19a99b28080,Albert,Wiesigstrauch,2002-01-22
2022,Stuttgart Surge,f4a5333d-ab79-4504-88a9-1a6270200cec,Chris,Voumbo,
2021,Stuttgart Surge,f7668e7b-c327-4bff-93b5-35549fd80e03,Nick,Wenzelburger,1999-10-06
2022,Stuttgart Surge,f7668e7b-c327-4bff-93b5-35549fd80e03,Nick,Wenzelburger,1999-10-06
2022,Vienna Vikings,f84a43b1-0655-4b6f-a7c0-811576482ecb,Dennis,Tasic,1992-09-09
2022,Vienna Vikings,f86c7017-421e-4aaf-bdfd-91ac9be4f887,Dominic,Siegel,1995-12-01
2022,Frankfurt Galaxy,f9653bb4-4ca1-4d27-ab3f-8992b3cc6d22,Francesco,Runco,1997-09-01
2021,Hamburg Sea Devils,f99eff07-d455-4f5e-bbb7-88aa926e4902,Robin ,Fensch,1993-02-13
2022,Hamburg Sea Devils,f99eff07-d455-4f5e-bbb7-88aa926e4902,Robin ,Fensch,1993-02-13
2022,Barcelona Dragons,f9fe289f-cb32-4695-83d5-59ad9c235e21,Jose Rafael,Ariza Paredes,1997-10-14
2022,Vienna Vikings,fcfc78e3-d160-45a6-8287-232d15f7032f,Vito,Millauer,2001-01-12
2022,Rhein Fire,fd5d765d-6929-4021-b6ae-d1ab3700ae32,Nathaniel ,Robitaille,1992-11-26
2021,Stuttgart Surge,fda5d9e7-5668-4260-8040-116cc091b6ce,Jan,Steiger,1994-04-05
2022,Stuttgart Surge,fda5d9e7-5668-4260-8040-116cc091b6ce,Jan,Steiger,1994-04-05
2022,Cologne Centurions,fe50fe25-8e56-483f-9cfe-f82ca5617bc5,Jonell Patrice,Pelie,1995-03-25
2021,Hamburg Sea Devils,fe60370c-e1eb-4028-a929-5d3846982a79,Jan-Phillip,Bombek,1996-12-01
2022,Leipzig Kings,fe60370c-e1eb-4028-a929-5d3846982a79,Jan-Phillip,Bombek,1996-12-01
2021,Panthers Wroclaw,fe67a648-2d6d-49e4-97fb-85d8a33792df,Bartosz,Dziedzic,1994-10-06
2022,Panthers Wroclaw,fe67a648-2d6d-49e4-97fb-85d8a33792df,Bartosz,Dziedzic,1994-10-06
2021,Stuttgart Surge,ffe79fcc-e8c4-4ed5-936e-ea7d6e59290d,Marvin,Pludra,2000-12-07
2022,Rhein Fire,ffe79fcc-e8c4-4ed5-936e-ea7d6e59290d,Marvin,Pludra,2000-12-07
