,player_id,player_number,player_first_name,player_last_name,player_position,player_height_m,player_height_in,player_weight_kg,player_weight_lbs,season,team
0,aj-wentland,49,AJ,Wentland,ILB,1.92,75.59,104,229.28,2022,Leipzig Kings
1,aaron-boadu,4,Aaron,Boadu,DE,1.95,76.77,125,275.58,2021,Berlin Thunder
2,aaron-ellis,2,Aaron,Ellis,QB,1.9,74.8,104,229.28,2021,Stuttgart Surge
3,aaron-grosse-kleimann,27,Aaron,Große Kleimann,DE,2.05,80.71,120,264.55,2022,Berlin Thunder
4,aaron-rosemann,41,Aaron,Rosemann,OLB,1.91,75.2,95,209.44,2022,Berlin Thunder
5,abdullah-kilany,93,Abdullah,Kilany,DE,1.87,73.62,105,231.49,2022,Istanbul Rams
6,achim-bah,19,Achim,Bah,WR,1.91,75.2,90,198.42,2022,Rhein Fire
7,adam-lary,25,Adam,Lary,CB,1.84,72.44,84,185.19,2022,Panthers Wroclaw
8,adedayo-odeleye,94,Adedayo,Odeleye,DL,1.97,77.56,120,264.55,2021,Berlin Thunder
9,adria-botella-moreno,8,Adria,Botella Moreno,TE,1.98,77.95,114,251.33,2022,Vienna Vikings
10,adria-botella-moreno,8,Adria,Botella Moreno,TE,1.98,77.95,114,251.33,2021,Hamburg Sea Devils
11,adrian-brudny,92,Adrian,Brudny,DL,1.85,72.83,132,291.01,2021,Panthers Wroclaw
12,adrian-grodecki,18,Adrian,Gródecki,WR,1.85,72.83,81,178.57,2022,Panthers Wroclaw
13,adrian-grodecki,18,Adrian,Gródecki,WR,1.85,72.83,81,178.57,2021,Panthers Wroclaw
14,adrian-kiernan,39,Adrian,Kiernan,S,1.75,68.9,80,176.37,2022,Rhein Fire
15,adrian-lenartowicz,13,Adrian,Lenartowicz,CB,1.93,75.98,94,207.23,2022,Panthers Wroclaw
16,adrian-platzgummer,6,Adrian,Platzgummer,WR,1.81,71.26,88,194.01,2022,Raiders Tirol
17,adriel-costa,26,Adriel ,Costa,DB,1.78,70.08,80,176.37,2021,Barcelona Dragons
18,adrian-jimenez,3,Adrián,Jiménez,RB,1.8,70.87,97,213.85,2022,Barcelona Dragons
19,adrian-jimenez,3,Adrián,Jiménez,RB,1.8,70.87,97,213.85,2021,Barcelona Dragons
20,adrian-novella,55,Adrián,Novella,ILB,1.75,68.9,92,202.83,2022,Barcelona Dragons
21,ahmet-cem-ugur,40,Ahmet Cem,Uğur,ILB,1.83,72.05,100,220.46,2022,Istanbul Rams
22,ahmet-talha-bercin,21,Ahmet Talha,Berçin,CB,1.87,73.62,95,209.44,2022,Istanbul Rams
23,al-mustafa-almakki,,Al Mustafa,Almakki,OL,1.87,73.62,135,297.62,2021,Stuttgart Surge
24,alan-mark-sousa-posincovich-,68,Alan Mark,Sousa Posincovich,OL,1.87,73.62,140,308.65,2022,Barcelona Dragons
25,albert-wiesigstrauch,22,Albert,Wiesigstrauch,RB,1.73,68.11,82,180.78,2022,Berlin Thunder
26,alberto-coq-huelva,49,Alberto,Coq Huelva,LB,1.85,72.83,96,211.64,2021,Cologne Centurions
27,alberto-del-cerro,93,Alberto,Del Cerro,DE,1.95,76.77,110,242.51,2022,Barcelona Dragons
28,alejandro-fernandez,11,Alejandro,Fernández,DE,1.88,74.02,105,231.49,2022,Barcelona Dragons
29,alejandro-fernandez,11,Alejandro,Fernández,DE,1.88,74.02,105,231.49,2021,Barcelona Dragons
30,alejandro-herrero,17,Alejandro,Herrero,RB,1.78,70.08,,,2021,Barcelona Dragons
31,aleksandr-milanovic,61,Aleksandar,Milanovic,OL,2.01,79.13,129,284.4,2022,Vienna Vikings
32,aleksandr-astahin,22,Aleksandr,Astahin,S,1.71,67.32,87,191.8,2022,Hamburg Sea Devils
33,aleksandr-astahin,22,Aleksandr,Astahin,S,1.71,67.32,87,191.8,2021,Hamburg Sea Devils
34,alex-ferrari,11,Alex,Ferrari,ILB,1.83,72.05,102,224.87,2022,Raiders Tirol
35,alex-powar,98,Alex,Powar,DE,1.88,74.02,115,253.53,2022,Panthers Wroclaw
36,alexander-babic,93,Alexander,Babic,DT,1.95,76.77,135,297.62,2021,Hamburg Sea Devils
37,alexander-boes,52,Alexander,Boes,DT,1.9,74.8,120,264.55,2022,Cologne Centurions
38,alexander-boes,52,Alexander,Boes,DT,1.9,74.8,120,264.55,2021,Cologne Centurions
39,alexander-eitel,4,Alexander,Eitel,WR,1.7,66.93,72,158.73,2021,Stuttgart Surge
40,alexander-frisch,7,Alexander,Frisch,QB,1.95,76.77,93,205.03,2022,Cologne Centurions
41,alexander-frisch,7,Alexander,Frisch,QB,1.95,76.77,93,205.03,2021,Cologne Centurions
42,alexander-karim-rushdy-stadahl,12,Alexander Karim,Rushdy Stadahl,CB,1.83,72.05,80,176.37,2022,Berlin Thunder
43,alexander-karim-rushdy-stadahl,12,Alexander Karim,Rushdy Stadahl,CB,1.83,72.05,80,176.37,2021,Berlin Thunder
44,alexander-reischl,12,Alexander,Reischl,QB,177.0,6968.5,73,160.94,2022,Vienna Vikings
45,alexander-sobotta,41,Alexander,Sobotta,ILB,1.89,74.41,101,222.67,2022,Rhein Fire
46,alexander-watholowitsch,49,Alexander,Watholotwitsch,ILB,1.83,72.05,102,224.87,2022,Vienna Vikings
47,ali-gundogdu,44,Ali,Gündoğdu,OLB,1.83,72.05,89,196.21,2022,Istanbul Rams
48,alihan-agackesen,10,Alihan,Ağaçkesen,WR,1.86,73.23,90,198.42,2022,Istanbul Rams
49,alp-burak-camlier,84,Alp Burak,Çamlıer,WR,1.78,70.08,83,182.98,2022,Istanbul Rams
50,alper-kurtulus,51,Alper,Kurtuluş,OL,1.88,74.02,125,275.58,2022,Istanbul Rams
51,alper-pekozer,51,Alper,Peközer,OL,1.88,74.02,130,286.6,2022,Berlin Thunder
52,alperen-kucuk,25,Alperen,Küçük,CB,1.75,68.9,82,180.78,2022,Istanbul Rams
53,alperen-unlu,2,Alperen,Ünlü,OLB,1.88,74.02,104,229.28,2022,Istanbul Rams
54,alpha-jalloh,8,Alpha,Jalloh,WR,1.88,74.02,90,198.42,2021,Leipzig Kings
55,ambroise-mati,52,Ambroise,Mati,OLB,1.83,72.05,97,213.85,2022,Hamburg Sea Devils
56,ambroise-mati,52,Ambroise,Mati,OLB,1.83,72.05,97,213.85,2021,Hamburg Sea Devils
57,anastassiadis-kiriakos,25,Anastassiadis,Kiriakos,DB,1.8,70.87,87,191.8,2021,Leipzig Kings
58,andre-dickmeis,17,Andre,Dickmeis,WR,1.86,73.23,80,176.37,2022,Cologne Centurions
59,andre-dickmeis,17,Andre,Dickmeis,WR,1.86,73.23,80,176.37,2021,Berlin Thunder
60,andre-frisch,26,Andre,Frisch,RB,1.74,68.5,80,176.37,2021,Cologne Centurions
61,andrei-karmakskikh,45,Andrei,Karmakskikh,CB,1.82,71.65,90,198.42,2022,Panthers Wroclaw
62,andre-rieckenberg,90,André,Rieckenberg,DE,1.97,77.56,120,264.55,2022,Hamburg Sea Devils
63,andre-rieckenberg,90,André,Rieckenberg,DE,1.97,77.56,120,264.55,2021,Hamburg Sea Devils
64,andy-vera,27,Andy,Vera,CB,1.7,66.93,80,176.37,2022,Barcelona Dragons
65,andy-vera,27,Andy,Vera,CB,1.7,66.93,80,176.37,2021,Barcelona Dragons
66,anthony-abandzounou,90,Anthony,Abandzounou,DE,1.95,76.77,106,233.69,2022,Istanbul Rams
67,anthony-dable-wolf,11,Anthony,Dable-Wolf,WR,1.94,76.38,97,213.85,2022,Leipzig Kings
68,anthony-dable-wolf,11,Anthony,Dable-Wolf,WR,1.94,76.38,97,213.85,2021,Leipzig Kings
69,anthony-keith-williams,58,Anthony Keith,Williams,ILB,1.83,72.05,94,207.23,2022,Frankfurt Galaxy
70,anthony-mahoungou,11,Anthony,Mahoungou,WR,1.93,75.98,96,211.64,2021,Frankfurt Galaxy
71,anthony-wesley-baer,42,Anthony Wesley,Baer,LB,1.85,72.83,92,202.83,2022,Rhein Fire
72,anton-doroshev,85,Anton,Doroshev,TE,1.88,74.02,108,238.1,2022,Leipzig Kings
73,anton-doroshev,85,Anton,Doroshev,TE,1.88,74.02,108,238.1,2021,Leipzig Kings
74,anton-glusancov,59,Anton,Glusancov,OL,1.9,74.8,125,275.58,2021,Cologne Centurions
75,anton-jallai,13,Anton,Jallai,WR,1.91,75.2,98,216.05,2022,Leipzig Kings
76,anton-wegan,5,Anton,Wegan,WR,1.8,70.87,95,209.44,2022,Vienna Vikings
77,antoni-idziak,47,Antoni,Idziak,ILB,1.77,69.69,93,205.03,2022,Panthers Wroclaw
78,antoni-idziak,47,Antoni,Idziak,ILB,1.77,69.69,93,205.03,2021,Panthers Wroclaw
79,antonio-fischer,81,Antonio,Fischer,WR,1.81,71.26,90,198.42,2021,Leipzig Kings
80,antonio-monton,21,Antonio,Montón,RB,1.69,66.54,75,165.35,2022,Barcelona Dragons
81,antonio-monton,21,Antonio,Montón,RB,1.69,66.54,75,165.35,2021,Barcelona Dragons
82,antony-rodrigues,7,Antony,Rodrigues,OLB,1.85,72.83,90,198.42,2022,Barcelona Dragons
83,arkady-naus,90,Arkady,Naus,DE,1.9,74.8,110,242.51,2022,Cologne Centurions
84,arkady-naus,90,Arkady,Naus,DE,1.9,74.8,110,242.51,2021,Cologne Centurions
85,arnau-casamor,85,Arnau,Casamor,WR,1.87,73.62,83,182.98,2022,Barcelona Dragons
86,arne-gehrt,3,Arne,Gehrt,S,1.76,69.29,78,171.96,2022,Berlin Thunder
87,arne-gehrt,3,Arne,Gehrt,S,1.76,69.29,78,171.96,2021,Berlin Thunder
88,arno-schwarz,16,Arno,Schwarz,CB,1.79,70.47,83,182.98,2022,Raiders Tirol
89,arnoud-holierhoek,66,Arnoud,Holierhoek,OL,1.98,77.95,136,299.83,2022,Rhein Fire
90,arthur-pinheiro,93,Arthur,Pinheiro,DL,1.9,74.8,128,282.19,2021,Barcelona Dragons
91,ashley-bailey,13,Ashley,Bailey,QB,1.85,72.83,85,187.39,2021,Berlin Thunder
92,aslan-zetterberg,92,Aslan,Zetterberg,DT,1.83,72.05,130,286.6,2022,Leipzig Kings
93,aslan-zetterberg,92,Aslan,Zetterberg,DT,1.83,72.05,130,286.6,2021,Leipzig Kings
94,ata-han-atilgan,54,Ata Han,Atılgan,DE,1.83,72.05,105,231.49,2022,Istanbul Rams
95,atilla-isik,3,Atilla,Işık,S,1.83,72.05,89,196.21,2022,Istanbul Rams
96,axel-irigoite,78,Axel,Irigoite,OL,1.78,70.08,137,302.03,2021,Barcelona Dragons
97,ayberk-kursunlu,67,Ayberk,Kurşunlu,OL,1.83,72.05,131,288.81,2022,Istanbul Rams
98,aziz-rebai,85,Aziz,Rebai,WR,1.92,75.59,85,187.39,2022,Rhein Fire
99,bahadir-akbas,79,Bahadır,Akbaş,OL,1.92,75.59,146,321.87,2022,Istanbul Rams
100,bahadir-aslan,65,Bahadır,Aslan,OL,1.99,78.35,124,273.37,2022,Istanbul Rams
101,bais-kouanda,81,Bais,Kouanda,WR,1.78,70.08,80,176.37,2022,Hamburg Sea Devils
102,barry-maruschke,28,Barry,Maruschke,CB,1.84,72.44,89,196.21,2022,Hamburg Sea Devils
103,barry-maruschke,28,Barry,Maruschke,CB,1.84,72.44,89,196.21,2021,Hamburg Sea Devils
104,bartosz-dziedzic,15,Bartosz,Dziedzic,WR,1.87,73.62,83,182.98,2022,Panthers Wroclaw
105,bartosz-dziedzic,15,Bartosz,Dziedzic,WR,1.87,73.62,83,182.98,2021,Panthers Wroclaw
106,bartosz-wozniak,89,Bartosz,Woźniak,S,1.9,74.8,85,187.39,2022,Panthers Wroclaw
107,basil-weber,72,Basil,Weber,OL,1.91,75.2,135,297.62,2022,Frankfurt Galaxy
108,ben-baierl,90,Ben,Baierl,DT,1.93,75.98,120,264.55,2022,Berlin Thunder
109,ben-wenzler,33,Ben,Wenzler,CB,1.84,72.44,80,176.37,2022,Stuttgart Surge
110,ben-wenzler,33,Ben,Wenzler,CB,1.84,72.44,80,176.37,2021,Stuttgart Surge
111,benedikt-assis,2,Benedikt,Assis,ILB,1.87,73.62,101,222.67,2021,Berlin Thunder
112,benedikt-lang,86,Benedikt,Lang,WR,1.83,72.05,83,182.98,2022,Stuttgart Surge
113,benhwoll-tchiyoko,7,Benhwoll,Tchiyoko,DB,1.85,72.83,86,189.6,2021,Leipzig Kings
114,benjamin-barnes,25,Benjamin,Barnes,WR,1.77,69.69,80,176.37,2021,Frankfurt Galaxy
115,benjamin-bierbaumer,74,Benjamin,Bierbaumer,OL,1.98,77.95,128,282.19,2022,Vienna Vikings
116,benjamin-cerimagic,6,Benjamin,Cerimagic,DE,1.92,75.59,108,238.1,2022,Cologne Centurions
117,benjamin-cerimagic,6,Benjamin,Cerimagic,DE,1.92,75.59,108,238.1,2021,Cologne Centurions
118,benjamin-mau,11,Benjamin,Mau,WR,2.01,79.13,104,229.28,2022,Hamburg Sea Devils
119,benjamin-mau,11,Benjamin,Mau,WR,2.01,79.13,104,229.28,2021,Hamburg Sea Devils
120,benjamin-plu,12,Benjamin,Plu,WR,1.9,74.8,87,191.8,2022,Barcelona Dragons
121,benjamin-rab,79,Benjamin,Rab,OL,1.9,74.8,135,297.62,2022,Vienna Vikings
122,benjamin-straight,23,Benjamin,Straight,S,1.83,72.05,88,194.01,2022,Vienna Vikings
123,berend-grube,94,Berend,Grube,DE,1.97,77.56,110,242.51,2022,Hamburg Sea Devils
124,berend-grube,94,Berend,Grube,DE,1.97,77.56,110,242.51,2021,Hamburg Sea Devils
125,berkan-zaimoglu,99,Berkan,Zaimoğlu,DT,1.9,74.8,121,266.76,2022,Istanbul Rams
126,berker-esme,30,Berker ,Eşme,RB,1.82,71.65,99,218.26,2022,Istanbul Rams
127,biagio-caprino,27,Biagio,Caprino,DT,,,,,2021,Stuttgart Surge
128,bilyal-ahmed,64,Bilyal,Ahmed,OT,1.88,74.02,155,341.72,2022,Berlin Thunder
129,blake-nelson,47,Blake,Nelson,DE,1.8,70.87,107,235.89,2022,Vienna Vikings
130,brandon-brooks,11,Brandon,Brooks,DB,1.88,74.02,83,182.98,2021,Barcelona Dragons
131,brian-tom-lohse,58,Brian-Tom,Lohse,OLB,1.88,74.02,105,231.49,2022,Hamburg Sea Devils
132,brice-ulrich-tchouadje,75,Brice Ulrich,Tchouadje,DT,1.8,70.87,123,271.17,2022,Stuttgart Surge
133,brice-ulrich-tchouadje,75,Brice Ulrich,Tchouadje,DT,1.8,70.87,123,271.17,2021,Hamburg Sea Devils
134,bryan-yankson,41,Bryan,Yankson,RB,1.73,68.11,88,194.01,2022,Stuttgart Surge
135,bryan-yankson,41,Bryan,Yankson,RB,1.73,68.11,88,194.01,2021,Stuttgart Surge
136,bryan-zerbe,11,Bryan,Zerbe,WR,1.85,72.83,90,198.42,2022,Berlin Thunder
137,bryan-zerbe,11,Bryan,Zerbe,WR,1.85,72.83,90,198.42,2021,Berlin Thunder
138,burak-efendioglu,55,Burak,Efendioglu,ILB,1.83,72.05,100,220.46,2022,Leipzig Kings
139,burak-karacor,92,Burak,Karaçor,DE,1.87,73.62,108,238.1,2022,Istanbul Rams
140,burak-tatar,73,Burak,Tatar,DE,1.93,75.98,122,268.96,2022,Istanbul Rams
141,calvin-stitt,6,Calvin,Stitt,QB,1.8,70.87,,,2021,Berlin Thunder
142,carlos-guillen,77,Carlos,Guillén,OL,1.88,74.02,116,255.74,2021,Barcelona Dragons
143,cedric-konig,,Cedric,König,DB,1.93,75.98,93,205.03,2021,Stuttgart Surge
144,cedric-ouattara,79,Cedric,Ouattara,OL,1.8,70.87,140,308.65,2022,Berlin Thunder
145,cedric-udegbe,94,Cedric,Udegbe,DE,1.92,75.59,112,246.92,2022,Frankfurt Galaxy
146,cedric-udegbe,94,Cedric,Udegbe,DE,1.92,75.59,112,246.92,2021,Frankfurt Galaxy
147,celestin-ngimbi,60,Celestin,Ngimbi,OL,1.87,73.62,135,297.62,2022,Barcelona Dragons
148,celestin-ngimbi,60,Celestin,Ngimbi,OL,1.87,73.62,135,297.62,2021,Barcelona Dragons
149,cem-altuntas,54,Cem,Altuntas,OL,1.8,70.87,110,242.51,2022,Leipzig Kings
150,cesare-brugnani,10,Cesare,Brugnani,OLB,1.8,70.87,86,189.6,2022,Barcelona Dragons
151,cesare-brugnani,10,Cesare,Brugnani,OLB,1.8,70.87,86,189.6,2021,Barcelona Dragons
152,cevad-kucuksengun,70,Cevad,Küçükşengün,OL,1.9,74.8,141,310.85,2022,Istanbul Rams
153,chad-walrond,32,Chad,Walrond,S,1.8,70.87,88,194.01,2022,Cologne Centurions
154,chaska-remy-perron,22,Chaska Remy,Perron,CB,1.82,71.65,84,185.19,2022,Stuttgart Surge
155,cheikhou-sow,84,Cheikhou,Sow,WR,1.76,69.29,80,176.37,2022,Frankfurt Galaxy
156,cheikhou-sow,84,Cheikhou,Sow,WR,1.76,69.29,80,176.37,2021,Frankfurt Galaxy
157,chris-manser,18,Chris,Manser,P,1.81,71.26,,,2021,Barcelona Dragons
158,chris-richardson-jr,94,Chris,Richardson Jr.,DT,1.87,73.62,142,313.06,2022,Cologne Centurions
159,chris-schlack,52,Chris,Schlack,LB,1.78,70.08,90,198.42,2021,Leipzig Kings
160,christian-romer,10,Christian,Römer,ILB,1.87,73.62,90,198.42,2022,Leipzig Kings
161,christian-van-horn,95,Christian,Van Horn,DT,1.83,72.05,120,264.55,2022,Rhein Fire
162,christoph-kellner,22,Christoph,Kellner,CB,1.7,66.93,75,165.35,2022,Vienna Vikings
163,christoph-nitzlnader,8,Christoph,Nitzlnader,CB,1.83,72.05,84,185.19,2022,Raiders Tirol
164,christoph-schob,78,Christoph,Schob,OL,1.95,76.77,140,308.65,2021,Leipzig Kings
165,christopher-ezeala,9,Christopher,Ezeala,RB,1.83,72.05,109,240.3,2021,Cologne Centurions
166,christopher-hans,93,Christopher,Hans,DE,1.87,73.62,120,264.55,2022,Leipzig Kings
167,christopher-hans,93,Christopher,Hans,DE,1.87,73.62,120,264.55,2021,Leipzig Kings
168,collins-kamara,22,Collins,Kamara,RB,1.77,69.69,88,194.01,2021,Stuttgart Surge
169,connor-bolton,56,Connor,Bolton,OL,1.96,77.17,150,330.69,2022,Berlin Thunder
170,conor-miller,8,Conor,Miller,QB,1.95,76.77,100,220.46,2022,Leipzig Kings
171,conrad-schmid,79,Conrad,Schmid,OL,2.0,78.74,125,275.58,2021,Berlin Thunder
172,constantin-lassing,54,Constantin,Lässing,LB,1.78,70.08,98,216.05,2021,Stuttgart Surge
173,courtney-etienne,81,Courtney,Etienne,S,1.78,70.08,89,196.21,2022,Berlin Thunder
174,curtis-slater,25,Curtis,Slater,DB,1.75,68.9,83,182.98,2021,Hamburg Sea Devils
175,cesar-sawane,26,César,Sawane Garcia,CB,1.8,70.87,85,187.39,2022,Barcelona Dragons
176,dale-warren,20,Dale,Warren,LB,1.84,72.44,104,229.28,2021,Stuttgart Surge
177,damian-krawiec,73,Damian,Krawiec,OL,1.84,72.44,150,330.69,2021,Panthers Wroclaw
178,damian-kwiatkowski,13,Damian,Kwiatkowski,RB,1.87,73.62,91,200.62,2021,Panthers Wroclaw
179,damian-wesolowski,93,Damian,Wesolowski,DT,1.94,76.38,125,275.58,2022,Panthers Wroclaw
180,damian-wesolowski,93,Damian,Wesolowski,DT,1.94,76.38,125,275.58,2021,Panthers Wroclaw
181,daniel-brown,25,Daniel,Brown,CB,1.8,70.87,80,176.37,2022,Hamburg Sea Devils
182,daniel-claus,77,Daniel,Claus,OL,2.03,79.92,150,330.69,2022,Raiders Tirol
183,daniel-docal,21,Daniel,Docal,DB,1.75,68.9,84,185.19,2021,Leipzig Kings
184,daniel-duah,1,Daniel,Duah,CB,1.78,70.08,93,205.03,2022,Rhein Fire
185,daniel-fankhauser,78,Daniel,Fankhauser,OL,1.92,75.59,132,291.01,2022,Raiders Tirol
186,daniel-farley,7,Daniel,Farley,QB,1.88,74.02,91,200.62,2021,Cologne Centurions
187,daniel-franco,90,Daniel,Franco,DT,1.88,74.02,122,268.96,2022,Barcelona Dragons
188,daniel-josiah,53,Daniel,Josiah,ILB,1.83,72.05,95,209.44,2022,Frankfurt Galaxy
189,daniel-josiah,53,Daniel,Josiah,ILB,1.83,72.05,95,209.44,2021,Frankfurt Galaxy
190,daniel-laporte,57,Daniel,Laporte,ILB,1.85,72.83,97,213.85,2022,Hamburg Sea Devils
191,daniel-laporte,57,Daniel,Laporte,ILB,1.85,72.83,97,213.85,2021,Hamburg Sea Devils
192,daniel-monfared,52,Daniel,Monfared,ILB,1.83,72.05,95,209.44,2021,Barcelona Dragons
193,daniel-piatkowski,19,Daniel,Piątkowski,S,1.87,73.62,95,209.44,2022,Panthers Wroclaw
194,daniel-piatkowski,19,Daniel,Piątkowski,S,1.87,73.62,95,209.44,2021,Panthers Wroclaw
195,daniel-pozarek,99,Daniel,Pozarek,DT,1.88,74.02,108,238.1,2022,Vienna Vikings
196,daniel-rennich,23,Daniel,Rennich,RB,1.83,72.05,92,202.83,2022,Rhein Fire
197,daniel-rotermel,46,Daniel,Rotärmel,LB,1.94,76.38,110,242.51,2021,Hamburg Sea Devils
198,daniel-schuhmacher,2,Daniel,Schuhmacher,K,1.89,74.41,89,196.21,2021,Cologne Centurions
199,daniel-schonet,42,Daniel,Schönet,ILB,1.84,72.44,100,220.46,2022,Vienna Vikings
200,daniel-thiele,90,Daniel,Thiele,DT,1.96,77.17,140,308.65,2022,Leipzig Kings
201,daniel-thiele,90,Daniel,Thiele,DT,1.96,77.17,140,308.65,2021,Leipzig Kings
202,daniel-weiswange,12,Daniel,Weiswange,WR,1.7,66.93,82,180.78,2021,Berlin Thunder
203,danny-lange,84,Danny,Lange,K,1.89,74.41,78,171.96,2022,Rhein Fire
204,danny-washington,2,Danny,Washington ,LB,1.76,69.29,95,209.44,2021,Stuttgart Surge
205,dante-vandeven,9,Dante,Vandeven,QB,1.87,73.62,97,213.85,2022,Stuttgart Surge
206,dany-lamy,31,Dany,Lamy,CB,1.88,74.02,87,191.8,2022,Cologne Centurions
207,dany-lamy,31,Dany,Lamy,CB,1.88,74.02,87,191.8,2021,Cologne Centurions
208,darius-robinson,1,Darius,Saint-Robinson,CB,1.83,72.05,82,180.78,2022,Panthers Wroclaw
209,darius-robinson,1,Darius,Saint-Robinson,CB,1.83,72.05,82,180.78,2021,Panthers Wroclaw
210,darko-pisaric,72,Darko,Pisaric,DT,1.93,75.98,117,257.94,2022,Stuttgart Surge
211,darko-pisaric,72,Darko,Pisaric,DT,1.93,75.98,117,257.94,2021,Stuttgart Surge
212,darnell-minton,52,Darnell,Minton,OL,2.01,79.13,125,275.58,2022,Stuttgart Surge
213,darnell-minton,52,Darnell,Minton,OL,2.01,79.13,125,275.58,2021,Frankfurt Galaxy
214,dartez-jacobs,24,Dartez,Jacobs,S,1.88,74.02,93,205.03,2021,Cologne Centurions
215,david-izinyon,53,David,Izinyon,ILB,1.85,72.83,113,249.12,2022,Berlin Thunder
216,daniel-meza,5,David,Meza,TE,1.95,76.77,115,253.53,2021,Stuttgart Surge
217,david-rauter,64,David,Rauter,OL,1.95,76.77,138,304.24,2022,Vienna Vikings
218,david-schuler,16,David,Schüler,WR,1.91,75.2,97,213.85,2022,Rhein Fire
219,david-weinstock,69,David,Weinstock,OL,1.86,73.23,127,279.99,2022,Hamburg Sea Devils
220,david-weinstock,69,David,Weinstock,OL,1.86,73.23,127,279.99,2021,Hamburg Sea Devils
221,dawid-brzozowski,22,Dawid,Brzozowski,RB,1.79,70.47,85,187.39,2022,Panthers Wroclaw
222,dawid-panczyszyn,12,Dawid,Pańczyszyn,K,1.73,68.11,85,187.39,2022,Panthers Wroclaw
223,dawid-panczyszyn,12,Dawid,Pańczyszyn,K,1.73,68.11,85,187.39,2021,Panthers Wroclaw
224,dean-tanwani,8,Dean,Tanwani,RB,1.7,66.93,91,200.62,2022,Cologne Centurions
225,denis-dauben,41,Denis,Dauben,FB,1.83,72.05,106,233.69,2022,Cologne Centurions
226,denis-william-butz,96,Denis William,Butz,DT,1.8,70.87,132,291.01,2022,Raiders Tirol
227,dennis-gratza,55,Dennis,Gratza,ILB,1.75,68.9,97,213.85,2022,Stuttgart Surge
228,dennis-gratza,55,Dennis,Gratza,ILB,1.75,68.9,97,213.85,2021,Stuttgart Surge
229,dennis-kenzler,74,Dennis,Kenzler,OL,1.99,78.35,130,286.6,2022,Hamburg Sea Devils
230,dennis-kenzler,74,Dennis,Kenzler,OL,1.99,78.35,130,286.6,2021,Hamburg Sea Devils
231,dennis-laas,34,Dennis,Laas,DB,1.88,74.02,94,207.23,2021,Cologne Centurions
232,dennis-tasic,2,Dennis,Tasic,K,1.86,73.23,110,242.51,2022,Vienna Vikings
233,deon-mutsvanemoto,55,Deon,Mutsvanemoto,OL,1.9,74.8,140,308.65,2021,Berlin Thunder
234,derrick-brumfield,91,Derrick,Brumfield,DE,1.93,75.98,105,231.49,2022,Raiders Tirol
235,desmond-cooper,23,Desmond,Cooper,DB,1.92,75.59,100,220.46,2021,Frankfurt Galaxy
236,diego-antonio-arboleda-sanchez,80,Diego Antonio,Arboleda Sanchez,WR,2.0,78.74,104,229.28,2022,Hamburg Sea Devils
237,diego-antonio-arboleda-sanchez,80,Diego Antonio,Arboleda Sanchez,WR,2.0,78.74,104,229.28,2021,Hamburg Sea Devils
238,domenik-rofalski,82,Domenik,Rofalski,TE,1.91,75.2,103,227.08,2022,Rhein Fire
239,domenik-rofalski,82,Domenik,Rofalski,TE,1.91,75.2,103,227.08,2021,Stuttgart Surge
240,dominic-grone,14,Dominic,Gröne,WR/K/P,1.86,73.23,95,209.44,2021,Hamburg Sea Devils
241,dominic-yaw-aboagye-duah,29,Dominic Yaw,Aboagye-Duah,DB,1.86,73.23,,,2021,Hamburg Sea Devils
242,dominik-banse,15,Dominik,Banse,CB,1.79,70.47,84,185.19,2022,Leipzig Kings
243,dominik-behrens,68,Dominik,Behrens,OL,1.95,76.77,128,282.19,2022,Hamburg Sea Devils
244,dominik-wunsche,34,Dominik,Wünsche,CB,1.92,75.59,89,196.21,2022,Leipzig Kings
245,dominik-wunsche,34,Dominik,Wünsche,CB,1.92,75.59,89,196.21,2021,Leipzig Kings
246,dominique-pfeffer,32,Dominique,Pfeffer,DB,1.75,68.9,83,182.98,2021,Berlin Thunder
247,dominique-shelton,5,Dominique,Shelton,S,1.75,68.9,88,194.01,2022,Berlin Thunder
248,doruk-sut,16,Doruk,Şut,WR,1.83,72.05,83,182.98,2022,Istanbul Rams
249,dustin-dennerlein,91,Dustin,Dennerlein,DL/LS,1.87,73.62,118,260.15,2021,Leipzig Kings
250,dusan-novakovic,90,Dušan,Novaković,DT,1.9,74.8,110,242.51,2022,Panthers Wroclaw
251,dylan-bakker,52,Dylan,Bakker,LB,1.86,73.23,110,242.51,2022,Rhein Fire
252,eduardo-gonzalez,79,Eduardo,Sanchez González,OL,1.97,77.56,160,352.74,2022,Barcelona Dragons
253,eduardo-gonzalez,79,Eduardo,Sanchez González,OL,1.97,77.56,160,352.74,2021,Panthers Wroclaw
254,edwin-elio,98,Edwin,Elio,DT,1.81,71.26,135,297.62,2022,Barcelona Dragons
255,efe-baran,26,Efe,Baran,WR,1.78,70.08,87,191.8,2022,Istanbul Rams
256,efekan-akgun,29,Efekan,Akgün,CB,1.73,68.11,78,171.96,2022,Cologne Centurions
257,ege-altug-sankaya,18,Ege Altuğ,Sarıkaya,RB,1.73,68.11,84,185.19,2022,Istanbul Rams
258,ege-berk-inanc,11,Ege Berk,İnanç,WR,1.89,74.41,92,202.83,2022,Istanbul Rams
259,eldert-terekuu,33,Eldert,Terekuu,CB,1.8,70.87,92,202.83,2022,Hamburg Sea Devils
260,eldert-terekuu,33,Eldert,Terekuu,CB,1.8,70.87,92,202.83,2021,Hamburg Sea Devils
261,elias-becher,62,Elias,Becher,OL,1.9,74.8,142,313.06,2022,Stuttgart Surge
262,elijah-bohm,22,Elijah,Böhm,DE,1.84,72.44,109,240.3,2022,Raiders Tirol
263,elvys-nunez,64,Elvys,Núñez,OL,1.86,73.23,135,297.62,2022,Barcelona Dragons
264,elvys-nunez,64,Elvys,Núñez,OL,1.86,73.23,135,297.62,2021,Barcelona Dragons
265,elias-rodriguez,34,Elías,Rodríguez,RB,1.73,68.11,85,187.39,2022,Barcelona Dragons
266,elias-rodriguez,34,Elías,Rodríguez,RB,1.73,68.11,85,187.39,2021,Barcelona Dragons
267,emil-drossard,17,Emil,Drossard,WR,1.75,68.9,78,171.96,2022,Berlin Thunder
268,emil-drossard,17,Emil,Drossard,WR,1.75,68.9,78,171.96,2021,Berlin Thunder
269,emir-sariyildiz,88,Emir,Sarıyıldız,TE,1.9,74.8,108,238.1,2022,Istanbul Rams
270,emre-dumlupinar,72,Emre,Dumlupınar,OL,1.9,74.8,132,291.01,2022,Istanbul Rams
271,emre-zengin,59,Emre ,Zengin,ILB,1.88,74.02,100,220.46,2022,Rhein Fire
272,emre-ozdemir,24,Emre,Özdemir,CB,1.8,70.87,82,180.78,2022,Istanbul Rams
273,erdem-altun,76,Erdem,Altun,OL,1.78,70.08,117,257.94,2022,Istanbul Rams
274,eric-adam,92,Eric,Adam,DE,1.97,77.56,110,242.51,2022,Rhein Fire
275,eric-de-souza,62,Eric,De Souza,DT,1.97,77.56,140,308.65,2022,Hamburg Sea Devils
276,eric-de-souza,62,Eric,De Souza,DT,1.97,77.56,140,308.65,2021,Hamburg Sea Devils
277,eric-schlomm,8,Eric,Schlomm,K/P,1.77,69.69,82,180.78,2022,Hamburg Sea Devils
278,erich-kilger,14,Erich,Kilger,WR,1.8,70.87,94,207.23,2021,Leipzig Kings
279,evans-yeboah,95,Evans,Yeboah,DT,1.94,76.38,125,275.58,2022,Hamburg Sea Devils
280,evans-yeboah,95,Evans,Yeboah,DT,1.94,76.38,125,275.58,2021,Hamburg Sea Devils
281,exavier-edwards,7,Exavier,Edwards,S,1.77,69.69,88,194.01,2022,Vienna Vikings
282,fabian-kratz,73,Fabian,Kratz,OL,1.97,77.56,110,242.51,2022,Cologne Centurions
283,fabian-kratz,73,Fabian,Kratz,OL,1.97,77.56,110,242.51,2021,Cologne Centurions
284,fabian-weigel,81,Fabian,Weigel,WR,1.81,71.26,86,189.6,2021,Stuttgart Surge
285,fabio-tartarotti,36,Fabio,Tartarotti,CB,1.85,72.83,85,187.39,2022,Vienna Vikings
286,fabrizio-umetelli,34,Fabrizio,Umetelli,CB,1.83,72.05,83,182.98,2022,Rhein Fire
287,falco-paris,48,Falco,Paris,DE,1.89,74.41,112,246.92,2021,Berlin Thunder
288,falk-reuter,30,Falk,Reuter,S,1.83,72.05,89,196.21,2022,Frankfurt Galaxy
289,falk-reuter,30,Falk,Reuter,S,1.83,72.05,89,196.21,2021,Frankfurt Galaxy
290,felix-haufe,91,Felix,Haufe,DL,1.75,68.9,135,297.62,2021,Stuttgart Surge
291,felix-lepper,75,Felix,Lepper,OL,2.05,80.71,125,275.58,2022,Leipzig Kings
292,felix-macher,91,Felix,Macher,DE,1.78,70.08,103,227.08,2022,Vienna Vikings
293,felix-mohlberg,33,Felix,Mohlberg,S,1.82,71.65,84,185.19,2022,Berlin Thunder
294,felix-reisacher,19,Felix,Reisacher,WR,1.88,74.02,94,207.23,2022,Vienna Vikings
295,felix-siegert,94,Felix,Siegert,DE,1.91,75.2,105,231.49,2022,Rhein Fire
296,felix-spliteser,89,Felix,Spliteser,WR,1.98,77.95,95,209.44,2021,Leipzig Kings
297,femi-durojaiye,3,Femi,Durojaiye,DB,1.8,70.87,80,176.37,2021,Cologne Centurions
298,fernando-lowery,18,Fernando,Lowery,CB,1.8,70.87,89,196.21,2022,Frankfurt Galaxy
299,fernando-lowery,18,Fernando,Lowery,CB,1.8,70.87,89,196.21,2021,Frankfurt Galaxy
300,ferras-el-hendi,3,Ferras,El-Hendi,QB,1.93,75.98,95,209.44,2022,Leipzig Kings
301,filip-kloskowski,37,Filip ,Kłoskowski,LB,1.91,75.2,102,224.87,2021,Panthers Wroclaw
302,filip-snopek,52,Filip,Snopek,DE,1.94,76.38,122,268.96,2022,Panthers Wroclaw
303,filip-twardowski,11,Filip,Twardowski,K,1.84,72.44,95,209.44,2022,Panthers Wroclaw
304,filip-vlajic,34,Filip,Vlajic,RB,1.72,67.72,78,171.96,2022,Raiders Tirol
305,filip-liberio-filipovic,53,Filip-Liberio,Filipovic,DL,1.9,74.8,115,253.53,2021,Hamburg Sea Devils
306,finn-seibert,24,Finn,Seibert,WR,1.87,73.62,90,198.42,2021,Stuttgart Surge
307,firat-aybek,56,Firat,Aybek,OL,1.9,74.8,165,363.76,2022,Cologne Centurions
308,firat-aybek,56,Firat,Aybek,OL,1.9,74.8,165,363.76,2021,Cologne Centurions
309,flamur-simon,57,Flamur,Simon,OLB,1.96,77.17,115,253.53,2022,Cologne Centurions
310,florian-barthel,71,Florian,Barthel,OL,1.92,75.59,150,330.69,2021,Leipzig Kings
311,florian-bierbaumer,89,Florian,Bierbaumer,WR,1.98,77.95,116,255.74,2022,Vienna Vikings
312,florian-borger,26,Florian,Borger,S,1.78,70.08,105,231.49,2022,Leipzig Kings
313,florian-borger,26,Florian,Borger,S,1.78,70.08,105,231.49,2021,Leipzig Kings
314,florian-breitenbach,96,Florian,Breitenbach,DL,1.8,70.87,105,231.49,2021,Stuttgart Surge
315,florian-eichhorn,87,Florian,Eichhorn,TE,1.89,74.41,106,233.69,2022,Rhein Fire
316,florian-eichhorn,87,Florian,Eichhorn,TE,1.89,74.41,106,233.69,2021,Cologne Centurions
317,florian-finke,9,Florian,Finke,P,1.87,73.62,105,231.49,2022,Leipzig Kings
318,florian-gerlach,76,Florian,Gerlach,OL,2.0,78.74,130,286.6,2021,Berlin Thunder
319,florian-grunsteidl,94,Florian,Grünsteidl,DT,1.91,75.2,125,275.58,2022,Vienna Vikings
320,florian-kallwitz,71,Florian,Kallwitz,OL,1.87,73.62,135,297.62,2022,Rhein Fire
321,florian-kallwitz,71,Florian,Kallwitz,OL,1.87,73.62,135,297.62,2021,Cologne Centurions
322,florian-markus,51,Florian,Markus,OL,1.8,70.87,105,231.49,2022,Vienna Vikings
323,florian-rosenberger,61,Florian ,Rosenberger,OL,1.9,74.8,155,341.72,2022,Hamburg Sea Devils
324,florian-schneikert,27,Florian,Schneikert,RB,1.93,75.98,100,220.46,2021,Frankfurt Galaxy
325,florian-sudi,75,Florian,Sudi,DT,1.97,77.56,145,319.67,2022,Vienna Vikings
326,florian-wegan,3,Florian,Wegan,RB,1.68,66.14,94,207.23,2022,Vienna Vikings
327,francesco-runco,66,Francesco,Runco,OL,1.94,76.38,135,297.62,2022,Frankfurt Galaxy
328,francis-bongwalanga,71,Francis,Bongwalanga,OL,1.94,76.38,136,299.83,2022,Hamburg Sea Devils
329,frank-atunlese,71,Frank,Atunlese,OL,1.92,75.59,142,313.06,2022,Frankfurt Galaxy
330,frank-atunlese,71,Frank,Atunlese,OL,1.92,75.59,142,313.06,2021,Frankfurt Galaxy
331,frederic-latour,14,Frederic,Latour,WR,1.93,75.98,90,198.42,2021,Stuttgart Surge
332,frederick-weinreich,78,Frederick,Weinreich,OL,1.85,72.83,125,275.58,2021,Cologne Centurions
333,frederik-schneider,79,Frederik,Schneider,OL,1.94,76.38,120,264.55,2022,Cologne Centurions
334,friedemann-peters,75,Friedemann,Peters,OL,1.96,77.17,140,308.65,2021,Hamburg Sea Devils
335,gabriel-cunningham,1,Gabriel,Cunningham,QB,1.9,74.8,95,209.44,2022,Leipzig Kings
336,gabriel-kalus,30,Gabriel,Kalus,CB,1.77,69.69,80,176.37,2022,Leipzig Kings
337,gabriel-rodriguez,77,Gabriel,Rodríguez,OL,2.0,78.74,148,326.28,2022,Barcelona Dragons
338,gabriel-wiek,93,Gabriel,Wiek,DE,1.91,75.2,110,242.51,2021,Berlin Thunder
339,gennadiy-adams,21,Gennadiy,Adams,RB,1.73,68.11,86,189.6,2021,Frankfurt Galaxy
340,gerald-ameln,20,Gerald,Ameln,RB,1.8,70.87,88,194.01,2022,Hamburg Sea Devils
341,gerald-ameln,20,Gerald,Ameln,RB,1.8,70.87,88,194.01,2021,Frankfurt Galaxy
342,gerd-mitterdorfer,59,Gerd,Mitterdorfer,OL,1.82,71.65,118,260.15,2022,Raiders Tirol
343,giacomo-de-pauli,5,Giacomo,De Pauli,RB,1.88,74.02,102,224.87,2022,Berlin Thunder
344,giacomo-prati,2,Giacomo,Prati,DE,1.92,75.59,114,251.33,2021,Barcelona Dragons
345,gian-de-guzman,51,Gian,De Guzman,OL,1.81,71.26,130,286.6,2022,Hamburg Sea Devils
346,gian-de-guzman,51,Gian,De Guzman,OL,1.81,71.26,130,286.6,2021,Hamburg Sea Devils
347,gideon-grabert,71,Gideon,Grabert,OL,1.91,75.2,138,304.24,2022,Berlin Thunder
348,gideon-grabert,71,Gideon,Grabert,OL,1.91,75.2,138,304.24,2021,Berlin Thunder
349,gino-behling-lang,88,Gino,Behling-Lang,DT,1.98,77.95,130,286.6,2022,Berlin Thunder
350,gino-chongo,4,Gino,Chongo,CB,1.84,72.44,85,187.39,2022,Berlin Thunder
351,giorgio-tavecchio,8,Giorgio,Tavecchio,K,1.78,70.08,82,180.78,2022,Barcelona Dragons
352,giorgio-tavecchio,8,Giorgio,Tavecchio,K,1.78,70.08,82,180.78,2021,Barcelona Dragons
353,giovanni-nanguy,56,Giovanni,Nanguy,OLB,1.92,75.59,105,231.49,2022,Hamburg Sea Devils
354,giovanni-nanguy,56,Giovanni,Nanguy,OLB,1.92,75.59,105,231.49,2021,Hamburg Sea Devils
355,glen-toonga,7,Glen,Toonga,RB,1.77,69.69,97,213.85,2022,Hamburg Sea Devils
356,glody-ngovo,4,Glody,Ngovo,RB,1.8,70.87,85,187.39,2021,Cologne Centurions
357,goran-zec,5,Goran,Zec,S,1.8,70.87,84,185.19,2022,Panthers Wroclaw
358,goran-zec,5,Goran,Zec,S,1.8,70.87,84,185.19,2021,Panthers Wroclaw
359,grzegorz-lary,26,Grzegorz,Lary,CB,1.83,72.05,77,169.76,2022,Panthers Wroclaw
360,grzegorz-piotrowski,28,Grzegorz,Piotrowski,DB,1.82,71.65,90,198.42,2021,Panthers Wroclaw
361,guillem-visent,82,Guillem,Visent,WR,1.8,70.87,89,196.21,2022,Barcelona Dragons
362,guillermo-bahillo,50,Guillermo,Bahillo,LB,1.84,72.44,80,176.37,2021,Barcelona Dragons
363,hamsa-el-zein,50,Hamsa,El-Zein,DT,1.88,74.02,140,308.65,2022,Berlin Thunder
364,hamsa-el-zein,50,Hamsa,El-Zein,DT,1.88,74.02,140,308.65,2021,Berlin Thunder
365,hamudi-chehab,38,Hamudi,Chehab,DB,1.8,70.87,73,160.94,2021,Frankfurt Galaxy
366,hannes-darley,69,Hannes,Darley,OL,1.93,75.98,112,246.92,2021,Cologne Centurions
367,harlan-kwofie,10,Harlan,Kwofie,WR,1.89,74.41,99,218.26,2022,Rhein Fire
368,hendrik-schwarz,82,Hendrik,Schwarz,WR,1.9,74.8,90,198.42,2022,Frankfurt Galaxy
369,hendrik-schwarz,82,Hendrik,Schwarz,WR,1.9,74.8,90,198.42,2021,Frankfurt Galaxy
370,henning-knuth,70,Henning,Knuth,OL,1.9,74.8,150,330.69,2021,Hamburg Sea Devils
371,henri-perl,77,Henri,Perl,OL,1.98,77.95,150,330.69,2022,Leipzig Kings
372,hiswill-awuah,98,Hiswill,Awuah,DT,1.8,70.87,130,286.6,2022,Hamburg Sea Devils
373,hiswill-awuah,98,Hiswill,Awuah,DT,1.8,70.87,130,286.6,2021,Hamburg Sea Devils
374,hubert-jarmuz,57,Hubert,Jarmuż,OL,1.98,77.95,115,253.53,2022,Panthers Wroclaw
375,hubert-ogrodowczyk,8,Hubert,Ogrodowczyk,ILB,1.82,71.65,103,227.08,2022,Panthers Wroclaw
376,hubert-ogrodowczyk,8,Hubert,Ogrodowczyk,ILB,1.82,71.65,103,227.08,2021,Panthers Wroclaw
377,huseyin-akay,62,Hüseyin,Akay,DT,1.86,73.23,144,317.47,2022,Istanbul Rams
378,ian-gehrke,18,Ian,Gehrke,QB,1.87,73.62,90,198.42,2022,Berlin Thunder
379,ibrahim-eldewieh,23,Ibrahim ,Eldewieh,S,1.78,70.08,86,189.6,2022,Cologne Centurions
380,idriss-ramky,7,Idriss,Ramky,WR,1.88,74.02,89,196.21,2022,Panthers Wroclaw
381,igor-maslanka,87,Igor,Mašlanka,TE,1.96,77.17,115,253.53,2022,Barcelona Dragons
382,igor-maslanka,87,Igor,Mašlanka,TE,1.96,77.17,115,253.53,2021,Panthers Wroclaw
383,iiro-pekkarinen,31,Iiro,Pekkarinen,CB,1.85,72.83,88,194.01,2021,Berlin Thunder
384,ilias-werner-maragos,78,Ilias Werner,Maragos,OL,1.93,75.98,129,284.4,2021,Hamburg Sea Devils
385,irvin-santana,79,Irvin,Santana,OL,1.8,70.87,122,268.96,2021,Barcelona Dragons
386,isaiah-green,1,Isaiah,Green,QB,1.88,74.02,99,218.26,2022,Istanbul Rams
387,ivan-gutierrez,55,Iván,Gutiérrez,ILB,1.86,73.23,89,196.21,2021,Barcelona Dragons
388,ivan-iordanov,88,Iván,Iordanov,WR,1.9,74.8,83,182.98,2021,Barcelona Dragons
389,jalen-embry,11,Ja'len,Embry,CB,1.82,71.65,88,194.01,2022,Frankfurt Galaxy
390,jacek-wszol,90,Jacek,Wszół,DL,1.86,73.23,105,231.49,2021,Panthers Wroclaw
391,jackson-erdmann,9,Jackson,Erdmann,QB,1.95,76.77,98,216.05,2022,Vienna Vikings
392,jacob-templar,1,Jacob,Templar,P/WR,1.93,75.98,99,218.26,2021,Leipzig Kings
393,jadrian-clark,18,Jadrian,Clark,QB,1.9,74.8,95,209.44,2022,Rhein Fire
394,jadrian-clark,18,Jadrian,Clark,QB,1.9,74.8,95,209.44,2021,Hamburg Sea Devils
395,jahn-jesus-lara-perez,95,Jahn Jesus,Lara Perez,DE,1.88,74.02,122,268.96,2022,Cologne Centurions
396,jai-jackson,75,Jai,Jackson,OL,1.91,75.2,107,235.89,2021,Stuttgart Surge
397,jairus-moll,4,Jairus,Moll,CB,1.79,70.47,79,174.17,2022,Barcelona Dragons
398,jakeb-sullivan,7,Jakeb,Sullivan,QB,1.85,72.83,88,194.01,2022,Frankfurt Galaxy
399,jakeb-sullivan,7,Jakeb,Sullivan,QB,1.85,72.83,88,194.01,2021,Frankfurt Galaxy
400,jakub-halicki,34,Jakub,Halicki,S,1.8,70.87,85,187.39,2022,Panthers Wroclaw
401,jakub-halicki,34,Jakub,Halicki,S,1.8,70.87,85,187.39,2021,Panthers Wroclaw
402,jakub-mazan,23,Jakub,Mazan,WR,1.89,74.41,91,200.62,2022,Panthers Wroclaw
403,jakub-mazan,23,Jakub,Mazan,WR,1.89,74.41,91,200.62,2021,Panthers Wroclaw
404,jakub-wasiel,7,Jakub,Wąsiel,WR,1.72,67.72,,,2021,Panthers Wroclaw
405,jaleel-awini,12,Jaleel,Awini,WR/QB,1.92,75.59,95,209.44,2021,Leipzig Kings
406,jalen-conwell,4,Jalen,Conwell,RB,1.77,69.69,80,176.37,2022,Stuttgart Surge
407,jamaal-white,31,Jamaal,White,S,1.87,73.62,90,198.42,2021,Berlin Thunder
408,jamal-okeke,6,Jamal,Okeke,CB,1.77,69.69,68,149.91,2022,Hamburg Sea Devils
409,jamalcolm-liggins,5,Jamalcolm,Liggins,CB,1.88,74.02,92,202.83,2022,Raiders Tirol
410,jamarii-milliken,29,Jamarii,Milliken,CB,1.8,70.87,86,189.6,2022,Istanbul Rams
411,jamen-werneke,32,Jamen,Werneke,RB,1.75,68.9,77,169.76,2022,Hamburg Sea Devils
412,jan-chmiel,42,Jan,Chmiel,DE,1.84,72.44,104,229.28,2022,Panthers Wroclaw
413,jan-chmiel,42,Jan,Chmiel,DE,1.84,72.44,104,229.28,2021,Panthers Wroclaw
414,jan-grischenig,82,Jan,Grischenig,WR,1.71,67.32,85,187.39,2022,Raiders Tirol
415,jan-korkuc,83,Jan,Korkuć,WR,1.87,73.62,85,187.39,2021,Panthers Wroclaw
416,jan-mayerhofer,3,Jan,Mayerhofer,S,1.81,71.26,84,185.19,2022,Raiders Tirol
417,jan-mika-hesseln,20,Jan Mika,Hesseln,CB,1.81,71.26,83,182.98,2022,Cologne Centurions
418,jan-raus,65,Jan,Raus,OL,1.85,72.83,131,288.81,2021,Barcelona Dragons
419,jan-steiger,71,Jan,Steiger,OL,1.98,77.95,115,253.53,2022,Stuttgart Surge
420,jan-steiger,71,Jan,Steiger,OL,1.98,77.95,115,253.53,2021,Stuttgart Surge
421,jan-szwej,24,Jan,Szwej,RB,1.83,72.05,89,196.21,2022,Panthers Wroclaw
422,jan-weinreich,12,Jan,Weinreich,QB,1.93,75.98,93,205.03,2022,Cologne Centurions
423,jan-weinreich,12,Jan,Weinreich,QB,1.93,75.98,93,205.03,2021,Cologne Centurions
424,jan-hendrik-hoffmeyer,73,Jan-Hendrik,Hoffmeyer,OL,2.08,81.89,142,313.06,2021,Frankfurt Galaxy
425,jan-hendrik-koch,74,Jan-Hendrik,Koch,OL,1.98,77.95,160,352.74,2022,Cologne Centurions
426,jan-niclas-dalbeck,79,Jan-Niclas,Dalbeck,OL,2.01,79.13,137,302.03,2021,Cologne Centurions
427,jan-phillip-bombek,5,Jan-Phillip,Bombek,OLB,1.93,75.98,110,242.51,2022,Leipzig Kings
428,jan-phillip-bombek,5,Jan-Phillip,Bombek,OLB,1.93,75.98,110,242.51,2021,Hamburg Sea Devils
429,janek-wenke,97,Janek,Wenke,DE,1.94,76.38,110,242.51,2022,Cologne Centurions
430,janez-von-renesse,81,Janez,von Renesse,WR,1.85,72.83,82,180.78,2022,Frankfurt Galaxy
431,janis-kaiser,10,Janis,Kaiser,QB,1.83,72.05,87,191.8,2022,Stuttgart Surge
432,janis-lou-scharmer,43,Janis Lou,Schmarmer,FB,1.7,66.93,86,189.6,2021,Berlin Thunder
433,jannik-loercks,13,Jannik,Lörcks,WR,1.83,72.05,83,182.98,2022,Cologne Centurions
434,jannik-loercks,13,Jannik,Lörcks,WR,1.83,72.05,83,182.98,2021,Cologne Centurions
435,jannik-nowak,6,Jannik,Nowak,QB,1.8,70.87,87,191.8,2021,Cologne Centurions
436,jannik-seibel,4,Jannik,Seibel,CB,1.9,74.8,95,209.44,2022,Rhein Fire
437,jannik-seibel,4,Jannik,Seibel,CB,1.9,74.8,95,209.44,2021,Cologne Centurions
438,jannik-werblow,69,Jannik,Werblow,OL,1.97,77.56,130,286.6,2022,Berlin Thunder
439,jannik-werblow,69,Jannik,Werblow,OL,1.97,77.56,130,286.6,2021,Berlin Thunder
440,japhet-maleka-mbala,44,Japhet Maleka,Mbala,ILB,1.75,68.9,89,196.21,2022,Stuttgart Surge
441,japhet-maleka-mbala,44,Japhet Maleka,Mbala,ILB,1.75,68.9,89,196.21,2021,Stuttgart Surge
442,jaroslaw-lewszyk,22,Jarosław,Lewszyk,LB,1.81,71.26,91,200.62,2021,Panthers Wroclaw
443,jason-aguemon,21,Jason,Aguemon,RB,1.79,70.47,93,205.03,2021,Leipzig Kings
444,jason-chikere,97,Jason,Chikere,DT,1.91,75.2,127,279.99,2022,Rhein Fire
445,jason-eid,23,Jason,Eid,CB,1.8,70.87,80,176.37,2021,Berlin Thunder
446,jason-kuhn,68,Jason,Kühn,OL,1.87,73.62,126,277.78,2021,Stuttgart Surge
447,jaume-llinas,85,Jaume,Llinas,WR,1.7,66.93,73,160.94,2021,Barcelona Dragons
448,javier-barrena,83,Javier,Barrena,RB/WR,,,,,2021,Barcelona Dragons
449,javier-castanon,24,Javier,Castañón,TE,1.8,70.87,88,194.01,2022,Barcelona Dragons
450,javier-castanon,24,Javier,Castañón,TE,1.8,70.87,88,194.01,2021,Barcelona Dragons
451,jean-constant,5,Jean,Constant,WR,1.75,68.9,84,185.19,2022,Hamburg Sea Devils
452,jean-constant,5,Jean,Constant,WR,1.75,68.9,84,185.19,2021,Barcelona Dragons
453,jean-charles-moukouri,6,Jean-Charles,Moukouri,RB,1.73,68.11,95,209.44,2022,Stuttgart Surge
454,jean-charles-moukouri,6,Jean-Charles,Moukouri,RB,1.73,68.11,95,209.44,2021,Stuttgart Surge
455,jean-claude-madin-cerezo,10,Jean-Claude,Madin Cerezo,WR,1.86,73.23,95,209.44,2022,Hamburg Sea Devils
456,jean-claude-madin-cerezo,10,Jean-Claude,Madin Cerezo,WR,1.86,73.23,95,209.44,2021,Hamburg Sea Devils
457,jedrzej-rudnicki,70,Jedrzej,Rudnicki,OL,1.95,76.77,121,266.76,2021,Barcelona Dragons
458,jeffery-asare,53,Jeffery,Asare,OL,1.91,75.2,130,286.6,2022,Raiders Tirol
459,jeffrey-juurlink,35,Jeffrey,Juurlink,DB,1.85,72.83,86,189.6,2021,Hamburg Sea Devils
460,jens-appelt,15,Jens,Appelt,K,1.85,72.83,90,198.42,2022,Cologne Centurions
461,jens-hauser,10,Jens,Hauser,K,1.81,71.26,96,211.64,2021,Stuttgart Surge
462,jens-vogt,61,Jens,Vogt,OL,1.9,74.8,130,286.6,2022,Cologne Centurions
463,jens-walter,88,Jens,Walter,TE,1.93,75.98,110,242.51,2022,Stuttgart Surge
464,jens-walter,88,Jens,Walter,TE,1.93,75.98,110,242.51,2021,Stuttgart Surge
465,jeremy-lang,82,Jeremy,Lang,WR,1.9,74.8,90,198.42,2021,Leipzig Kings
466,jeremy-sarfo,45,Jeremy,Sarfo,FB,1.8,70.87,107,235.89,2022,Hamburg Sea Devils
467,jeremy-sarfo,45,Jeremy,Sarfo,FB,1.8,70.87,107,235.89,2021,Hamburg Sea Devils
468,jeremy-sommerwerk,40,Jeremy,Sommerwerk,ILB,1.75,68.9,105,231.49,2021,Berlin Thunder
469,jessie-wegner,52,Jessie,Wegner,OL,1.93,75.98,110,242.51,2021,Stuttgart Surge
470,jhonattan-silva-gomez,43,Jhonattan,Silva Gomez,LB,1.88,74.02,105,231.49,2021,Frankfurt Galaxy
471,joachim-bachmann,69,Joachim,Bachmann,DL,1.98,77.95,157,346.13,2021,Frankfurt Galaxy
472,joachim-christensen,75,Joachim,Christensen,OL,1.95,76.77,140,308.65,2022,Frankfurt Galaxy
473,joachim-christensen,75,Joachim,Christensen,OL,1.95,76.77,140,308.65,2021,Frankfurt Galaxy
474,joan-carles-bartra,13,Joan Carles,Bartra,S,1.8,70.87,90,198.42,2022,Barcelona Dragons
475,jocques-crawford,1,Jocques,Crawford,RB,1.83,72.05,100,220.46,2022,Berlin Thunder
476,jocques-crawford,1,Jocques,Crawford,RB,1.83,72.05,100,220.46,2021,Berlin Thunder
477,joe-germinerio,9,Joe ,Germinerio,QB,1.89,74.41,100,220.46,2022,Berlin Thunder
478,joel-plum,69,Joel,Plum,OL,1.97,77.56,119,262.35,2022,Rhein Fire
479,johann-heuck,12,Johann,Heuck,QB,1.96,77.17,88,194.01,2022,Hamburg Sea Devils
480,johannes-schutz,14,Johannes,Schütz,WR,1.81,71.26,88,194.01,2022,Vienna Vikings
481,john-levi-kruse,44,John Levi,Kruse,TE,1.94,76.38,110,242.51,2022,Hamburg Sea Devils
482,john-levi-kruse,44,John Levi,Kruse,TE,1.94,76.38,110,242.51,2021,Hamburg Sea Devils
483,john-uribe,13,John,Uribe,QB,182.0,7165.35,92,202.83,2022,Panthers Wroclaw
484,johosaphat-kendrick-danso,18,Johosaphat Kendrick,Danso,S,1.86,73.23,87,191.8,2021,Hamburg Sea Devils
485,jonas-breme,83,Jonas,Breme,WR,1.76,69.29,86,189.6,2022,Leipzig Kings
486,jonas-breme,83,Jonas,Breme,WR,1.76,69.29,86,189.6,2021,Leipzig Kings
487,jonas-hagerup,70,Jonas,Hagerup,OL,200.0,7874.02,137,302.03,2021,Leipzig Kings
488,jonas-schenderlein,26,Jonas,Schenderlein,K,1.86,73.23,75,165.35,2022,Berlin Thunder
489,jonas-schenderlein,26,Jonas,Schenderlein,K,1.86,73.23,75,165.35,2021,Berlin Thunder
490,jonas-schmelzer,17,Jonas,Schmelzer,QB,1.9,74.8,88,194.01,2022,Rhein Fire
491,jonas-schultes,50,Jonas ,Schultes,ILB,1.9,74.8,110,242.51,2022,Leipzig Kings
492,jonas-schultes,50,Jonas ,Schultes,ILB,1.9,74.8,110,242.51,2021,Leipzig Kings
493,jonas-tykfer,42,Jonas,Tykfer,LB,1.9,74.8,100,220.46,2021,Hamburg Sea Devils
494,jonata-loria,9,Jonata,Loria,K/P,1.78,70.08,70,154.32,2022,Stuttgart Surge
495,jonathan-dietze,28,Jonathan,Dietze,S,1.74,68.5,80,176.37,2022,Leipzig Kings
496,jonathan-dietze,28,Jonathan,Dietze,S,1.74,68.5,80,176.37,2021,Leipzig Kings
497,jonathan-michael-corradini,32,Jonathan Michael,Corradini,DB,1.71,67.32,,,2021,Barcelona Dragons
498,jonathan-peppler,76,Jonathan,Peppler,OL,1.94,76.38,150,330.69,2022,Rhein Fire
499,jonathan-sieveke,23,Jonathan,Sieveke,CB,1.88,74.02,75,165.35,2022,Leipzig Kings
500,jonell-patrice-pelie,53,Jonell Patrice,Pelie,LB,1.72,67.72,92,202.83,2022,Cologne Centurions
501,jordan-bouah,4,Jordan,Bouah,WR,1.8,70.87,88,194.01,2022,Vienna Vikings
502,jordi-brugnani,23,Jordi,Brugnani,CB,1.83,72.05,80,176.37,2022,Barcelona Dragons
503,jordi-brugnani,23,Jordi,Brugnani,CB,1.83,72.05,80,176.37,2021,Barcelona Dragons
504,jordi-torrededia,80,Jordi,Torrededia,WR,1.77,69.69,74,163.14,2022,Barcelona Dragons
505,jordi-torrededia,80,Jordi,Torrededia,WR,1.77,69.69,74,163.14,2021,Barcelona Dragons
506,jorge-aparicio,97,Jorge,Aparicio,DE,1.91,75.2,115,253.53,2022,Leipzig Kings
507,jorge-felix-velasco,5,Jorge Félix,Velasco,S,1.73,68.11,80,176.37,2022,Barcelona Dragons
508,jose-ariza,72,Jose Rafael,Ariza Paredes,OL,1.92,75.59,147,324.08,2022,Barcelona Dragons
509,josep-tricas,53,Josep,Tricas,LS,1.83,72.05,105,231.49,2022,Barcelona Dragons
510,josep-tricas,53,Josep,Tricas,LS,1.83,72.05,105,231.49,2021,Barcelona Dragons
511,joshua-lang,83,Joshua,Lang,WR,1.85,72.83,82,180.78,2021,Leipzig Kings
512,joshua-mack,28,Joshua,Mack,RB,1.84,72.44,94,207.23,2022,Cologne Centurions
513,joshua-nikolai-jacob,26,Joshua Nikolai,Jacob,RB,1.75,68.9,90,198.42,2022,Leipzig Kings
514,joshua-petersen,5,Joshua,Petersen,QB,1.96,77.17,100,220.46,2021,Hamburg Sea Devils
515,joshua-poznanski,14,Joshua,Poznanski,S,1.9,74.8,98,216.05,2022,Frankfurt Galaxy
516,joshua-poznanski,14,Joshua,Poznanski,S,1.9,74.8,98,216.05,2021,Frankfurt Galaxy
517,joshua-sauren,47,Joshua,Sauren,LB,1.88,74.02,100,220.46,2021,Frankfurt Galaxy
518,josip-gazibaric,41,Josip,Gazibaric,ILB,1.84,72.44,95,209.44,2022,Vienna Vikings
519,juan-hervas,82,Juan,Hervás,WR,1.81,71.26,72,158.73,2021,Barcelona Dragons
520,julian-ampaw,34,Julian,Ampaw,RB,1.86,73.23,,,2021,Hamburg Sea Devils
521,julian-jakob,21,Julian,Jakob,CB,1.82,71.65,78,171.96,2021,Stuttgart Surge
522,julian-ludwig-mayorga,32,Julian,Ludwig-Mayorga,S,1.82,71.65,80,176.37,2022,Stuttgart Surge
523,julian-ludwig-mayorga,32,Julian,Ludwig-Mayorga,S,1.82,71.65,80,176.37,2021,Stuttgart Surge
524,julian-perfler,55,Julian,Perfler,ILB,1.85,72.83,103,227.08,2022,Raiders Tirol
525,julian-volker,3,Julian,Völker,DE,1.99,78.35,115,253.53,2022,Cologne Centurions
526,julian-volker,3,Julian,Völker,DE,1.99,78.35,115,253.53,2021,Cologne Centurions
527,julian-volling,15,Julian,Völling,WR,1.83,72.05,86,189.6,2021,Hamburg Sea Devils
528,julian-zorz,5,Julian,Zorz,RB,1.84,72.44,93,205.03,2022,Rhein Fire
529,junior-de-souza-briele,99,Junior,De Souza Briele,DT,1.87,73.62,122,268.96,2022,Cologne Centurions
530,junior-de-souza-briele,99,Junior,De Souza Briele,DT,1.87,73.62,122,268.96,2021,Cologne Centurions
531,junior-nkembi,19,Junior,Nkembi,S,1.86,73.23,,,2022,Stuttgart Surge
532,justin-rodney,33,Justin,Rodney,RB,1.74,68.5,85,187.39,2022,Frankfurt Galaxy
533,justin-rodney,33,Justin,Rodney,RB,1.74,68.5,85,187.39,2021,Frankfurt Galaxy
534,justin-rogers,23,Justin,Rogers,CB,1.8,70.87,85,187.39,2022,Hamburg Sea Devils
535,justin-rogers,23,Justin,Rogers,CB,1.8,70.87,85,187.39,2021,Hamburg Sea Devils
536,justin-schlesinger,10,Justin,Schlesinger,WR,1.8,70.87,75,165.35,2022,Cologne Centurions
537,justin-schlesinger,10,Justin,Schlesinger,WR,1.8,70.87,75,165.35,2021,Cologne Centurions
538,justin-wiedelbach,24,Justin,Wiedelbach,K,1.83,72.05,93,205.03,2022,Cologne Centurions
539,justus-sleiman,58,Justus,Sleiman,DE,1.88,74.02,120,264.55,2022,Rhein Fire
540,johann-gisli-hummel,32,Jóhann Gísli,Hummel,RB,1.83,72.05,91,200.62,2021,Hamburg Sea Devils
541,kavontae-turpin,12,KaVontae,Turpin,WR,1.75,68.9,72,158.73,2021,Panthers Wroclaw
542,kaan-ozcan,21,Kaan,Özcan,RB,1.74,68.5,84,185.19,2022,Rhein Fire
543,kaan-ozer,13,Kaan,Özer,WR,1.87,73.62,90,198.42,2022,Istanbul Rams
544,kacper-bogdanski,44,Kacper,Bogdański,TE/ FB,1.73,68.11,103,227.08,2021,Panthers Wroclaw
545,kacper-fiedziuk,14,Kacper,Fiedziuk,WR,1.96,77.17,98,216.05,2022,Panthers Wroclaw
546,kacper-fiedziuk,14,Kacper,Fiedziuk,WR,1.96,77.17,98,216.05,2021,Panthers Wroclaw
547,kacper-oldak,49,Kacper,Ołdak,ILB,1.82,71.65,95,209.44,2022,Panthers Wroclaw
548,kacper-oldak,49,Kacper,Ołdak,ILB,1.82,71.65,95,209.44,2021,Panthers Wroclaw
549,kacper-pawlak,56,Kacper,Pawlak,DL,1.82,71.65,115,253.53,2021,Panthers Wroclaw
550,kacper-rokicinski,20,Kacper,Rokiciński,CB,1.8,70.87,83,182.98,2022,Panthers Wroclaw
551,kacper-rokicinski,20,Kacper,Rokiciński,CB,1.8,70.87,83,182.98,2021,Panthers Wroclaw
552,kadel-king,40,Kadel,King,LB,1.91,75.2,106,233.69,2021,Frankfurt Galaxy
553,kai-hunter,22,Kai,Hunter,RB,1.76,69.29,85,187.39,2022,Frankfurt Galaxy
554,kai-schiffer,18,Kai,Schiffer,WR,1.9,74.8,93,205.03,2021,Cologne Centurions
555,kajetan-korzynski,68,Kajetan,Korżyński,OL,1.85,72.83,120,264.55,2021,Panthers Wroclaw
556,kalon-beverly,4,Kalon,Beverly,CB,1.87,73.62,83,182.98,2022,Cologne Centurions
557,kamil-kotlarz,28,Kamil,Kotlarz,RB,1.75,68.9,85,187.39,2022,Panthers Wroclaw
558,kamil-kotlarz,28,Kamil,Kotlarz,RB,1.75,68.9,85,187.39,2021,Panthers Wroclaw
559,kamil-kur,71,Kamil,Kur,OL,1.84,72.44,107,235.89,2021,Panthers Wroclaw
560,kamil-muller,83,Kamil,Muller,WR,1.84,72.44,88,194.01,2022,Panthers Wroclaw
561,kamil-muller,83,Kamil,Muller,WR,1.84,72.44,88,194.01,2021,Panthers Wroclaw
562,kamil-piatek,65,Kamil,Piątek,OL,1.86,73.23,130,286.6,2022,Panthers Wroclaw
563,kamil-piatek,65,Kamil,Piątek,OL,1.86,73.23,130,286.6,2021,Panthers Wroclaw
564,kamil-ruta,6,Kamil,Ruta,OLB,1.87,73.62,112,246.92,2022,Panthers Wroclaw
565,kamil-ruta,6,Kamil,Ruta,OLB,1.87,73.62,112,246.92,2021,Panthers Wroclaw
566,karim-ben-el-ghali,24,Karim,Ben El Ghali,CB,1.8,70.87,80,176.37,2022,Frankfurt Galaxy
567,karlis-brauns,54,Karlis,Brauns,DE,1.97,77.56,120,264.55,2022,Frankfurt Galaxy
568,karlis-brauns,54,Karlis,Brauns,DE,1.97,77.56,120,264.55,2021,Panthers Wroclaw
569,kasim-edebali,91,Kasim,Edebali,OLB,1.89,74.41,108,238.1,2022,Hamburg Sea Devils
570,kasim-edebali,91,Kasim,Edebali,OLB,1.89,74.41,108,238.1,2021,Hamburg Sea Devils
571,kasper-bongaerts,48,Kasper,Bongaerts,LB,1.83,72.05,90,198.42,2021,Cologne Centurions
572,kay-wagner,97,Kay,Wagner,DT,1.85,72.83,128,282.19,2022,Berlin Thunder
573,kay-wagner,97,Kay,Wagner,DT,1.85,72.83,128,282.19,2021,Berlin Thunder
574,keanu-ebanks,68,Keanu,Ebanks,OL,1.97,77.56,,,2021,Hamburg Sea Devils
575,kelian-mouliom,83,Kelian,Mouliom,WR,1.87,73.62,85,187.39,2022,Berlin Thunder
576,kenneth-komlan-soussoukpo,33,Kenneth Komlan,Soussoukpo,DB,1.9,74.8,90,198.42,2021,Hamburg Sea Devils
577,kevin-bannasch,37,Kevin,Bannasch,S,1.83,72.05,89,196.21,2021,Stuttgart Surge
578,kevin-fortes,15,Kevin,Fortes,S,1.9,74.8,93,205.03,2022,Hamburg Sea Devils
579,kevin-hummel,14,Kevin,Hummel,OLB,1.78,70.08,99,218.26,2022,Berlin Thunder
580,kevin-hummel,14,Kevin,Hummel,OLB,1.78,70.08,99,218.26,2021,Berlin Thunder
581,kevin-maier,99,Kevin,Maier,DE,1.93,75.98,108,238.1,2022,Frankfurt Galaxy
582,kevin-maier,99,Kevin,Maier,DE,1.93,75.98,108,238.1,2021,Frankfurt Galaxy
583,kevin-meeder,23,Kevin,Meeder,DB,1.8,70.87,83,182.98,2021,Berlin Thunder
584,kevin-mwamba,87,Kevin,Mwamba,TE,1.87,73.62,118,260.15,2022,Frankfurt Galaxy
585,kevin-mwamba,87,Kevin,Mwamba,TE,1.87,73.62,118,260.15,2021,Frankfurt Galaxy
586,kimi-linnainmaa,17,Kimi ,Linnainmaa ,WR,1.78,70.08,84,185.19,2022,Vienna Vikings
587,koku-giede,98,Koku,Giede,DE,1.93,75.98,110,242.51,2022,Frankfurt Galaxy
588,kolin-hill,45,Kolin,Hill,DE,1.93,75.98,117,257.94,2021,Berlin Thunder
589,konrad-orzechowski,73,Konrad,Orzechowski,OL,1.98,77.95,125,275.58,2022,Panthers Wroclaw
590,konrad-paszkiewicz,51,Konrad,Paszkiewicz,DT,1.8,70.87,110,242.51,2022,Panthers Wroclaw
591,konrad-starczewski,40,Konrad,Starczewski,FB,1.8,70.87,125,275.58,2022,Panthers Wroclaw
592,konrad-starczewski,40,Konrad,Starczewski,FB,1.8,70.87,125,275.58,2021,Panthers Wroclaw
593,konrad-stepien,58,Konrad,Stępień,OLB,1.84,72.44,104,229.28,2022,Panthers Wroclaw
594,konstantin-katz,31,Konstantin,Katz,CB,1.83,72.05,83,182.98,2022,Frankfurt Galaxy
595,krzysztof-wis,35,Krzysztof,Wis,OLB,1.92,75.59,100,220.46,2022,Panthers Wroclaw
596,kwame-ofori,81,Kwame,Ofori,WR,1.92,75.59,95,209.44,2021,Hamburg Sea Devils
597,kyle-kitchens,45,Kyle ,Kitchens,DE,1.88,74.02,118,260.15,2022,Berlin Thunder
598,kyle-kitchens,45,Kyle ,Kitchens,DE,1.88,74.02,118,260.15,2021,Leipzig Kings
599,kyle-sweet,17,Kyle,Sweet,WR,1.83,72.05,85,187.39,2022,Barcelona Dragons
600,kursad-pekun,20,Kürşad,Pekün,S,1.75,68.9,88,194.01,2022,Istanbul Rams
601,lamar-jordan,16,Lamar,Jordan II,WR,1.8,70.87,83,182.98,2022,Hamburg Sea Devils
602,lance-leota,56,Lance,Leota,DT,1.85,72.83,140,308.65,2022,Leipzig Kings
603,lance-leota,56,Lance,Leota,DT,1.85,72.83,140,308.65,2021,Leipzig Kings
604,lane-acheompong,78,Lane,Acheompong,OL,1.88,74.02,155,341.72,2021,Berlin Thunder
605,lars-hampel,61,Lars,Hampel,OL,1.84,72.44,145,319.67,2021,Frankfurt Galaxy
606,lars-lennard-bardenhagen,49,Lars Lennard,Bardenhagen,ILB,1.86,73.23,100,220.46,2022,Hamburg Sea Devils
607,lars-steffen,29,Lars,Steffen,S,1.84,72.44,93,205.03,2022,Panthers Wroclaw
608,lasse-meyer,25,Lasse,Meyer,CB,1.81,71.26,85,187.39,2022,Rhein Fire
609,lasse-rave,58,Lasse,Rave ,LB,1.83,72.05,97,213.85,2021,Stuttgart Surge
610,laurin-wiegand,87,Laurin,Wiegand,TE,1.92,75.59,110,242.51,2022,Cologne Centurions
611,laurynas-orlovicius,92,Laurynas,Orlovicius,DT,1.91,75.2,138,304.24,2022,Raiders Tirol
612,lautaro-frecha,22,Lautaro,Frecha,S,1.88,74.02,95,209.44,2022,Barcelona Dragons
613,lautaro-frecha,22,Lautaro,Frecha,S,1.88,74.02,95,209.44,2021,Barcelona Dragons
614,lawrence-cornwall-baptiste,66,Lawrence,Cornwall-Baptiste,OL,1.95,76.77,140,308.65,2022,Berlin Thunder
615,leroy-stryewski,86,LeRoy,Stryewski,TE,1.95,76.77,105,231.49,2021,Cologne Centurions
616,leander-carstensen,20,Leander,Carstensen,RB,1.75,68.9,91,200.62,2022,Rhein Fire
617,leander-wiegand,71,Leander,Wiegand,OL,1.96,77.17,137,302.03,2022,Cologne Centurions
618,lennart-weitz,58,Lennart,Weitz,OLB,1.8,70.87,95,209.44,2021,Cologne Centurions
619,lenny-sadzik,79,Lenny,Sadzik,OL,1.96,77.17,155,341.72,2022,Stuttgart Surge
620,leo-kober,19,Leo,Kober,QB,1.85,72.83,87,191.8,2022,Raiders Tirol
621,leo-leeser,18,Leo,Leeser,DB,1.8,70.87,80,176.37,2021,Berlin Thunder
622,leon-balogh,1,Leon,Balogh,DE,1.94,76.38,110,242.51,2022,Vienna Vikings
623,leon-helm,44,Leon,Helm,FB,1.83,72.05,103,227.08,2022,Frankfurt Galaxy
624,leon-huber,44,Leon,Huber,ILB,1.81,71.26,100,220.46,2022,Vienna Vikings
625,leon-habich,73,Leon,Häbich,OL,1.9,74.8,125,275.58,2021,Stuttgart Surge
626,leon-kusterer,16,Leon,Kusterer,WR,1.8,70.87,80,176.37,2022,Leipzig Kings
627,leon-kusterer,16,Leon,Kusterer,WR,1.8,70.87,80,176.37,2021,Hamburg Sea Devils
628,leon-michailidis,65,Leon Savvas,Michailidis,OL,1.85,72.83,160,352.74,2022,Cologne Centurions
629,leonhard-gerner,21,Leonhard,Gerner,CB,1.85,72.83,85,187.39,2022,Vienna Vikings
630,lesar-duran,13,Lesar,Duran,WR,1.93,75.98,97,213.85,2022,Rhein Fire
631,lewis-thomas,63,Lewis,Thomas,OL,1.88,74.02,130,286.6,2022,Hamburg Sea Devils
632,lion-deckwarth,32,Lion,Deckwarth,ILB,1.87,73.62,100,220.46,2022,Leipzig Kings
633,lion-deckwarth,32,Lion,Deckwarth,ILB,1.87,73.62,100,220.46,2021,Leipzig Kings
634,long-hoang,49,Long,Hoang,LB,1.74,68.5,85,187.39,2021,Frankfurt Galaxy
635,lorenz-regler,86,Lorenz,Regler,WR,1.95,76.77,85,187.39,2022,Frankfurt Galaxy
636,lorenz-regler,86,Lorenz,Regler,WR,1.95,76.77,85,187.39,2021,Frankfurt Galaxy
637,lorenzo-deiana,59,Lorenzo,Deiana,OLB,1.9,74.8,118,260.15,2022,Hamburg Sea Devils
638,louis-achaintre,40,Louis,Achaintre,ILB,1.88,74.02,100,220.46,2022,Frankfurt Galaxy
639,louis-achaintre,40,Louis,Achaintre,ILB,1.88,74.02,100,220.46,2021,Berlin Thunder
640,louis-geyer,18,Louis,Geyer,WR,1.88,74.02,90,198.42,2022,Cologne Centurions
641,louis-geyer,18,Louis,Geyer,WR,1.88,74.02,90,198.42,2021,Stuttgart Surge
642,louis-muller,27,Louis,Müller,CB,1.77,69.69,88,194.01,2022,Hamburg Sea Devils
643,louis-muller,27,Louis,Müller,CB,1.77,69.69,88,194.01,2021,Hamburg Sea Devils
644,louis-rieger,16,Louis,Rieger,DB,1.77,69.69,83,182.98,2021,Berlin Thunder
645,luc-schneider,24,Luc,Schneider,RB,1.71,67.32,85,187.39,2021,Leipzig Kings
646,luca-dohn,60,Luca,Dohn,OL,1.9,74.8,125,275.58,2022,Berlin Thunder
647,luca-faschian,12,Luca,Faschian,WR,1.89,74.41,87,191.8,2022,Stuttgart Surge
648,luca-faschian,12,Luca,Faschian,WR,1.89,74.41,87,191.8,2021,Stuttgart Surge
649,lucas-hebel,62,Luca,Hebel,OL,1.93,75.98,145,319.67,2022,Frankfurt Galaxy
650,lucas-hebel,62,Luca,Hebel,OL,1.93,75.98,145,319.67,2021,Frankfurt Galaxy
651,luca-lampe,48,Luca,Lampe,LB,1.93,75.98,95,209.44,2021,Leipzig Kings
652,luca-sack,83,Luca,Sack,WR,1.8,70.87,82,180.78,2021,Frankfurt Galaxy
653,luca-weis,24,Luca,Weis,RB,1.84,72.44,88,194.01,2022,Stuttgart Surge
654,lucas-masero,20,Lucas,Masero,CB,1.73,68.11,80,176.37,2022,Barcelona Dragons
655,lucas-masero,20,Lucas,Masero,CB,1.73,68.11,80,176.37,2021,Barcelona Dragons
656,lucas-richter,27,Lucas,Richter,S,1.85,72.83,90,198.42,2022,Cologne Centurions
657,lucky-ogbevoen,29,Lucky,Ogbevoen,OLB,1.9,74.8,100,220.46,2022,Raiders Tirol
658,lucky-ogbevoen,29,Lucky,Ogbevoen,OLB,1.9,74.8,100,220.46,2021,Stuttgart Surge
659,ludvig-myren,30,Ludvig,Myren,OLB,1.88,74.02,97,213.85,2022,Berlin Thunder
660,luis-cereceda,6,Luis,Cereceda,P,1.77,69.69,81,178.57,2022,Barcelona Dragons
661,luis-cereceda,6,Luis,Cereceda,P,1.77,69.69,81,178.57,2021,Barcelona Dragons
662,luis-horvath,32,Luis,Horvath,S,1.8,70.87,90,198.42,2022,Vienna Vikings
663,luis-moreno,80,Luis,Moreno,WR,1.84,72.44,90,198.42,2022,Frankfurt Galaxy
664,luis-muller-atzerodt,14,Luis,Müller Atzerodt,DB,1.81,71.26,77,169.76,2021,Berlin Thunder
665,lukas-birkel,85,Lukas,Birkel,WR,1.85,72.83,85,187.39,2021,Leipzig Kings
666,lukas-fink,86,Lukas,Fink,WR,1.85,72.83,85,187.39,2022,Raiders Tirol
667,lukas-haslwanter,24,Lukas,Haslwanter,RB,1.84,72.44,90,198.42,2022,Raiders Tirol
668,lukas-holub,71,Lukas,Holub,OL,1.94,76.38,120,264.55,2022,Vienna Vikings
669,lukas-huster,8,Lukas,Huster,WR,1.88,74.02,84,185.19,2021,Stuttgart Surge
670,lukas-oconnor,2,Lukas,O'Connor,QB,1.93,75.98,98,216.05,2021,Panthers Wroclaw
671,lukas-rebensdorf,35,Lukas,Rebensdorf,DB,1.88,74.02,87,191.8,2021,Leipzig Kings
672,lukas-rehder,89,Lukas,Rehder,WR,1.93,75.98,92,202.83,2022,Hamburg Sea Devils
673,lukas-rehder,89,Lukas,Rehder,WR,1.93,75.98,92,202.83,2021,Hamburg Sea Devils
674,lukas-ruoss,3,Lukas,Ruoss,ILB,1.92,75.59,104,229.28,2022,Rhein Fire
675,lukas-stingl,74,Lukas,Stingl,OL,1.86,73.23,115,253.53,2021,Stuttgart Surge
676,lukas-von-stumpfeldt,4,Lukas,von Stumpfeldt,QB,1.88,74.02,89,196.21,2021,Frankfurt Galaxy
677,maciej-krupa,88,Maciej,Krupa,WR,1.8,70.87,80,176.37,2022,Panthers Wroclaw
678,madre-london,28,Madre,London,RB,1.85,72.83,97,213.85,2021,Cologne Centurions
679,majan-jelvani,8,Majan,Jelvani,CB,1.88,74.02,95,209.44,2022,Rhein Fire
680,malcolm-washington,2,Malcolm,Washington,CB,1.87,73.62,86,189.6,2022,Stuttgart Surge
681,malik-becker,61,Malik,Becker,OL,1.78,70.08,135,297.62,2021,Cologne Centurions
682,malik-stanley,2,Malik,Stanley,WR,1.9,74.8,102,224.87,2022,Panthers Wroclaw
683,mamadou-sy,55,Mamadou,Sy,DT,1.96,77.17,130,286.6,2022,Frankfurt Galaxy
684,mamadou-sy,55,Mamadou,Sy,DT,1.96,77.17,130,286.6,2021,Frankfurt Galaxy
685,manuel-jovic,90,Manuel,Jovic,DE,1.92,75.59,115,253.53,2022,Raiders Tirol
686,manuel-lortzing-martinez,79,Manuel,Lortzing Martinez,OL,1.88,74.02,136,299.83,2022,Raiders Tirol
687,marc-anthony-hor,90,Marc Anthony,Hor,DT,1.87,73.62,130,286.6,2022,Frankfurt Galaxy
688,marc-anthony-hor,90,Marc Anthony,Hor,DT,1.87,73.62,130,286.6,2021,Frankfurt Galaxy
689,marc-kuppinger,77,Marc,Kuppinger,OL,1.91,75.2,128,282.19,2021,Stuttgart Surge
690,marcel-behm,96,Marcel,Behm,DT,1.82,71.65,128,282.19,2022,Berlin Thunder
691,marcel-behm,96,Marcel,Behm,DT,1.82,71.65,128,282.19,2021,Berlin Thunder
692,marcel-camenz,73,Marcel,Camenz,OL,1.8,70.87,137,302.03,2022,Berlin Thunder
693,marcel-camenz,73,Marcel,Camenz,OL,1.8,70.87,137,302.03,2021,Berlin Thunder
694,marcel-dabo,23,Marcel,Dabo,CB,1.84,72.44,,,2021,Stuttgart Surge
695,marcel-furst,98,Marcel,Fürst,DE,1.95,76.77,128,282.19,2022,Stuttgart Surge
696,marcel-furst,98,Marcel,Fürst,DE,1.95,76.77,128,282.19,2021,Stuttgart Surge
697,marcel-steffen,44,Marcel,Steffen,DE,1.87,73.62,100,220.46,2022,Berlin Thunder
698,marcel-steffen,44,Marcel,Steffen,DE,1.87,73.62,100,220.46,2021,Berlin Thunder
699,marcel-ulbrich,18,Marcel,Ulbrich,K,1.85,72.83,89,196.21,2022,Leipzig Kings
700,marcel-ulbrich,18,Marcel,Ulbrich,K,1.85,72.83,89,196.21,2021,Leipzig Kings
701,marcin-osumek,26,Marcin,Osumek,DB,1.86,73.23,86,189.6,2021,Panthers Wroclaw
702,marco-fischer,51,Marco,Fischer,OL,1.93,75.98,128,282.19,2022,Stuttgart Surge
703,marco-schneider,4,Marco,Schneider,WR,1.7,66.93,80,176.37,2022,Raiders Tirol
704,marcos-schlabitz,35,Marcos,Schlabitz,S,1.85,72.83,90,198.42,2022,Frankfurt Galaxy
705,marcus-tullio-lucas,46,Marcus,Tullio Lucas,DE,1.88,74.02,112,246.92,2022,Istanbul Rams
706,marek-stajer,70,Marek,Stajer,OL,1.77,69.69,133,293.21,2021,Panthers Wroclaw
707,marian-deininger,81,Marian,Deininger,WR,1.88,74.02,80,176.37,2022,Vienna Vikings
708,mario-flores,15,Mario,Flores,WR,1.81,71.26,86,189.6,2022,Barcelona Dragons
709,mario-flores,15,Mario,Flores,WR,1.81,71.26,86,189.6,2021,Barcelona Dragons
710,marius-faust,66,Marius,Faust,OL,1.9,74.8,123,271.17,2022,Cologne Centurions
711,marius-kensy,44,Marius,Kensy,ILB,1.85,72.83,112,246.92,2022,Cologne Centurions
712,marius-kensy,44,Marius,Kensy,ILB,1.85,72.83,112,246.92,2021,Cologne Centurions
713,marius-makert,55,Marius,Makert,ILB,1.8,70.87,98,216.05,2022,Berlin Thunder
714,marius-mohr,62,Marius,Mohr,OL,1.95,76.77,130,286.6,2022,Rhein Fire
715,marius-riepe,26,Marius,Riepe,CB,1.82,71.65,91,200.62,2021,Frankfurt Galaxy
716,mark-andrew-adjei,51,Mark Andrew,Adjei,ILB,1.78,70.08,93,205.03,2022,Frankfurt Galaxy
717,mark-gorelik,44,Mark,Gorelik,LB,1.82,71.65,90,198.42,2021,Frankfurt Galaxy
718,mark-herndon,24,Mark,Herndon,RB,1.75,68.9,95,209.44,2021,Panthers Wroclaw
719,mark-scherenberg,46,Mark,Scherenberg,S,1.83,72.05,93,205.03,2022,Cologne Centurions
720,marko-vidovic,73,Marko,Vidović,OL,2.02,79.53,130,286.6,2022,Frankfurt Galaxy
721,marko-vidovic,73,Marko,Vidović,OL,2.02,79.53,130,286.6,2021,Frankfurt Galaxy
722,markus-hachenberg,85,Markus,Hachenberg,WR,1.91,75.2,101,222.67,2022,Frankfurt Galaxy
723,markus-hachenberg,85,Markus,Hachenberg,WR,1.91,75.2,101,222.67,2021,Frankfurt Galaxy
724,markus-riedel,80,Markus,Riedel,WR,1.81,71.26,85,187.39,2021,Leipzig Kings
725,markus-schaberl,85,Markus,Schaberl,TE,1.98,77.95,115,253.53,2022,Raiders Tirol
726,martin-pinter,45,Martin ,Pinter,OLB,1.9,74.8,105,231.49,2022,Rhein Fire
727,martin-strauss,54,Martin,Strauß,ILB,1.85,72.83,104,229.28,2021,Leipzig Kings
728,marvin-amankwah,9,Marvin,Amankwah,TE,1.85,72.83,100,220.46,2022,Hamburg Sea Devils
729,marvin-amankwah,9,Marvin,Amankwah,TE,1.85,72.83,100,220.46,2021,Hamburg Sea Devils
730,marvin-djomou-djoupa,21,Marvin,Djomou Djopa,S,1.79,70.47,94,207.23,2022,Cologne Centurions
731,marvin-pludra,88,Marvin,Pludra,TE,1.98,77.95,136,299.83,2022,Rhein Fire
732,marvin-pludra,88,Marvin,Pludra,TE,1.98,77.95,136,299.83,2021,Stuttgart Surge
733,marvin-rutsch,13,Marvin,Rutsch,WR,1.8,70.87,82,180.78,2022,Frankfurt Galaxy
734,marvin-rutsch,13,Marvin,Rutsch,WR,1.8,70.87,82,180.78,2021,Frankfurt Galaxy
735,marvin-roben,60,Marvin,Röben,OL,2.0,78.74,180,396.83,2021,Stuttgart Surge
736,marvin-wappl,92,Marvin,Wappl,DT,1.86,73.23,100,220.46,2022,Vienna Vikings
737,matan-lockitch,57,Matan,Lockitch,OL,1.78,70.08,116,255.74,2021,Berlin Thunder
738,matej-bencek,72,Matej,Bencek,OL,1.93,75.98,121,266.76,2022,Cologne Centurions
739,mateusz-dymek,98,Mateusz,Dymek,DL,1.85,72.83,104,229.28,2021,Panthers Wroclaw
740,mateusz-dzioban,24,Mateusz,Dzioban,S,1.83,72.05,83,182.98,2022,Istanbul Rams
741,mateusz-glogowski,56,Mateusz,Głogowski,OL,1.86,73.23,130,286.6,2022,Panthers Wroclaw
742,mateusz-konwent,73,Mateusz,Konwent,OL,1.85,72.83,128,282.19,2022,Panthers Wroclaw
743,mateusz-samczuk,61,Mateusz,Samczuk,OL,1.97,77.56,159,350.53,2022,Panthers Wroclaw
744,mateusz-wojakiewicz,87,Mateusz,Wojakiewicz,TE,1.93,75.98,110,242.51,2022,Panthers Wroclaw
745,mathias-roll-hummelmose,75,Mathias Roll,Hummelmose,OL,1.98,77.95,122,268.96,2022,Barcelona Dragons
746,matt-adam,11,Matt,Adam,QB,1.86,73.23,102,224.87,2022,Rhein Fire
747,matthew-daltrey,56,Matthew,Daltrey,OL,1.85,72.83,127,279.99,2022,Vienna Vikings
748,matthias-banjaqui,30,Matthias,Banjaqui,OLB,1.88,74.02,98,216.05,2022,Cologne Centurions
749,matthias-banjaqui,30,Matthias,Banjaqui,OLB,1.88,74.02,98,216.05,2021,Cologne Centurions
750,matthias-spiegel,40,Matthias,Spiegel,ILB,1.8,70.87,95,209.44,2022,Hamburg Sea Devils
751,matthias-spiegel,40,Matthias,Spiegel,ILB,1.8,70.87,95,209.44,2021,Hamburg Sea Devils
752,matz-peters,96,Matz,Peters,DL,1.89,74.41,113,249.12,2021,Cologne Centurions
753,max-bruder,51,Max,Bruder,OL,2.13,83.86,148,326.28,2021,Leipzig Kings
754,max-bahr,77,Max,Bähr,OL,1.88,74.02,114,251.33,2022,Berlin Thunder
755,max-bahr,77,Max,Bähr,OL,1.88,74.02,114,251.33,2021,Berlin Thunder
756,max-ebsen,42,Max,Ebsen,WR/K,1.8,70.87,95,209.44,2021,Frankfurt Galaxy
757,max-schmidt,45,Max,Schmidt,FB,1.83,72.05,100,220.46,2022,Frankfurt Galaxy
758,max-schmidt,45,Max,Schmidt,FB,1.83,72.05,100,220.46,2021,Frankfurt Galaxy
759,max-siemssen,15,Max,Siemssen,WR,1.9,74.8,90,198.42,2022,Frankfurt Galaxy
760,max-siemssen,15,Max,Siemssen,WR,1.9,74.8,90,198.42,2021,Frankfurt Galaxy
761,maxime-de-falcis,24,Maxime,De Falcis,S,1.83,72.05,93,205.03,2021,Berlin Thunder
762,maxime-roger,21,Maxime,Roger,S,1.76,69.29,80,176.37,2022,Raiders Tirol
763,maxime-roussel,66,Maxime,Roussel,OT,1.92,75.59,115,253.53,2022,Stuttgart Surge
764,maxime-rouyer,9,Maxime,Rouyer,ILB,1.85,72.83,106,233.69,2022,Panthers Wroclaw
765,maximilian-eisenhut,14,Maximilian,Eisenhut,P,1.87,73.62,95,209.44,2022,Rhein Fire
766,maximilian-fitz,47,Maximilian,Fitz,ILB,1.93,75.98,100,220.46,2021,Leipzig Kings
767,maximilian-kempchen,72,Maximilian,Kempchen,OL,1.92,75.59,113,249.12,2022,Berlin Thunder
768,maximilian-kempchen,72,Maximilian,Kempchen,OL,1.92,75.59,113,249.12,2021,Stuttgart Surge
769,maximillian-krauss,57,Maximilian,Krauss,ILB,1.86,73.23,105,231.49,2021,Frankfurt Galaxy
770,maximilian-loetz,98,Maximilian,Loetz,DL,1.93,75.98,135,297.62,2022,Rhein Fire
771,maximilian-loetz,98,Maximilian,Loetz,DL,1.93,75.98,135,297.62,2021,Frankfurt Galaxy
772,maximilian-michael-donalies,85,Maximilian Michael,Donalies,TE,2.0,78.74,113,249.12,2021,Hamburg Sea Devils
773,maximilian-mullner,99,Maximilian,Müllner,DT,1.85,72.83,126,277.78,2022,Vienna Vikings
774,maximilian-oebels,54,Maximilian,Oebels,ILB,1.8,70.87,98,216.05,2022,Cologne Centurions
775,maximilian-oebels,54,Maximilian,Oebels,ILB,1.8,70.87,98,216.05,2021,Cologne Centurions
776,maximilian-schmidt,54,Maximilian,Schmidt,OLB,1.89,74.41,98,216.05,2022,Rhein Fire
777,maximilian-wessel,14,Maximilian,Wessel,S,1.81,71.26,92,202.83,2022,Hamburg Sea Devils
778,mehmet-furkan-sarikatipoglu,32,Mehmet Furkan,Sarıkatipoğlu,K,1.83,72.05,108,238.1,2022,Istanbul Rams
779,mete-konya,95,Mete,Konya,DT,1.83,72.05,117,257.94,2022,Frankfurt Galaxy
780,mete-konya,95,Mete,Konya,DT,1.83,72.05,117,257.94,2021,Frankfurt Galaxy
781,michael-bausch,8,Michael,Bausch,ILB,1.85,72.83,90,198.42,2022,Stuttgart Surge
782,michael-bausch,8,Michael,Bausch,ILB,1.85,72.83,90,198.42,2021,Leipzig Kings
783,michael-birdsong,3,Michael,Birdsong,QB,1.95,76.77,105,231.49,2021,Leipzig Kings
784,michael-habetin,70,Michael,Habetin,OL,1.89,74.41,115,253.53,2022,Raiders Tirol
785,michael-hinterwirth-haider,57,Michael,Hinterwirth-Haider,OL,1.87,73.62,147,324.08,2022,Vienna Vikings
786,michael-kimpiabi,49,Michael,Kimpiabi,DT,1.95,76.77,138,304.24,2022,Stuttgart Surge
787,michael-ofosuhene,85,Michael,Ofosuhene,WR,1.81,71.26,88,194.01,2022,Cologne Centurions
788,michael-ofosuhene,85,Michael,Ofosuhene,WR,1.81,71.26,88,194.01,2021,Cologne Centurions
789,michael-sam,52,Michael,Sam,DE,1.88,74.02,116,255.74,2022,Barcelona Dragons
790,michael-schachermayr,13,Michael,Schachermayr,WR,1.82,71.65,88,194.01,2022,Vienna Vikings
791,michael-starck,99,Michael,Starck,DT,1.98,77.95,120,264.55,2022,Berlin Thunder
792,michael-winterlik,16,Michael,Winterlik,QB,1.79,70.47,70,154.32,2021,Stuttgart Surge
793,michal-goszczynski,84,Michał,Goszczyński,WR,1.97,77.56,92,202.83,2022,Panthers Wroclaw
794,michal-goszczynski,84,Michał,Goszczyński,WR,1.97,77.56,92,202.83,2021,Panthers Wroclaw
795,michal-zieta,,Michał ,Zięta,WR,1.81,71.26,82,180.78,2021,Panthers Wroclaw
796,miguel-alessandro-boock,3,Miguel Alessandro,Boock,ILB,1.81,71.26,88,194.01,2022,Hamburg Sea Devils
797,miguel-alessandro-boock,3,Miguel Alessandro,Boock,ILB,1.81,71.26,88,194.01,2021,Hamburg Sea Devils
798,miguel-angel-kabankaya,78,Maiguel Angel,Kabankaya,OL,1.95,76.77,135,297.62,2022,Barcelona Dragons
799,mikail-tatli,50,Mikail,Tatlı,ILB,1.88,74.02,106,233.69,2022,Istanbul Rams
800,mike-breuler,6,Mike,Breuler,WR,1.89,74.41,95,209.44,2022,Vienna Vikings
801,mike-taylor-iii,,Mike,Taylor III,DL,1.87,73.62,124,273.37,2021,Cologne Centurions
802,mikel-gomez,70,Mikel,Gómez,OL,1.88,74.02,132,291.01,2022,Barcelona Dragons
803,milan-misic,92,Milan,Mišić,DL,1.88,74.02,117,257.94,2021,Frankfurt Galaxy
804,mirko-parnow,51,Mirko,Parnow,LB,1.77,69.69,93,205.03,2021,Leipzig Kings
805,milosz-mackow,10,Miłosz,Maćków,TE,1.76,69.29,103,227.08,2022,Panthers Wroclaw
806,milosz-mackow,10,Miłosz,Maćków,TE,1.76,69.29,103,227.08,2021,Panthers Wroclaw
807,modeste-pooda,24,Modeste,Pooda,RB,1.75,68.9,85,187.39,2022,Vienna Vikings
808,moritz-graul,47,Moritz,Graul,CB,1.87,73.62,90,198.42,2022,Leipzig Kings
809,moritz-graul,47,Moritz,Graul,CB,1.87,73.62,90,198.42,2021,Leipzig Kings
810,moritz-herzel,23,Moritz,Herzel,RB,1.68,66.14,83,182.98,2021,Leipzig Kings
811,moritz-johannknecht,5,Moritz,Johannknecht,QB,1.88,74.02,91,200.62,2022,Frankfurt Galaxy
812,moritz-johannknecht,5,Moritz,Johannknecht,QB,1.88,74.02,91,200.62,2021,Frankfurt Galaxy
813,moritz-maack,4,Moritz,Maack,QB,1.87,73.62,86,189.6,2022,Hamburg Sea Devils
814,moritz-schmahel,90,Moritz,Schmahel,DT,1.88,74.02,120,264.55,2022,Vienna Vikings
815,moritz-schmidt,70,Moritz,Schmidt,OL,1.85,72.83,116,255.74,2021,Frankfurt Galaxy
816,moritz-schnippe,19,Moritz,Schnippe,WR,1.85,72.83,85,187.39,2021,Cologne Centurions
817,moritz-thiele,15,Moritz,Thiele,CB,1.81,71.26,88,194.01,2022,Berlin Thunder
818,moritz-thiele,15,Moritz,Thiele,CB,1.81,71.26,88,194.01,2021,Berlin Thunder
819,muhammed-ali-kurutluca,66,Muhammed Ali,Kurutluca,DT,1.87,73.62,119,262.35,2022,Istanbul Rams
820,murilo-silva,74,Murilo,Silva,OL,1.87,73.62,135,297.62,2022,Panthers Wroclaw
821,murilo-silva,74,Murilo,Silva,OL,1.87,73.62,135,297.62,2021,Panthers Wroclaw
822,myke-tavarres,4,Myke,Tavarres ,ILB,1.87,73.62,104,229.28,2022,Leipzig Kings
823,myke-tavarres,4,Myke,Tavarres ,ILB,1.87,73.62,104,229.28,2021,Barcelona Dragons
824,myron-de-vane,36,Myron,De Vane,DB,1.9,74.8,95,209.44,2021,Frankfurt Galaxy
825,nafli-rodriguez,71,Nafli,Rodriguez,OL,1.93,75.98,125,275.58,2022,Leipzig Kings
826,naji-el-ali,16,Naji,El-Ali,WR,1.86,73.23,84,185.19,2022,Berlin Thunder
827,najim-hennig,21,Najim,Hennig,CB,1.78,70.08,81,178.57,2021,Berlin Thunder
828,naren-ishwar-lalwani,75,Naren Ishwar,Lalwani,OL,1.78,70.08,130,286.6,2021,Barcelona Dragons
829,nassim-amroun,19,Nassim,Amroun,WR,1.86,73.23,81,178.57,2022,Hamburg Sea Devils
830,nassim-amroun,19,Nassim,Amroun,WR,1.86,73.23,81,178.57,2021,Hamburg Sea Devils
831,nathan-kalemba,60,Nathan,Kalemba,OL,1.88,74.02,154,339.51,2022,Stuttgart Surge
832,nathaniel-robitaille,86,Nathaniel,Robitaille,WR,1.86,73.23,89,196.21,2022,Rhein Fire
833,nelson-imasuen,99,Nelson,Imasuen,DE,2.07,81.5,124,273.37,2022,Hamburg Sea Devils
834,nelson-imasuen,99,Nelson,Imasuen,DE,2.07,81.5,124,273.37,2021,Hamburg Sea Devils
835,nicholas-moller-hansen,68,Nicholas,Møller-Hansen,OL,1.88,74.02,144,317.47,2021,Barcelona Dragons
836,nick-kaufman,32,Nick,Kaufman,RB,1.73,68.11,86,189.6,2022,Frankfurt Galaxy
837,nick-rudloff,95,Nick,Rudloff,DT,1.86,73.23,135,297.62,2022,Berlin Thunder
838,nick-rudloff,95,Nick,Rudloff,DT,1.86,73.23,135,297.62,2021,Berlin Thunder
839,nick-wenzelburger,31,Nick,Wenzelburger,S,1.84,72.44,89,196.21,2022,Stuttgart Surge
840,nick-wenzelburger,31,Nick,Wenzelburger,S,1.84,72.44,89,196.21,2021,Stuttgart Surge
841,nick-wiens,68,Nick,Wiens,OL,1.87,73.62,126,277.78,2022,Rhein Fire
842,nick-wiens,68,Nick,Wiens,OL,1.87,73.62,126,277.78,2021,Cologne Centurions
843,nico-schon,17,Nico,Schön,WR,1.93,75.98,100,220.46,2021,Frankfurt Galaxy
844,nico-strahmann,19,Nico,Strahmann,WR,1.8,70.87,83,182.98,2022,Frankfurt Galaxy
845,nico-strahmann,19,Nico,Strahmann,WR,1.8,70.87,83,182.98,2021,Frankfurt Galaxy
846,nicolai-schumann,85,Nicolai,Schumann,TE,1.93,75.98,113,249.12,2022,Berlin Thunder
847,nicolai-schumann,85,Nicolai,Schumann,TE,1.93,75.98,113,249.12,2021,Berlin Thunder
848,nicolas-melcher,97,Nicolas,Melcher,DE,1.91,75.2,115,253.53,2022,Raiders Tirol
849,nicolas-werle,63,Nicolas,Werle,DL,1.97,77.56,135,297.62,2021,Frankfurt Galaxy
850,nijaz-hamulic,45,Nijaz,Hamulic,ILB,1.87,73.62,105,231.49,2022,Stuttgart Surge
851,nijaz-hamulic,45,Nijaz,Hamulic,ILB,1.87,73.62,105,231.49,2021,Stuttgart Surge
852,nikita-schonborn,72,Nikita,Schönborn,OL,1.93,75.98,125,275.58,2022,Leipzig Kings
853,niklas-gustav,98,Niklas,Gustav,DE,1.88,74.02,109,240.3,2022,Raiders Tirol
854,niklas-johansson,66,Niklas,Johansson,OL,194.0,7637.8,130,286.6,2022,Vienna Vikings
855,niklas-liesen,47,Niklas,Liesen,ILB,1.84,72.44,106,233.69,2022,Cologne Centurions
856,niklas-liesen,47,Niklas,Liesen,ILB,1.84,72.44,106,233.69,2021,Cologne Centurions
857,niklas-meiworm,76,Niklas,Meiworm,OL,1.96,77.17,147,324.08,2022,Cologne Centurions
858,niklas-meiworm,76,Niklas,Meiworm,OL,1.96,77.17,147,324.08,2021,Cologne Centurions
859,niklas-sanin,18,Niklas,Sanin,K,1.83,72.05,85,187.39,2022,Raiders Tirol
860,niklas-schumm,16,Niklas,Schumm,WR,1.87,73.62,75,165.35,2022,Frankfurt Galaxy
861,niklas-siegert,32,Niklas,Siegert,ILB,1.92,75.59,112,246.92,2022,Rhein Fire
862,niklas-wiem,72,Niklas,Wiem,OL,1.9,74.8,130,286.6,2022,Hamburg Sea Devils
863,niklas-wiem,72,Niklas,Wiem,OL,1.9,74.8,130,286.6,2021,Hamburg Sea Devils
864,niko-lester,25,Niko,Lester,FS,1.87,73.62,97,213.85,2022,Barcelona Dragons
865,niko-lester,25,Niko,Lester,FS,1.87,73.62,97,213.85,2021,Barcelona Dragons
866,nikodem-hernik,55,Nikodem,Hernik,ILB,1.82,71.65,95,209.44,2022,Cologne Centurions
867,nikolas-knoblauch,47,Nikolas,Knoblauch,ILB,1.78,70.08,98,216.05,2022,Stuttgart Surge
868,nikolaus-huszar,27,Nikolaus,Huszar,CB,1.83,72.05,89,196.21,2022,Vienna Vikings
869,nils-baeumer,81,Nils,Bäumer,WR,1.85,72.83,86,189.6,2021,Leipzig Kings
870,nils-hampel,76,Nils,Hampel,OL,1.91,75.2,130,286.6,2022,Frankfurt Galaxy
871,nils-hampel,76,Nils,Hampel,OL,1.91,75.2,130,286.6,2021,Frankfurt Galaxy
872,noah-aarass,11,Noah,Aarass,WR,1.9,74.8,97,213.85,2022,Cologne Centurions
873,noah-aarass,11,Noah,Aarass,WR,1.9,74.8,97,213.85,2021,Cologne Centurions
874,noah-bomba,13,Noah,Bomba,WR,1.95,76.77,88,194.01,2022,Stuttgart Surge
875,noah-bomba,13,Noah,Bomba,WR,1.95,76.77,88,194.01,2021,Frankfurt Galaxy
876,noah-kolling,27,Noah,Kölling,RB,1.8,70.87,85,187.39,2022,Rhein Fire
877,okan-guzel,55,Okan,Güzel,DE,1.87,73.62,115,253.53,2021,Hamburg Sea Devils
878,olav-rohnebaek,40,Olav,Røhnebæk,ILB,1.92,75.59,90,198.42,2021,Leipzig Kings
879,oleg-gerats,52,Oleg,Gerats,OL,1.85,72.83,170,374.79,2022,Berlin Thunder
880,oliver-bahr,22,Oliver,Bahr,RB,1.73,68.11,90,198.42,2022,Leipzig Kings
881,omari-williams,22,Omari,Williams,S,1.86,73.23,82,180.78,2022,Rhein Fire
882,omari-williams,22,Omari,Williams,S,1.86,73.23,82,180.78,2021,Frankfurt Galaxy
883,omi-yoshihito,84,Omi,Yoshihito,WR,1.81,71.26,84,185.19,2021,Leipzig Kings
884,onur-can-duzcu,56,Onur Can,Duzcu,ILB,1.83,72.05,98,216.05,2022,Istanbul Rams
885,orhun-akbudak,55,Orhun,Akbudak,OL,1.9,74.8,121,266.76,2022,Istanbul Rams
886,oscar-sundqvist,70,Oscar,Sundqvist,OL,,,,,2021,Hamburg Sea Devils
887,oskar-herz,20,Oskar,Herz,K,1.83,72.05,72,158.73,2022,Vienna Vikings
888,oskar-kranich,52,Oskar,Kranich,DE,1.9,74.8,115,253.53,2022,Vienna Vikings
889,oskar-wypych,85,Oskar,Wypych,WR,1.8,70.87,87,191.8,2021,Panthers Wroclaw
890,otavio-amorim,77,Otavio,Amorim,OL,1.91,75.2,130,286.6,2021,Berlin Thunder
891,oguzhan-ceyhan,17,Oğuzhan,Ceyhan,CB,1.78,70.08,83,182.98,2022,Istanbul Rams
892,pablo-de-diego,6,Pablo,De Diego,CB,,,,,2021,Barcelona Dragons
893,paco-ufuk-varol,47,Paco (Ufuk),Varol,LB,1.9,74.8,,,2021,Hamburg Sea Devils
894,paolo-sargeni,21,Paolo,Sargeni,CB,1.78,70.08,85,187.39,2022,Leipzig Kings
895,pascal-abt,58,Pascal,Abt,OL,1.84,72.44,140,308.65,2021,Frankfurt Galaxy
896,pascal-brinkers,29,Pascal,Brinkers,OLB,1.84,72.44,101,222.67,2022,Hamburg Sea Devils
897,pascal-floser,17,Pascal,Flöser,WR,1.81,71.26,85,187.39,2021,Stuttgart Surge
898,pascal-labus,99,Pascal,Labus,DL,1.87,73.62,115,253.53,2021,Berlin Thunder
899,pascal-schaar,9,Pascal,Schaar,RB,1.83,72.05,107,235.89,2021,Berlin Thunder
900,pascal-topolewski,53,Pascal,Topolewski,ILB,1.79,70.47,92,202.83,2022,Leipzig Kings
901,pascal-topolewski,53,Pascal,Topolewski,ILB,1.79,70.47,92,202.83,2021,Leipzig Kings
902,patrick-pilger,20,Patrick,Pilger,S,178.0,7007.87,93,205.03,2022,Raiders Tirol
903,patrick-poetsch,43,Patrick,Poetsch,FB,1.8,70.87,124,273.37,2022,Rhein Fire
904,patrick-poetsch,43,Patrick,Poetsch,FB,1.8,70.87,124,273.37,2021,Cologne Centurions
905,paul-fischer,23,Paul,Fischer,CB,1.78,70.08,78,171.96,2022,Berlin Thunder
906,paul-fischer,23,Paul,Fischer,CB,1.78,70.08,78,171.96,2021,Berlin Thunder
907,paul-kavadia-lenhardt,5,Paul,Kavadia-Lenhardt,WR,1.76,69.29,70,154.32,2022,Cologne Centurions
908,paul-kavadia-lenhardt,5,Paul,Kavadia-Lenhardt,WR,1.76,69.29,70,154.32,2021,Cologne Centurions
909,paul-meissner,33,Paul,Meißner,S,1.85,72.83,100,220.46,2022,Leipzig Kings
910,paul-meissner,33,Paul,Meißner,S,1.85,72.83,100,220.46,2021,Leipzig Kings
911,paul-schachner,28,Paul,Schachner,CB,1.79,70.47,78,171.96,2022,Vienna Vikings
912,paul-seifert,8,Paul,Seifert,OLB,1.82,71.65,84,185.19,2022,Berlin Thunder
913,paul-seifert,8,Paul,Seifert,OLB,1.82,71.65,84,185.19,2021,Berlin Thunder
914,paul-steffen,22,Paul,Steffen,S,1.79,70.47,88,194.01,2022,Cologne Centurions
915,paul-steffen,22,Paul,Steffen,S,1.79,70.47,88,194.01,2021,Cologne Centurions
916,paul-steigerwald,18,Paul,Steigerwald,WR,1.98,77.95,98,216.05,2022,Stuttgart Surge
917,paul-steigerwald,18,Paul,Steigerwald,WR,1.98,77.95,98,216.05,2021,Stuttgart Surge
918,paul-veritas,7,Paul,Veritas,OLB,1.89,74.41,105,231.49,2022,Stuttgart Surge
919,pawel-barul,30,Paweł,Barul,RB,1.82,71.65,95,209.44,2022,Panthers Wroclaw
920,pawel-barul,30,Paweł,Barul,RB,1.82,71.65,95,209.44,2021,Panthers Wroclaw
921,per-kristian-molberg,76,Per Kristian,Molberg,OL,1.98,77.95,135,297.62,2021,Leipzig Kings
922,peter-devoe,26,Peter,Devoe,DB,1.84,72.44,94,207.23,2021,Frankfurt Galaxy
923,peter-weiblen,85,Peter,Weiblen,WR,1.8,70.87,90,198.42,2022,Stuttgart Surge
924,peter-weiblen,85,Peter,Weiblen,WR,1.8,70.87,90,198.42,2021,Stuttgart Surge
925,philip-weinzierl,74,Philip,Weinzierl,OL,1.9,74.8,136,299.83,2022,Rhein Fire
926,philipp-haun,10,Philipp,Haun,WR,1.8,70.87,82,180.78,2022,Raiders Tirol
927,philipp-loffelberger,51,Philipp,Löffelberger,DT,1.88,74.02,107,235.89,2022,Raiders Tirol
928,philipp-mingerzahn,42,Philipp,Mingerzahn,DL/LB,1.85,72.83,97,213.85,2021,Leipzig Kings
929,philipp-schumann,89,Philipp,Schumann,WR,1.91,75.2,90,198.42,2022,Berlin Thunder
930,philipp-timmermann,48,Philipp,Timmermann,OLB,1.77,69.69,86,189.6,2022,Raiders Tirol
931,philipp-ungericht,97,Philipp,Ungericht,DE,1.96,77.17,125,275.58,2022,Stuttgart Surge
932,philipp-ungericht,97,Philipp,Ungericht,DE,1.96,77.17,125,275.58,2021,Stuttgart Surge
933,phillip-eichhorn,80,Phillip,Eichhorn,TE,1.91,75.2,108,238.1,2022,Leipzig Kings
934,phillip-friis-andersen,4,Phillip Friis,Andersen,K/P,1.8,70.87,88,194.01,2021,Hamburg Sea Devils
935,phillip-ruffin,19,Phillip,Ruffin,CB,1.87,73.62,86,189.6,2022,Berlin Thunder
936,phillip-ruffin,19,Phillip,Ruffin,CB,1.87,73.62,86,189.6,2021,Berlin Thunder
937,phileas-pasqualini,7,Philéas,Pasqualini,RB,1.8,70.87,106,233.69,2022,Stuttgart Surge
938,phileas-pasqualini,7,Philéas,Pasqualini,RB,1.8,70.87,106,233.69,2021,Panthers Wroclaw
939,pierce-boothby,70,Pierce,Boothby,OL,1.92,75.59,136,299.83,2021,Barcelona Dragons
940,pierre-courageux,28,Pierre,Courageux,DB,1.88,74.02,92,202.83,2021,Panthers Wroclaw
941,piotr-golacki,,Piotr,Golacki,K,,,,,2021,Panthers Wroclaw
942,piotr-ostrowski,96,Piotr,Ostrowski,DE,1.91,75.2,115,253.53,2022,Panthers Wroclaw
943,piotr-ostrowski,96,Piotr,Ostrowski,DE,1.91,75.2,115,253.53,2021,Panthers Wroclaw
944,pollys-junio-sacramento,68,Pollys Junio,Sacramento,OL,1.93,75.98,135,297.62,2022,Leipzig Kings
945,pollys-junio-sacramento,68,Pollys Junio,Sacramento,OL,1.93,75.98,135,297.62,2021,Berlin Thunder
946,precious-ogbevoen,43,Precious (Osaruonamen) ,Ogbevoen,ILB,1.8,70.87,112,246.92,2022,Stuttgart Surge
947,precious-ogbevoen,43,Precious (Osaruonamen) ,Ogbevoen,ILB,1.8,70.87,112,246.92,2021,Frankfurt Galaxy
948,przemyslaw-banat,82,Przemysław,Banat,WR,1.88,74.02,85,187.39,2022,Panthers Wroclaw
949,przemyslaw-banat,82,Przemysław,Banat,WR,1.88,74.02,85,187.39,2021,Panthers Wroclaw
950,przemyslaw-lewszyk,21,Przemysław,Lewszyk,LB,1.84,72.44,103,227.08,2021,Panthers Wroclaw
951,quinten-pounds,1,Quinten,Pounds,WR,1.82,71.65,82,180.78,2022,Cologne Centurions
952,quinten-pounds,1,Quinten,Pounds,WR,1.82,71.65,82,180.78,2021,Cologne Centurions
953,rafael-belici,81,Rafael,Belici,WR,1.74,68.5,70,154.32,2022,Raiders Tirol
954,rafal-rogaczewski,55,Rafał,Rogaczewski,OL,1.78,70.08,120,264.55,2022,Panthers Wroclaw
955,ramin-akhlaghi,14,Ramin,Akhlaghi,WR,1.8,70.87,80,176.37,2022,Cologne Centurions
956,ramin-akhlaghi,14,Ramin,Akhlaghi,WR,1.8,70.87,80,176.37,2021,Cologne Centurions
957,ramy-mohamed,92,Ramy,Mohamed,DL,1.9,74.8,105,231.49,2021,Cologne Centurions
958,raymond-sobowale,22,Raymond,Sobowale,RB,1.85,72.83,106,233.69,2021,Leipzig Kings
959,raul-hernandez,42,Raúl,Hernández,TE,1.95,76.77,121,266.76,2022,Barcelona Dragons
960,raul-hernandez,42,Raúl,Hernández,TE,1.95,76.77,121,266.76,2021,Barcelona Dragons
961,reece-horn,17,Reece,Horn,WR,1.9,74.8,98,216.05,2022,Frankfurt Galaxy
962,remy-feltes,90,Remy,Feltes,DE,1.95,76.77,145,319.67,2022,Rhein Fire
963,rene-schulze,40,Rene,Schulze,ILB,1.84,72.44,103,227.08,2022,Berlin Thunder
964,rene-berres,15,René,Berres,FB/TE,1.88,74.02,102,224.87,2021,Cologne Centurions
965,rene-hanssen,29,René,Hanßen,CB,1.8,70.87,84,185.19,2022,Rhein Fire
966,rene-hanssen,29,René,Hanßen,CB,1.8,70.87,84,185.19,2021,Cologne Centurions
967,richard-grooten,9,Richard,Grooten,S,1.77,69.69,82,180.78,2022,Rhein Fire
968,richard-grooten,9,Richard,Grooten,S,1.77,69.69,82,180.78,2021,Cologne Centurions
969,ricky-tjong-a-tjoe,79,Ricky,Tjong-A-Tjoe,DE,1.91,75.2,120,264.55,2022,Rhein Fire
970,robert-kahlke,77,Robert,Kahlke,OL,1.96,77.17,130,286.6,2021,Leipzig Kings
971,robert-rosolek,99,Robert,Rosołek,DE,1.92,75.59,103,227.08,2022,Panthers Wroclaw
972,robert-rosolek,99,Robert,Rosołek,DE,1.92,75.59,103,227.08,2021,Panthers Wroclaw
973,robin-fensch,77,Robin,Fensch,OL,1.94,76.38,130,286.6,2022,Hamburg Sea Devils
974,robin-fensch,77,Robin,Fensch,OL,1.94,76.38,130,286.6,2021,Hamburg Sea Devils
975,robin-maier,24,Robin,Maier,DB,1.8,70.87,83,182.98,2021,Frankfurt Galaxy
976,robin-wilzeck,7,Robin,Wilzeck,WR,1.82,71.65,90,198.42,2022,Berlin Thunder
977,roedion-henrique,6,Roedion,Henrique,CB,1.89,74.41,89,196.21,2022,Leipzig Kings
978,roedion-henrique,6,Roedion,Henrique,CB,1.89,74.41,89,196.21,2021,Leipzig Kings
979,rohat-dagdelen,12,Rohat,Dagdelen,QB,1.87,73.62,99,218.26,2022,Rhein Fire
980,roman-sellung,91,Roman,Sellung,DL,1.86,73.23,138,304.24,2021,Cologne Centurions
981,ron-mac-spiegel,65,Ron Mac,Spiegel,OL,2.0,78.74,155,341.72,2022,Hamburg Sea Devils
982,ron-mac-spiegel,65,Ron Mac,Spiegel,OL,2.0,78.74,155,341.72,2021,Hamburg Sea Devils
983,ronley-lakalaka,11,Ronley,Lakalaka,ILB,1.82,71.65,102,224.87,2022,Stuttgart Surge
984,ronley-lakalaka,11,Ronley,Lakalaka,ILB,1.82,71.65,102,224.87,2021,Stuttgart Surge
985,roque-alarcon,88,Roque, Alarcón,WR,1.83,72.05,81,178.57,2022,Barcelona Dragons
986,ruben-pein,26,Ruben,Pein ,RB,1.77,69.69,81,178.57,2021,Stuttgart Surge
987,ruben-seeber,1,Ruben,Seeber,ILB,1.82,71.65,97,213.85,2022,Raiders Tirol
988,rudi-lee-frey,15,Rudi,Lee Frey,TE,1.94,76.38,107,235.89,2022,Vienna Vikings
989,rudolf-warkentin,59,Rudolf,Warkentin,LB,1.8,70.87,100,220.46,2021,Frankfurt Galaxy
990,ryan-rimmler,1,Ryan,Rimmler,K,1.8,70.87,104,229.28,2022,Frankfurt Galaxy
991,remi-bertellin,4,Rémi,Bertellin,WR,1.83,72.05,84,185.19,2021,Barcelona Dragons
992,salieu-ceesay,1,Salieu,Ceesay,QB,1.94,76.38,92,202.83,2022,Hamburg Sea Devils
993,salieu-ceesay,1,Salieu,Ceesay,QB,1.94,76.38,92,202.83,2021,Hamburg Sea Devils
994,salih-ozdemir,23,Salih,Özdemir,OLB,1.78,70.08,96,211.64,2022,Istanbul Rams
995,samet-bilgin,61,Samet,Bilgin,DT,1.83,72.05,148,326.28,2022,Istanbul Rams
996,samuel-anca,13,Samuel,Anca,WR,1.91,75.2,89,196.21,2021,Barcelona Dragons
997,samuel-shannon,27,Samuel,Shannon,RB,1.85,72.83,94,207.23,2021,Stuttgart Surge
998,samuel-ziebarth,93,Samuel,Ziebarth,DT,,,,,2021,Cologne Centurions
999,sango-erume-vogel,43,Sango-Erume,Vogel,CB,1.8,70.87,84,185.19,2022,Cologne Centurions
1000,sean-shelton,12,Sean ,Shelton,QB,1.9,74.8,100,220.46,2022,Raiders Tirol
1001,seantarius-jones,7,Seantavius,Jones,WR,1.93,75.98,95,209.44,2022,Leipzig Kings
1002,seantarius-jones,7,Seantavius,Jones,WR,1.93,75.98,95,209.44,2021,Berlin Thunder
1003,sebastian-bal,62,Sebastian,Bal,OL,1.86,73.23,128,282.19,2022,Istanbul Rams
1004,sebastian-bowen,73,Sebastian,Bowen,DT,1.88,74.02,120,264.55,2022,Barcelona Dragons
1005,sebastian-bowen,73,Sebastian,Bowen,DT,1.88,74.02,120,264.55,2021,Barcelona Dragons
1006,sebastian-daum,16,Sebastian,Daum,P,1.84,72.44,94,207.23,2022,Vienna Vikings
1007,sebastian-ernst,33,Sebastian,Ernst,ILB,1.83,72.05,92,202.83,2022,Vienna Vikings
1008,sebastian-fey,93,Sebastian,Fey,DT,1.93,75.98,125,275.58,2022,Rhein Fire
1009,sebastian-gauthier,41,Sebastian,Gauthier,OLB,1.83,72.05,95,209.44,2021,Frankfurt Galaxy
1010,sebastian-huber,39,Sebastian,Huber,OLB,1.85,72.83,100,220.46,2022,Vienna Vikings
1011,sebastian-kojkol,68,Sebastian,Kojkol,OL,1.9,74.8,130,286.6,2022,Panthers Wroclaw
1012,sebastian-schaar,95,Sebastian,Schaar,DE,1.88,74.02,120,264.55,2022,Raiders Tirol
1013,sebastian-silva-gomez,56,Sebastian,Silva Gomez,OLB,1.9,74.8,98,216.05,2022,Frankfurt Galaxy
1014,sebastian-silva-gomez,56,Sebastian,Silva Gomez,OLB,1.9,74.8,98,216.05,2021,Frankfurt Galaxy
1015,sebastian-summerer,32,Sebastian,Summerer,S,1.75,68.9,80,176.37,2022,Raiders Tirol
1016,sebastian-wimmer,37,Sebastian,Wimmer,CB,183.0,7204.72,83,182.98,2022,Vienna Vikings
1017,sebastian-castaner,49,Sebastián,Castañer,ILB,1.88,74.02,100,220.46,2022,Barcelona Dragons
1018,sebastian-castaner,49,Sebastián,Castañer,ILB,1.88,74.02,100,220.46,2021,Barcelona Dragons
1019,sedwon-kaya,49,Sedwon,Kaya,LB,1.9,74.8,93,205.03,2021,Hamburg Sea Devils
1020,semmie-radji,3,Semmie,Radji,OLB,1.94,76.38,119,262.35,2022,Panthers Wroclaw
1021,sercan-vardar,99,Sercan,Vardar,DE,1.77,69.69,114,251.33,2022,Stuttgart Surge
1022,sercan-vardar,99,Sercan,Vardar,DE,1.77,69.69,114,251.33,2021,Stuttgart Surge
1023,serdar-kiraz,34,Serdar,Kiraz,RB,1.78,70.08,95,209.44,2021,Stuttgart Surge
1024,sergio-barbero,14,Sergio,Barbero,QB,1.85,72.83,85,187.39,2022,Barcelona Dragons
1025,sergio-barbero,14,Sergio,Barbero,QB,1.85,72.83,85,187.39,2021,Barcelona Dragons
1026,shalom-baafi,70,Shalom,Baafi,OL,1.94,76.38,140,308.65,2022,Hamburg Sea Devils
1027,shalom-baafi,70,Shalom,Baafi,OL,1.94,76.38,140,308.65,2021,Leipzig Kings
1028,shida-wang,88,Shida,Wang,CB,1.8,70.87,87,191.8,2022,Cologne Centurions
1029,simon-braun,17,Simon,Braun,WR,1.81,71.26,84,185.19,2022,Leipzig Kings
1030,simon-braun,17,Simon,Braun,WR,1.81,71.26,84,185.19,2021,Leipzig Kings
1031,simon-homadi,26,Simon,Homadi,RB,1.84,72.44,90,198.42,2022,Hamburg Sea Devils
1032,simon-homadi,26,Simon,Homadi,RB,1.84,72.44,90,198.42,2021,Hamburg Sea Devils
1033,simon-leinauer,31,Simon,Leinauer,ILB,1.8,70.87,95,209.44,2022,Berlin Thunder
1034,simon-mayerhoff,10,Simon,Mayerhoff,CB,1.77,69.69,88,194.01,2021,Berlin Thunder
1035,simon-otto,28,Simon,Otto,CB,1.85,72.83,80,176.37,2022,Frankfurt Galaxy
1036,simon-otto,28,Simon,Otto,CB,1.85,72.83,80,176.37,2021,Frankfurt Galaxy
1037,simon-pilger,15,Simon,Pilger,WR,1.83,72.05,78,171.96,2022,Raiders Tirol
1038,sinan-cingilli,94,Sinan,Cingilli,DT,1.98,77.95,145,319.67,2022,Istanbul Rams
1039,slade-jarman,12,Slade,Jarman,QB,1.95,76.77,100,220.46,2022,Panthers Wroclaw
1040,stanley-zeregbe,2,Stanley,Zeregbe,DE,1.88,74.02,105,231.49,2022,Berlin Thunder
1041,stefan-drecun,64,Stefan,Drecun,OL,1.94,76.38,130,286.6,2021,Panthers Wroclaw
1042,steffen-olschok,20,Steffen,Olschok,DB,1.77,69.69,79,174.17,2021,Frankfurt Galaxy
1043,steven-kuhne,90,Steven,Kühne,DL,1.91,75.2,140,308.65,2021,Leipzig Kings
1044,sven-breidenbach,77,Sven,Breidenbach,OL,1.97,77.56,145,319.67,2022,Rhein Fire
1045,sven-fischer,74,Sven,Fischer,OL,1.91,75.2,140,308.65,2022,Frankfurt Galaxy
1046,sven-fischer,74,Sven,Fischer,OL,1.91,75.2,140,308.65,2021,Frankfurt Galaxy
1047,sven-hinrichs,75,Sven,Hinrichs,OL,1.95,76.77,155,341.72,2021,Leipzig Kings
1048,sven-rieger,97,Sven,Rieger,DT,1.94,76.38,155,341.72,2022,Frankfurt Galaxy
1049,sydney-amadu,9,Sydney,Amadu,ILB,1.85,72.83,113,249.12,2022,Cologne Centurions
1050,sydney-amadu,9,Sydney,Amadu,ILB,1.85,72.83,113,249.12,2021,Cologne Centurions
1051,szymon-adamczyk,50,Szymon,Adamczyk,DT,1.84,72.44,117,257.94,2022,Panthers Wroclaw
1052,szymon-adamczyk,50,Szymon,Adamczyk,DT,1.84,72.44,117,257.94,2021,Panthers Wroclaw
1053,szymon-grzebieniak,95,Szymon,Grzebieniak,DL,1.94,76.38,110,242.51,2021,Panthers Wroclaw
1054,szymon-jarmolkowicz,3,Szymon,Jarmołkowicz,DB,1.8,70.87,87,191.8,2021,Panthers Wroclaw
1055,szymon-romanowski,31,Szymon,Romanowski,CB,1.8,70.87,84,185.19,2022,Panthers Wroclaw
1056,tadhg-leader,44,Tadhg ,Leader,K,1.89,74.41,93,205.03,2021,Panthers Wroclaw
1057,taha-cokadar,8,Taha,Çokadar,RB,1.75,68.9,92,202.83,2022,Istanbul Rams
1058,talat-gokhan-bulusan,15,Talat Gökhan,Buluşan,ILB,1.82,71.65,97,213.85,2022,Istanbul Rams
1059,terryon-robinson,6,Terryon,Robinson,WR,1.8,70.87,89,196.21,2022,Istanbul Rams
1060,thaddeus-schirmer,30,Thaddeus,Schirmer,DB,1.84,72.44,85,187.39,2021,Berlin Thunder
1061,thang-le-minh,93,Thang,Le Minh,DT,1.87,73.62,125,275.58,2022,Frankfurt Galaxy
1062,thiago-lessow,54,Thiago,Lessow,OLB,1.87,73.62,95,209.44,2022,Hamburg Sea Devils
1063,thiago-lessow,54,Thiago,Lessow,OLB,1.87,73.62,95,209.44,2021,Hamburg Sea Devils
1064,thomas-albrecht,59,Thomas,Albrecht,ILB,1.83,72.05,106,233.69,2022,Frankfurt Galaxy
1065,thomas-costa,8,Thomas,Costa Anessiadis,CB,1.82,71.65,80,176.37,2021,Barcelona Dragons
1066,thomas-edel,7,Thomas,Edel,RB,1.84,72.44,107,235.89,2021,Stuttgart Surge
1067,thomas-fileccia,71,Thomas,Fileccia,OL,192.0,7559.06,130,286.6,2022,Panthers Wroclaw
1068,thomas-fischbach,27,Thomas,Fischbach,RB,1.71,67.32,80,176.37,2022,Frankfurt Galaxy
1069,thomas-ghebrezhirer,68,Thomas,Ghebrezhirer,OL,1.8,70.87,122,268.96,2022,Stuttgart Surge
1070,thomas-ghebrezhirer,68,Thomas,Ghebrezhirer,OL,1.8,70.87,122,268.96,2021,Stuttgart Surge
1071,thomas-kugler,9,Thomas,Kugler,S,1.85,72.83,90,198.42,2022,Raiders Tirol
1072,thomas-langecker,17,Thomas,Langecker,TE,1.95,76.77,108,238.1,2022,Raiders Tirol
1073,thomas-schaffer,90,Thomas,Schaffer,DE,2.01,79.13,140,308.65,2022,Raiders Tirol
1074,thomas-schnurrer,40,Thomas,Schnurrer,ILB,1.82,71.65,96,211.64,2022,Vienna Vikings
1075,thomas-zampach,6,Thomas,Zampach,K,1.75,68.9,77,169.76,2022,Frankfurt Galaxy
1076,thomas-van-den-oort,55,Thomas,van den Oort,OLB,1.93,75.98,106,233.69,2022,Rhein Fire
1077,til-becker,30,Til,Becker,OLB,1.9,74.8,100,220.46,2022,Stuttgart Surge
1078,til-becker,30,Til,Becker,OLB,1.9,74.8,100,220.46,2021,Stuttgart Surge
1079,till-janssen,7,Till,Janssen,CB,1.9,74.8,87,191.8,2022,Rhein Fire
1080,till-janssen,7,Till,Janssen,CB,1.9,74.8,87,191.8,2021,Cologne Centurions
1081,tillman-bolk,86,Tillman,Bolk,TE,1.92,75.59,110,242.51,2022,Berlin Thunder
1082,tilman-brutsch,74,Tilman,Brütsch,OL,1.89,74.41,140,308.65,2022,Leipzig Kings
1083,tilman-brutsch,74,Tilman,Brütsch,OL,1.89,74.41,140,308.65,2021,Leipzig Kings
1084,tim-albrecht,13,Tim,Albrecht,WR,1.87,73.62,93,205.03,2022,Hamburg Sea Devils
1085,tim-albrecht,13,Tim,Albrecht,WR,1.87,73.62,93,205.03,2021,Hamburg Sea Devils
1086,tim-gockus,92,Tim,Göckus,DE,1.88,74.02,105,231.49,2022,Frankfurt Galaxy
1087,tim-hirsch,78,Tim,Hirsch,OL,1.94,76.38,136,299.83,2022,Frankfurt Galaxy
1088,tim-hanni,96,Tim,Hänni,DT,1.96,77.17,128,282.19,2022,Hamburg Sea Devils
1089,tim-schulz,24,Tim,Schulz,RB,1.81,71.26,93,205.03,2022,Berlin Thunder
1090,tim-unger,33,Tim,Unger,OLB,1.85,72.83,97,213.85,2022,Raiders Tirol
1091,tim-wustefeld,91,Tim,Wüstefeld,DT,1.8,70.87,112,246.92,2022,Frankfurt Galaxy
1092,timo-benschuh,10,Timo,Benschuh,WR,1.94,76.38,85,187.39,2022,Frankfurt Galaxy
1093,timo-bronn,3,Timo,Bronn,K,1.81,71.26,75,165.35,2021,Stuttgart Surge
1094,timo-winter,76,Timo,Winter,OL,1.88,74.02,140,308.65,2021,Hamburg Sea Devils
1095,timon-debiez,33,Timón,Debiez,ILB,1.78,70.08,90,198.42,2021,Barcelona Dragons
1096,timon-stuwe,89,Timon,Stüwe,WR,1.88,74.02,108,238.1,2022,Leipzig Kings
1097,timothy-knuettel,6,Timothy,Knüttel,WR,1.88,74.02,90,198.42,2022,Rhein Fire
1098,timothy-knuettel,6,Timothy,Knüttel,WR,1.88,74.02,90,198.42,2021,Leipzig Kings
1099,tinashe-jefferson-chawaguta,93,Tinashe Jefferson,Chawaguta,DT,1.8,70.87,116,255.74,2022,Raiders Tirol
1100,tino-ndongo,80,Tino,Ndongo,WR,1.76,69.29,78,171.96,2021,Berlin Thunder
1101,tobias-nill,2,Tobias,Nill,WR,1.78,70.08,92,202.83,2022,Hamburg Sea Devils
1102,tobias-nill,2,Tobias,Nill,WR,1.78,70.08,92,202.83,2021,Hamburg Sea Devils
1103,tobias-bonatti,25,Tobias,Bonatti,RB,1.8,70.87,90,198.42,2022,Raiders Tirol
1104,tobias-burkhardt,92,Tobias,Burkhardt,DT,1.92,75.59,123,271.17,2022,Stuttgart Surge
1105,tobias-burkhardt,92,Tobias,Burkhardt,DT,1.92,75.59,123,271.17,2021,Stuttgart Surge
1106,tobias-jarmuzek,16,Tobias,Jarmuzek,QB,1.95,76.77,109,240.3,2022,Cologne Centurions
1107,tobias-kolb,48,Tobias,Kolb,FB,1.82,71.65,112,246.92,2021,Hamburg Sea Devils
1108,tobias-nick,33,Tobias,Nick,RB,1.8,70.87,97,213.85,2022,Cologne Centurions
1109,tobias-rodlauer,70,Tobias,Rodlauer,OL,1.94,76.38,135,297.62,2022,Berlin Thunder
1110,tobias-url,73,Tobias,Url,OL,1.8,70.87,118,260.15,2022,Raiders Tirol
1111,tobiasz-witalis,9,Tobiasz,Witalis,DB,1.78,70.08,80,176.37,2021,Panthers Wroclaw
1112,toby-lettman,77,Toby,Lettman,OL,1.98,77.95,139,306.44,2022,Vienna Vikings
1113,tolga-torun,4,Tolga,Törün,WR,1.78,70.08,78,171.96,2022,Istanbul Rams
1114,tom-maier,72,Tom,Maier,OL,2.01,79.13,122,268.96,2021,Cologne Centurions
1115,tom-stickel,48,Tom,Stickel,ILB,1.92,75.59,108,238.1,2022,Stuttgart Surge
1116,tom-stickel,48,Tom,Stickel,ILB,1.92,75.59,108,238.1,2021,Stuttgart Surge
1117,tom-van-duijn,15,Tom,Van Duijn,QB/K,1.93,75.98,105,231.49,2021,Leipzig Kings
1118,tomasz-kiszka,45,Tomasz,Kiszka,LB,1.8,70.87,102,224.87,2021,Panthers Wroclaw
1119,toni-rabensteiner,87,Toni,Rabensteiner,WR,1.8,70.87,97,213.85,2022,Raiders Tirol
1120,tony-anderson,31,Tony,Anderson,S,1.93,75.98,98,216.05,2022,Raiders Tirol
1121,tony-koskinen,72,Tony,Koskinen,OL,1.93,75.98,123,271.17,2022,Raiders Tirol
1122,tony-kulok,27,Tony,Kulok,RB,1.81,71.26,84,185.19,2022,Leipzig Kings
1123,tony-kulok,27,Tony,Kulok,RB,1.81,71.26,84,185.19,2021,Leipzig Kings
1124,tristan-csiza,30,Tristan,Csiza,DB,1.8,70.87,85,187.39,2021,Leipzig Kings
1125,tufan-yagmur,2,Tufan,Yagmur,ILB,1.8,70.87,98,216.05,2022,Cologne Centurions
1126,tufan-yagmur,2,Tufan,Yagmur,ILB,1.8,70.87,98,216.05,2021,Cologne Centurions
1127,tuna-hiller,92,Tuna,Hiller,DT,1.86,73.23,120,264.55,2022,Berlin Thunder
1128,tuna-hiller,92,Tuna,Hiller,DT,1.86,73.23,120,264.55,2021,Berlin Thunder
1129,tyrese-owusu-bediako,96,Tyrese,Owusu-Bediako,DT,1.93,75.98,125,275.58,2022,Rhein Fire
1130,tyrone-jordan-alexander,28,Tyrone Jordan,Alexander,RB,1.76,69.29,80,176.37,2022,Rhein Fire
1131,ufuk-eren-ozelce,5,Ufuk Eren,Özelçe,S,1.75,68.9,85,187.39,2022,Istanbul Rams
1132,valentin-rodiger,81,Valentin,Rödiger,WR,1.8,70.87,81,178.57,2022,Cologne Centurions
1133,valentin-rodiger,81,Valentin,Rödiger,WR,1.8,70.87,81,178.57,2021,Cologne Centurions
1134,vicente-latorre,46,Vicente,Latorre,DL,1.85,72.83,99,218.26,2021,Barcelona Dragons
1135,victor-ferrier,8,Victor,Ferrier,S,1.84,72.44,88,194.01,2021,Stuttgart Surge
1136,viktor-wiederspahn,79,Viktor,Wiederspahn,OL/LS,1.8,70.87,120,264.55,2021,Leipzig Kings
1137,ville-valasti,55,Ville,Valasti,DL,1.95,76.77,115,253.53,2021,Frankfurt Galaxy
1138,vincent-buffet,99,Vincent,Buffet,DE,1.89,74.41,125,275.58,2022,Raiders Tirol
1139,vincent-buffet,99,Vincent,Buffet,DE,1.89,74.41,125,275.58,2021,Leipzig Kings
1140,vincent-muller,23,Vincent,Müller,CB,1.87,73.62,90,198.42,2022,Raiders Tirol
1141,vincent-wilson-oberko,21,Vincent,Wilson-Oberko,S,1.8,70.87,82,180.78,2022,Hamburg Sea Devils
1142,vincent-wilson-oberko,21,Vincent,Wilson-Oberko,S,1.8,70.87,82,180.78,2021,Hamburg Sea Devils
1143,vito-millauer,46,Vito,Millauer,DE,192.0,7559.06,105,231.49,2022,Vienna Vikings
1144,vojislav-hahn,75,Vojislav,Hahn,OL,1.9,74.8,120,264.55,2022,Rhein Fire
1145,victor-albarracin,43,Víctor,Albarracín,ILB,1.83,72.05,93,205.03,2022,Barcelona Dragons
1146,victor-albarracin,43,Víctor,Albarracín,ILB,1.83,72.05,93,205.03,2021,Barcelona Dragons
1147,wael-nasri,52,Wael,Nasri,ILB,1.8,70.87,105,231.49,2022,Frankfurt Galaxy
1148,wael-nasri,52,Wael,Nasri,ILB,1.8,70.87,105,231.49,2021,Berlin Thunder
1149,waheed-bhikh,19,Waheed,Bhikh,CB,1.83,72.05,83,182.98,2022,Cologne Centurions
1150,waheed-bhikh,19,Waheed,Bhikh,CB,1.83,72.05,83,182.98,2021,Cologne Centurions
1151,wayne-drew,97,Wayne,Drew,DL,1.88,74.02,110,242.51,2021,Frankfurt Galaxy
1152,wesley-martheli,22,Wesley,Martheli,S,1.8,70.87,84,185.19,2021,Stuttgart Surge
1153,wiktor-zieba,16,Wiktor,Zięba,WR,1.87,73.62,94,207.23,2022,Panthers Wroclaw
1154,wiktor-zieba,16,Wiktor,Zięba,WR,1.87,73.62,94,207.23,2021,Panthers Wroclaw
1155,willi-dill,6,Willi,Dill,WR,1.75,68.9,86,189.6,2022,Berlin Thunder
1156,william-james,24,William ,James,S,1.8,70.87,88,194.01,2022,Leipzig Kings
1157,william-james,24,William ,James,S,1.8,70.87,88,194.01,2021,Panthers Wroclaw
1158,william-lloyd,4,William,Lloyd,ILB,1.85,72.83,98,216.05,2022,Panthers Wroclaw
1159,william-lloyd,4,William,Lloyd,ILB,1.85,72.83,98,216.05,2021,Panthers Wroclaw
1160,xavier-jerome-johnson,24,Xavier Jerome,Johnson,RB,1.78,70.08,86,189.6,2021,Hamburg Sea Devils
1161,yilmaz-berk-guven,19,YIlmaz Berk,Güven,WR,1.87,73.62,80,176.37,2022,Istanbul Rams
1162,yago-rivero,99,Yago,Rivero,DE,1.86,73.23,105,231.49,2022,Barcelona Dragons
1163,yago-rivero,99,Yago,Rivero,DE,1.86,73.23,105,231.49,2021,Barcelona Dragons
1164,yannic-kiehl,77,Yannic,Kiehl,OL,2.02,79.53,130,286.6,2022,Frankfurt Galaxy
1165,yannic-kiehl,77,Yannic,Kiehl,OL,2.02,79.53,130,286.6,2021,Frankfurt Galaxy
1166,yannic-landfried,47,Yannic,Landfried,RB,1.88,74.02,112,246.92,2021,Berlin Thunder
1167,yannick-mayr,14,Yannick,Mayr,WR,1.83,72.05,88,194.01,2022,Raiders Tirol
1168,yannis-binner,13,Yannis,Binner,TE,1.92,75.59,95,209.44,2022,Berlin Thunder
1169,yannis-binner,13,Yannis,Binner,TE,1.92,75.59,95,209.44,2021,Berlin Thunder
1170,yigit-timer,12,Yiğit,Timer,QB,1.88,74.02,92,202.83,2022,Istanbul Rams
1171,yigitcan-ferhat-ertur,31,Yiğitcan Ferhat,Ertür,CB,1.83,72.05,95,209.44,2022,Istanbul Rams
1172,zach-edwards,1,Zach,Edwards,QB,1.95,76.77,100,220.46,2022,Barcelona Dragons
1173,zach-edwards,1,Zach,Edwards,QB,1.95,76.77,100,220.46,2021,Barcelona Dragons
1174,zachary-blair,42,Zachary,Blair,ILB,1.88,74.02,100,220.46,2022,Istanbul Rams
1175,zachary-blair,42,Zachary,Blair,ILB,1.88,74.02,100,220.46,2021,Stuttgart Surge
1176,zafer-ceylan,77,Zafer,Ceylan,DT,1.88,74.02,133,293.21,2022,Istanbul Rams
1177,zinedin-bendjabou,83,Zinedin,Bendjabou,WR,1.8,70.87,77,169.76,2022,Frankfurt Galaxy
1178,zoltan-golita,21,Zoltan,Golita,CB,1.78,70.08,85,187.39,2022,Vienna Vikings
1179,alex-gonzalez,45,Álex,González Posito,ILB,1.81,71.26,99,218.26,2022,Barcelona Dragons
1180,alex-gonzalez,45,Álex,González Posito,ILB,1.81,71.26,99,218.26,2021,Barcelona Dragons
1181,alvaro-lopez-lopez,75,Álvaro,López López,OL,1.74,68.5,106,233.69,2021,Barcelona Dragons
1182,ilhan-efe-geyik,7,İlhan Efe,Geyik,DE,1.88,74.02,112,246.92,2022,Istanbul Rams
1183,lukasz-gembara,97,Łukasz,Gembara,DT,1.85,72.83,130,286.6,2022,Panthers Wroclaw
1184,lukasz-gembara,97,Łukasz,Gembara,DT,1.85,72.83,130,286.6,2021,Panthers Wroclaw
1185,serif-emir-dulger,68,Şerif Emir,Dülger,OL,1.9,74.8,122,268.96,2022,Istanbul Rams
