season,game_id,team_id,team_name,loc,opponent_id,opponent_name,player_uni,player_name,player_short_name,player_check_name,player_GP,player_GS,player_pos,pass_comp,pass_att,pass_comp_pct,pass_yds,pass_tds,pass_int,pass_long,pass_ypa,pass_ypc,pass_cfb_qbr,pass_nfl_qbr,pass_sacks,pass_sacked_yds,pass_ny/a,pass_any/a,rush_att,rush_yds,rush_yds_gained,rush_yds_lost,rush_td,rush_long,rush_avg,rec_targets,rec_no,rec_yds,rec_avg,rec_tds,rec_long,rec_catch_pct,fumbles,fumbles_lost,defense_solo_tackles,defense_ast_tackles,defense_total_tackles,defense_solo_tfl,defense_ast_tfl,defense_tfl,defense_tfl_yds,defense_solo_sack,defense_ast_sack,defense_sacks,defense_qb_hits,defense_int,defense_int_yds,defense_int_td,defense_int_long,defense_pbu,defense_ff,defense_fr,defense_fr_yds,defense_fr_tds,defense_fr_long,defense_saf,defense_blkd,punt_no,punt_gross_yds,punt_gross_avg,punt_net_yds,punt_net_avg,punt_tb,punt_blkd,punt_fc,punt_50+,punt_inside_20,punt_long,ko_no,ko_yds,ko_ob,ko_tb,ko_fc_yds,ko_avg,fg_made,fg_att,fg_long,fg_blkd,fg_pct,xp_made,xp_att,xp_blkd,two_pt_pass_made,two_pt_pass_att,two_pt_rush_made,two_pt_rush_att,two_pt_rec_made,two_pt_rec_att,def_two_pt_fum_made,def_two_pt_fum_att,def_two_pt_kick_made,def_two_pt_kick_att,pr_no,pr_yds,pr_td,pr_long,pr_avg,kr_no,kr_yds,kr_td,kr_long,kr_avg,fgr_no,fgr_yds,fgr_td,fgr_long,fgr_avg
2024,ccrf2401,RF,Rhein Fire,A,CC,Cologne Centurions,0,T. Anderson,T. Anderson,T. Anderson,1,0,,,,,,,,,,,,,,,,,,,,,,,,,,,,,,,,,2.0,1.0,3.0,0.0,0.0,0.0,0.0,0.0,0.0,0.0,,0.0,0.0,,,0.0,0.0,0.0,0.0,,,0.0,0.0,,,,,,,,,,,,,,,,,,,,,,,,,,,,,,,,,,,,,,,,,,,,,,,,,,
2024,ccrf2401,RF,Rhein Fire,A,CC,Cologne Centurions,10,H. Kwofie,H. Kwofie,H. Kwofie,1,0,,,,,,,,,,,,,,,,,1.0,9.0,9.0,0.0,0.0,9.0,9.0,,,,,,,,,,,,,,,,,,,,,,,,,,,,,,,,,,,,,,,,,,,,,,,,,,,,,,,,,,,,,,,,,,,,,,,,,,,,,,,,,,
2024,ccrf2401,RF,Rhein Fire,A,CC,Cologne Centurions,12,R. Dagdelen,R. Dagdelen,R. Dagdelen,1,0,,1.0,1.0,1.0,35.0,0.0,0.0,35.0,35.0,35.0,394.0,0.0,0.0,0.0,35.0,35.0,,,,,,,,,,,,,,,,,,,,,,,,,,,,,,,,,,,,,,,,,,,,,,,,,,,,,,,,,,,,,,,,,,,,,,,,,,,,,,,,,,,,,,,,,
2024,ccrf2401,RF,Rhein Fire,A,CC,Cologne Centurions,13,K. McKnight Jr.,K. McKnight Jr.,K. McKnight Jr.,1,0,,,,,,,,,,,,,,,,,,,,,,,,0.0,9.0,105.0,11.666666666666666,0.0,34.0,,,,,,,,,,,,,,,,,,,,,,,,,,,,,,,,,,,,,,,,,,,,,,,,,,,,,,,,,,,,,,2.0,33.0,0.0,27.0,,3.0,80.0,0.0,40.0,,,,,,
2024,ccrf2401,RF,Rhein Fire,A,CC,Cologne Centurions,17,G. Toonga,G. Toonga,G. Toonga,1,0,,,,,,,,,,,,,,,,,18.0,83.0,84.0,1.0,2.0,12.0,4.61,0.0,1.0,20.0,20.0,0.0,20.0,,,,,,,,,,,,,,,,,,,,,,,,,,,,,,,,,,,,,,,,,,,,,,,,,,,,,,,,,,,,,,,,,,,,,,,,,,,,
2024,ccrf2401,RF,Rhein Fire,A,CC,Cologne Centurions,18,J. Clark,J. Clark,J. Clark,1,0,,16.0,22.0,0.73,178.0,2.0,0.0,34.0,8.09,11.12,170.69,0.0,0.0,0.0,8.09,9.91,3.0,-4.0,16.0,20.0,1.0,12.0,-1.33,,,,,,,,,,,,,,,,,,,,,,,,,,,,,,,,,,,,,,,,,,,,,,,,,,,,,,,,,,,,,,,,,,,,,,,,,,,,,,,,,,
2024,ccrf2401,RF,Rhein Fire,A,CC,Cologne Centurions,19,B. Winter,B. Winter,B. Winter,1,0,,,,,,,,,,,,,,,,,,,,,,,,0.0,2.0,14.0,7.0,1.0,8.0,,,,,,,,,,,,,,,,,,,,,,,,,,,,,,,,,,,,,,,,,,,,,,,,,,,,,,,,,,,,,,,,,,,,,,,,,,,,
2024,ccrf2401,RF,Rhein Fire,A,CC,Cologne Centurions,2,O. Williams,O. Williams,O. Williams,1,0,,,,,,,,,,,,,,,,,,,,,,,,,,,,,,,,,4.0,1.0,5.0,0.0,1.0,0.5,2.0,0.0,0.0,0.0,,0.0,0.0,0.0,85.0,0.0,0.0,0.0,0.0,,,0.0,0.0,,,,,,,,,,,,,,,,,,,,,,,,,,,,,,,,,,,,,,,,,,,,,,,,,,
2024,ccrf2401,RF,Rhein Fire,A,CC,Cologne Centurions,21,R. Hanßen,R. Hanßen,R. Hanßen,1,0,,,,,,,,,,,,,,,,,,,,,,,,,,,,,,,,,0.0,1.0,1.0,0.0,1.0,0.5,8.0,0.0,0.0,0.0,,0.0,0.0,,,0.0,0.0,0.0,0.0,,,0.0,0.0,,,,,,,,,,,,,,,,,,,,,,,,,,,,,,,,,,,,,,,,,,,,,,,,,,
2024,ccrf2401,RF,Rhein Fire,A,CC,Cologne Centurions,27,M. Richter,M. Richter,M. Richter,1,0,,,,,,,,,,,,,,,,,,,,,,,,,,,,,,,,,1.0,1.0,2.0,0.0,0.0,0.0,0.0,0.0,0.0,0.0,,0.0,0.0,,,0.0,0.0,0.0,0.0,,,0.0,0.0,,,,,,,,,,,,,,,,,,,,,,,,,,,,,,,,,,,,,,,,,,,,,,,,,,
2024,ccrf2401,RF,Rhein Fire,A,CC,Cologne Centurions,28,T. Alexander,T. Alexander,T. Alexander,1,0,,,,,,,,,,,,,,,,,1.0,12.0,12.0,0.0,1.0,12.0,12.0,,,,,,,,,,,,,,,,,,,,,,,,,,,,,,,,,,,,,,,,,,,,,,,,,,,,,,,,,,,,,,,,,,,,,,,,,,,,,,,,,,
2024,ccrf2401,RF,Rhein Fire,A,CC,Cologne Centurions,31,F. Simon,F. Simon,F. Simon,1,0,,,,,,,,,,,,,,,,,,,,,,,,,,,,,,,,,10.0,4.0,14.0,2.0,1.0,2.5,8.0,0.0,0.0,0.0,,0.0,0.0,,,0.0,0.0,0.0,0.0,,,0.0,0.0,,,,,,,,,,,,,,,,,,,,,,,,,,,,,,,,,,,,,,,,,,,,,,,,,,
2024,ccrf2401,RF,Rhein Fire,A,CC,Cologne Centurions,33,S. Van Santen,S. Van Santen,S. Van Santen,1,0,,,,,,,,,,,,,,,,,,,,,,,,,,,,,,,,,1.0,0.0,1.0,0.0,0.0,0.0,0.0,0.0,0.0,0.0,,0.0,0.0,,,0.0,0.0,0.0,0.0,,,0.0,0.0,,,,,,,,,,,,1.0,429.0,0.0,1.0,0.0,429.0,,,,,,,,,,,,,,,,,,,,,,,,,,,,,,,,,
2024,ccrf2401,RF,Rhein Fire,A,CC,Cologne Centurions,44,M. Kensy,M. Kensy,M. Kensy,1,0,,,,,,,,,,,,,,,,,,,,,,,,,,,,,,,,,7.0,3.0,10.0,0.0,0.0,0.0,0.0,0.0,0.0,0.0,,0.0,0.0,,,0.0,0.0,0.0,0.0,,,0.0,0.0,,,,,,,,,,,,,,,,,,,,,,,,,,,,,,,,,,,,,,,,,,,,,,,,,,
2024,ccrf2401,RF,Rhein Fire,A,CC,Cologne Centurions,47,J. Wenke,J. Wenke,J. Wenke,1,0,,,,,,,,,,,,,,,,,,,,,,,,,,,,,,,,,5.0,4.0,9.0,1.0,2.0,2.0,12.0,0.0,0.0,0.0,,0.0,0.0,,,0.0,0.0,0.0,0.0,,,0.0,0.0,,,,,,,,,,,,,,,,,,,,,,,,,,,,,,,,,,,,,,,,,,,,,,,,,,
2024,ccrf2401,RF,Rhein Fire,A,CC,Cologne Centurions,49,T. Steins,T. Steins,T. Steins,1,0,,,,,,,,,,,,,,,,,,,,,,,,,,,,,,,,,0.0,1.0,1.0,0.0,0.0,0.0,0.0,0.0,0.0,0.0,,0.0,0.0,,,0.0,0.0,0.0,0.0,,,0.0,0.0,,,,,,,,,,,,,,,,,,,,,,,,,,,,,,,,,,,,,,,,,,,,,,,,,,
2024,ccrf2401,RF,Rhein Fire,A,CC,Cologne Centurions,53,N. Schmitz,N. Schmitz,N. Schmitz,1,0,,,,,,,,,,,,,,,,,,,,,,,,,,,,,,,,,2.0,1.0,3.0,0.0,1.0,0.5,8.0,0.0,0.0,0.0,,0.0,0.0,,,0.0,0.0,0.0,0.0,,,0.0,0.0,,,,,,,,,,,,,,,,,,,,,,,,,,,,,,,,,,,,,,,,,,,,,,,,,,
2024,ccrf2401,RF,Rhein Fire,A,CC,Cologne Centurions,6,S. Kendus,S. Kendus,S. Kendus,1,0,,,,,,,,,,,,,,,,,3.0,29.0,29.0,0.0,0.0,13.0,9.67,0.0,1.0,12.0,12.0,0.0,12.0,,,,,,,,,,,,,,,,,,,,,,,,,,,,,,,,,,,,,,,,,,,,,,,,,,,,,,,,,,,,,,,,,,,,,,,,,,,,
2024,ccrf2401,RF,Rhein Fire,A,CC,Cologne Centurions,7,T. Janssen,T. Janssen,T. Janssen,1,0,,,,,,,,,,,,,,,,,,,,,,,,,,,,,,,,,3.0,0.0,3.0,0.0,0.0,0.0,0.0,0.0,0.0,0.0,,0.0,0.0,,,0.0,0.0,0.0,0.0,,,0.0,0.0,,,,,,,,,,,,,,,,,,,,,,,,,,,,,,,,,,,,,,,,,,,,,,,,,,
2024,ccrf2401,RF,Rhein Fire,A,CC,Cologne Centurions,8,J. Schlesinger,J. Schlesinger,J. Schlesinger,1,0,,,,,,,,,,,,,,,,,,,,,,,,0.0,3.0,32.0,10.666666666666666,1.0,18.0,,,,,,,,,,,,,,,,,,,,,,,,,,,,,,,,,,,,,,,,,,,,,,,,,,,,,,,,,,,,,,,,,,,,,,,,,,,,
2024,ccrf2401,RF,Rhein Fire,A,CC,Cologne Centurions,85,T. Sauerland,T. Sauerland,T. Sauerland,1,0,,,,,,,,,,,,,,,,,,,,,,,,0.0,1.0,35.0,35.0,0.0,35.0,,,,,,,,,,,,,,,,,,,,,,,,,,,,,,,,,,,,,,,,,,,,,,,,,,,,,,,,,,,,,,,,,,,,,,,,,,,,
2024,ccrf2401,RF,Rhein Fire,A,CC,Cologne Centurions,9,D. Nash,D. Nash,D. Nash,1,0,,,,,,,,,,,,,,,,,,,,,,,,,,,,,,,,,3.0,0.0,3.0,1.0,0.0,1.0,1.0,0.0,0.0,0.0,,0.0,0.0,,,0.0,0.0,0.0,0.0,,,0.0,0.0,,,,,,,,,,,,,,,,,,,,,,,,,,,,,,,,,,,,,,,,,,,,,,,,,,
2024,ccrf2401,RF,Rhein Fire,A,CC,Cologne Centurions,90,R. Feltes,R. Feltes,R. Feltes,1,0,,,,,,,,,,,,,,,,,,,,,,,,,,,,,,,,,2.0,1.0,3.0,0.0,0.0,0.0,0.0,0.0,0.0,0.0,,0.0,0.0,,,0.0,0.0,0.0,0.0,,,0.0,0.0,,,,,,,,,,,,,,,,,,,,,,,,,,,,,,,,,,,,,,,,,,,,,,,,,,
2024,ccrf2401,RF,Rhein Fire,A,CC,Cologne Centurions,91,A. Donkor,A. Donkor,A. Donkor,1,0,,,,,,,,,,,,,,,,,,,,,,,,,,,,,,,,,3.0,1.0,4.0,1.0,1.0,1.5,6.0,0.0,0.0,0.0,,0.0,0.0,,,0.0,0.0,0.0,0.0,,,0.0,0.0,,,,,,,,,,,,,,,,,,,,,,,,,,,,,,,,,,,,,,,,,,,,,,,,,,
2024,ccrf2401,RF,Rhein Fire,A,CC,Cologne Centurions,94,J. Sleiman,J. Sleiman,J. Sleiman,1,0,,,,,,,,,,,,,,,,,,,,,,,,,,,,,,,,,0.0,1.0,1.0,0.0,1.0,0.5,1.0,0.0,0.0,0.0,,0.0,0.0,,,0.0,0.0,0.0,0.0,,,0.0,0.0,,,,,,,,,,,,,,,,,,,,,,,,,,,,,,,,,,,,,,,,,,,,,,,,,,
2024,ccrf2401,RF,Rhein Fire,A,CC,Cologne Centurions,95,J. Lara Perez,J. Lara Perez,J. Lara Perez,1,0,,,,,,,,,,,,,,,,,,,,,,,,,,,,,,,,,1.0,0.0,1.0,0.0,0.0,0.0,0.0,0.0,0.0,0.0,,0.0,0.0,,,0.0,0.0,0.0,0.0,,,0.0,0.0,,,,,,,,,,,,,,,,,,,,,,,,,,,,,,,,,,,,,,,,,,,,,,,,,,
2024,ccrf2401,RF,Rhein Fire,A,CC,Cologne Centurions,98,M. Parkinson,M. Parkinson,M. Parkinson,1,0,,,,,,,,,,,,,,,,,,,,,,,,,,,,,,,,,1.0,0.0,1.0,0.0,0.0,0.0,0.0,0.0,0.0,0.0,,0.0,0.0,,,0.0,0.0,0.0,0.0,,,0.0,0.0,,,,,,,,,,,,,,,,,,,,,,,,,,,,,,,,,,,,,,,,,,,,,,,,,,
2024,ccrf2401,RF,Rhein Fire,A,CC,Cologne Centurions,99,H. Klages,H. Klages,H. Klages,1,0,,,,,,,,,,,,,,,,,,,,,,,,,,,,,,,,,1.0,0.0,1.0,0.0,0.0,0.0,0.0,0.0,0.0,0.0,,0.0,0.0,,,0.0,0.0,0.0,0.0,,,0.0,0.0,,,,,,,,,,,,,,,,,,,,,,,,,,,,,,,,,,,,,,,,,,,,,,,,,,
2024,ccrf2401,RF,Rhein Fire,H,CC,Cologne Centurions,1,D. Owens,D. Owens,D. Owens,1,0,,,,,,,,,,,,,,,,,,,,,,,,,,,,,,,,,1.0,1.0,2.0,0.0,0.0,0.0,0.0,0.0,0.0,0.0,,0.0,0.0,,,0.0,0.0,0.0,0.0,,,0.0,0.0,,,,,,,,,,,,,,,,,,,,,,,,,,,,,,,,,,,,,,,,,,,,,,,,,,
2024,ccrf2401,RF,Rhein Fire,H,CC,Cologne Centurions,10,B. Fröhlich,B. Fröhlich,B. Fröhlich,1,0,,,,,,,,,,,,,,,,,,,,,,,,0.0,2.0,19.0,9.5,0.0,10.0,,,,1.0,0.0,1.0,0.0,0.0,0.0,0.0,0.0,0.0,0.0,,0.0,0.0,,,0.0,0.0,0.0,0.0,,,0.0,0.0,,,,,,,,,,,,,,,,,,,,,,,,,,,,,,,,,,,,,,,,,,,,,,,,,,
2024,ccrf2401,RF,Rhein Fire,H,CC,Cologne Centurions,12,N. Schaper,N. Schaper,N. Schaper,1,0,,,,,,,,,,,,,,,,,1.0,3.0,3.0,0.0,0.0,3.0,3.0,,,,,,,,,,,,,,,,,,,,,,,,,,,,,,,,,,,,,,,,,,,,,,,,,,,,,,,,,,,,,,,,,,,,,,,,,,,,,,,,,,
2024,ccrf2401,RF,Rhein Fire,H,CC,Cologne Centurions,13,J. Loercks,J. Loercks,J. Loercks,1,0,,,,,,,,,,,,,,,,,,,,,,,,0.0,3.0,37.0,12.333333333333334,0.0,16.0,,,,,,,,,,,,,,,,,,,,,,,,,,,,,,,,,,,,,,,,,,,,,,,,,,,,,,,,,,,,,,,,,,,3.0,52.0,0.0,18.0,,,,,,
2024,ccrf2401,RF,Rhein Fire,H,CC,Cologne Centurions,15,J. Appelt,J. Appelt,J. Appelt,1,0,,,,,,,,,,,,,,,,,,,,,,,,,,,,,,,,,,,,,,,,,,,,,,,,,,,,,,,,,,,,,,,,,,,0.0,177.0,0.0,0.0,0.0,,,,,,,,,,,,,,,,,,,,,,,,,,,,,,,,,,
2024,ccrf2401,RF,Rhein Fire,H,CC,Cologne Centurions,19,V. Rödiger,V. Rödiger,V. Rödiger,1,0,,,,,,,,,,,,,,,,,,,,,,,,0.0,3.0,42.0,14.0,0.0,25.0,,,,,,,,,,,,,,,,,,,,,,,,,,,,,,,,,,,,,,,,,,,,,,,,,,,,,,,,,,,,,,,,,,,,,,,,,,,,
2024,ccrf2401,RF,Rhein Fire,H,CC,Cologne Centurions,2,D. Schuhmacher,D. Schuhmacher,D. Schuhmacher,1,0,,,,,,,,,,,,,,,,,1.0,-16.0,0.0,16.0,0.0,-16.0,-16.0,,,,,,,,,,,,,,,,,,,,,,,,,,,,,,,,,,,,,,,,,,,,,,,,,,,,,,,,,,,,,,,,,,,,,,,,,,,,,,,,,,
2024,ccrf2401,RF,Rhein Fire,H,CC,Cologne Centurions,20,G. Ameln,G. Ameln,G. Ameln,1,0,,,,,,,,,,,,,,,,,24.0,69.0,71.0,2.0,1.0,15.0,2.88,0.0,2.0,25.0,12.5,0.0,25.0,,,,,,,,,,,,,,,,,,,,,,,,,,,,,,,,,,,,,,,,,,,,,,,,,,,,,,,,,,,,,,,,,,,,,,,,,,,,
2024,ccrf2401,RF,Rhein Fire,H,CC,Cologne Centurions,21,T. Kleinmann,T. Kleinmann,T. Kleinmann,1,0,,,,,,,,,,,,,,,,,,,,,,,,,,,,,,,,,3.0,2.0,5.0,0.0,0.0,0.0,0.0,0.0,0.0,0.0,,0.0,0.0,,,0.0,0.0,0.0,0.0,,,0.0,0.0,,,,,,,,,,,,,,,,,,,,,,,,,,,,,,,,,,,,,,,,,,,,,,,,,,
2024,ccrf2401,RF,Rhein Fire,H,CC,Cologne Centurions,24,E. Fuchs,E. Fuchs,E. Fuchs,1,0,,,,,,,,,,,,,,,,,1.0,1.0,1.0,0.0,0.0,1.0,1.0,,,,,,,,,,,,,,,,,,,,,,,,,,,,,,,,,,,,,,,,,,,,,,,,,,,,,,,,,,,,,,,,,,,,,,,,,,,,,,,,,,
2024,ccrf2401,RF,Rhein Fire,H,CC,Cologne Centurions,25,B. Barnes,B. Barnes,B. Barnes,1,0,,,,,,,,,,,,,,,,,,,,,,,,,,,,,,,,,,,,,,,,,,,,,,,,,,,,,,,,,,,,,,,,,,,,,,,,,,,,,,,,,,,,,,,,,,,,,,,,2.0,39.0,0.0,20.0,,,,,,
2024,ccrf2401,RF,Rhein Fire,H,CC,Cologne Centurions,26,M. Riepe,M. Riepe,M. Riepe,1,0,,,,,,,,,,,,,,,,,,,,,,,,,,,,,,,,,1.0,1.0,2.0,0.0,0.0,0.0,0.0,0.0,0.0,0.0,,0.0,0.0,,,0.0,0.0,0.0,0.0,,,0.0,0.0,,,,,,,,,,,,,,,,,,,,,,,,,,,,,,,,,,,,,,,,,,,,,,,,,,
2024,ccrf2401,RF,Rhein Fire,H,CC,Cologne Centurions,35,S. Finsson,S. Finsson,S. Finsson,1,0,,,,,,,,,,,,,,,,,,,,,,,,,,,,,,,,,2.0,0.0,2.0,0.0,0.0,0.0,0.0,0.0,0.0,0.0,,0.0,0.0,,,0.0,0.0,0.0,0.0,,,0.0,0.0,,,,,,,,,,,,,,,,,,,,,,,,,,,,,,,,,,,,,,,,,,,,,,,,,,
2024,ccrf2401,RF,Rhein Fire,H,CC,Cologne Centurions,40,L. Schnabl,L. Schnabl,L. Schnabl,1,0,,,,,,,,,,,,,,,,,,,,,,,,,,,,,,,,,3.0,0.0,3.0,0.0,0.0,0.0,0.0,0.0,0.0,0.0,,0.0,0.0,,,0.0,0.0,0.0,0.0,,,0.0,0.0,,,,,,,,,,,,,,,,,,,,,,,,,,,,,,,,,,,,,,,,,,,,,,,,,,
2024,ccrf2401,RF,Rhein Fire,H,CC,Cologne Centurions,44,M. Kedik,M. Kedik,M. Kedik,1,0,,,,,,,,,,,,,,,,,,,,,,,,,,,,,,,,,1.0,1.0,2.0,0.0,0.0,0.0,0.0,0.0,0.0,0.0,,0.0,0.0,,,0.0,0.0,0.0,0.0,,,0.0,0.0,,,,,,,,,,,,,,,,,,,,,,,,,,,,,,,,,,,,,,,,,,,,,,,,,,
2024,ccrf2401,RF,Rhein Fire,H,CC,Cologne Centurions,5,C. Wedington,C. Wedington,C. Wedington,1,0,,,,,,,,,,,,,,,,,,,,,,,,0.0,1.0,32.0,32.0,0.0,32.0,,,,0.0,1.0,1.0,0.0,0.0,0.0,0.0,0.0,0.0,0.0,,0.0,0.0,,,0.0,0.0,0.0,0.0,,,0.0,0.0,,,,,,,,,,,,,,,,,,,,,,,,,,,,,,,,,,,,,,,,,,,,,,,,,,
2024,ccrf2401,RF,Rhein Fire,H,CC,Cologne Centurions,51,S. Appelt,S. Appelt,S. Appelt,1,0,,,,,,,,,,,,,,,,,,,,,,,,,,,,,,,,,3.0,1.0,4.0,0.0,0.0,0.0,0.0,0.0,0.0,0.0,,0.0,0.0,,,0.0,0.0,0.0,0.0,,,0.0,0.0,,,,,,,,,,,,,,,,,,,,,,,,,,,,,,,,,,,,,,,,,,,,,,,,,,
2024,ccrf2401,RF,Rhein Fire,H,CC,Cologne Centurions,55,L. Fiedler,L. Fiedler,L. Fiedler,1,0,,,,,,,,,,,,,,,,,,,,,,,,,,,,,,,,,3.0,1.0,4.0,0.0,0.0,0.0,0.0,0.0,0.0,0.0,,0.0,0.0,,,0.0,0.0,0.0,0.0,,,0.0,0.0,,,,,,,,,,,,,,,,,,,,,,,,,,,,,,,,,,,,,,,,,,,,,,,,,,
2024,ccrf2401,RF,Rhein Fire,H,CC,Cologne Centurions,57,R. Grubmüller,R. Grubmüller,R. Grubmüller,1,0,,,,,,,,,,,,,,,,,,,,,,,,,,,,,,,,,1.0,1.0,2.0,0.0,0.0,0.0,0.0,0.0,0.0,0.0,,0.0,0.0,,,0.0,0.0,0.0,0.0,,,0.0,0.0,,,,,,,,,,,,,,,,,,,,,,,,,,,,,,,,,,,,,,,,,,,,,,,,,,
2024,ccrf2401,RF,Rhein Fire,H,CC,Cologne Centurions,58,H. Hobson,H. Hobson,H. Hobson,1,0,,,,,,,,,,,,,,,,,,,,,,,,,,,,,,,,,5.0,2.0,7.0,0.0,0.0,0.0,0.0,0.0,0.0,0.0,,0.0,0.0,,,0.0,0.0,0.0,0.0,,,0.0,0.0,,,,,,,,,,,,,,,,,,,,,,,,,,,,,,,,,,,,,,,,,,,,,,,,,,
2024,ccrf2401,RF,Rhein Fire,H,CC,Cologne Centurions,7,I. Weed,I. Weed,I. Weed,1,0,,19.0,32.0,0.59,194.0,0.0,1.0,32.0,6.06,10.21,104.05,0.0,0.0,0.0,6.06,4.66,6.0,22.0,42.0,20.0,0.0,16.0,3.67,,,,,,,,,,2.0,0.0,2.0,1.0,0.0,1.0,6.0,0.0,0.0,0.0,,0.0,0.0,,,0.0,0.0,0.0,0.0,,,0.0,0.0,,,,,,,,,,,,,,,,,,,,,,,,,,,,,,,,,,,,,,,,,,,,,,,,,,
2024,ccrf2401,RF,Rhein Fire,H,CC,Cologne Centurions,8,D. Tanwani,D. Tanwani,D. Tanwani,1,0,,,,,,,,,,,,,,,,,10.0,-3.0,18.0,21.0,0.0,9.0,-0.3,0.0,1.0,0.0,0.0,0.0,-5.0,,,,,,,,,,,,,,,,,,,,,,,,,,,,,,,,,,,,,,,,,,,,,,,,,,,,,,,,,,,,,,,,,,,,,,,,,,,,
2024,ccrf2401,RF,Rhein Fire,H,CC,Cologne Centurions,87,R. Merjenburgh,R. Merjenburgh,R. Merjenburgh,1,0,,,,,,,,,,,,,,,,,,,,,,,,0.0,1.0,0.0,0.0,0.0,0.0,,,,,,,,,,,,,,,,,,,,,,,,,,,,,,,,,,,,,,,,,,,,,,,,,,,,,,,,,,,,,,,,,,,,,,,,,,,,
2024,ccrf2401,RF,Rhein Fire,H,CC,Cologne Centurions,89,D. Luoma,D. Luoma,D. Luoma,1,0,,,,,,,,,,,,,,,,,,,,,,,,0.0,6.0,49.0,8.166666666666666,0.0,16.0,,,,,,,,,,,,,,,,,,,,,,,,,,,,,,,,,,,,,,,,,,,,,,,,,,,,,,,,,,,,,,,,,,,,,,,,,,,,
2024,ccrf2401,RF,Rhein Fire,H,CC,Cologne Centurions,9,R. Grooten,R. Grooten,R. Grooten,1,0,,,,,,,,,,,,,,,,,,,,,,,,,,,,,,,,,0.0,1.0,1.0,0.0,0.0,0.0,0.0,0.0,0.0,0.0,,0.0,0.0,,,0.0,0.0,0.0,0.0,,,0.0,0.0,,,,,,,,,,,,,,,,,,,,,,,,,,,,,,,,,,,,,,,,,,,,,,,,,,
2024,ccrf2401,RF,Rhein Fire,H,CC,Cologne Centurions,99,W. Lydle,W. Lydle,W. Lydle,1,0,,,,,,,,,,,,,,,,,,,,,,,,,,,,,,,,,3.0,0.0,3.0,1.0,0.0,1.0,1.0,0.0,0.0,0.0,,0.0,0.0,,,0.0,0.0,0.0,0.0,,,0.0,0.0,,,,,,,,,,,,,,,,,,,,,,,,,,,,,,,,,,,,,,,,,,,,,,,,,,
2024,fevv2401,VV,Vienna Vikings,A,FE,Fehervar Enthroners,0,N. Swancar,N. Swancar,N. Swancar,1,0,,,,,,,,,,,,,,,,,,,,,,,,,,,,,,,,,2.0,0.0,2.0,1.0,0.0,1.0,1.0,0.0,0.0,0.0,,0.0,0.0,,,0.0,0.0,0.0,0.0,,,0.0,0.0,,,,,,,,,,,,,,,,,,,,,,,,,,,,,,,,,,,,,,,,,,,,,,,,,,
2024,fevv2401,VV,Vienna Vikings,A,FE,Fehervar Enthroners,1,L. Balogh,L. Balogh,L. Balogh,1,0,,,,,,,,,,,,,,,,,,,,,,,,,,,,,,,,,3.0,2.0,5.0,0.0,0.0,0.0,0.0,0.0,0.0,0.0,,0.0,0.0,,,0.0,0.0,0.0,0.0,,,0.0,0.0,,,,,,,,,,,,,,,,,,,,,,,,,,,,,,,,,,,,,,,,,,,,,,,,,,
2024,fevv2401,VV,Vienna Vikings,A,FE,Fehervar Enthroners,12,A. Reischl,A. Reischl,A. Reischl,1,0,,2.0,2.0,1.0,17.0,0.0,0.0,13.0,8.5,8.5,171.4,0.0,0.0,0.0,8.5,8.5,1.0,7.0,7.0,0.0,0.0,7.0,7.0,,,,,,,,,,,,,,,,,,,,,,,,,,,,,,,,,,,,,,,,,,,,,,,,,,,,,,,,,,,,,,,,,,,,,,,,,,,,,,,,,,
2024,fevv2401,VV,Vienna Vikings,A,FE,Fehervar Enthroners,13,R. Komeyli-Birjandi,R. Komeyli-Birjandi,R. Komeyli-Birjandi,1,0,,,,,,,,,,,,,,,,,3.0,3.0,3.0,0.0,0.0,2.0,1.0,0.0,1.0,4.0,4.0,0.0,4.0,,,,,,,,,,,,,,,,,,,,,,,,,,,,,,,,,,,,,,,,,,,,,,,,,,,,,,,,,,,,,,,,,,,,,,,,,,,,
2024,fevv2401,VV,Vienna Vikings,A,FE,Fehervar Enthroners,14,J. Schütz,J. Schütz,J. Schütz,1,0,,,,,,,,,,,,,,,,,,,,,,,,0.0,2.0,13.0,6.5,0.0,13.0,,,,1.0,0.0,1.0,0.0,0.0,0.0,0.0,0.0,0.0,0.0,,0.0,0.0,,,0.0,0.0,0.0,0.0,,,0.0,0.0,,,,,,,,,,,,,,,,,,,,,,,,,,,,,,,,,,,,,,,,,,,,,,,,,,
2024,fevv2401,VV,Vienna Vikings,A,FE,Fehervar Enthroners,15,R. Frey,R. Frey,R. Frey,1,0,,,,,,,,,,,,,,,,,,,,,,,,,,,,,,,,,1.0,0.0,1.0,0.0,0.0,0.0,0.0,0.0,0.0,0.0,,0.0,0.0,,,0.0,0.0,0.0,0.0,,,0.0,0.0,,,,,,,,,,,,,,,,,,,,,,,,,,,,,,,,,,,,,,,,,,,,,,,,,,
2024,fevv2401,VV,Vienna Vikings,A,FE,Fehervar Enthroners,18,N. Touré,N. Touré,N. Touré,1,0,,,,,,,,,,,,,,,,,,,,,,,,0.0,2.0,75.0,37.5,0.0,69.0,,,,,,,,,,,,,,,,,,,,,,,,,,,,,,,,,,,,,,,,,,,,,,,,,,,,,,,,,,,,,,,,,,,,,,,,,,,,
2024,fevv2401,VV,Vienna Vikings,A,FE,Fehervar Enthroners,19,O. Herz,O. Herz,O. Herz,1,0,,,,,,,,,,,,,,,,,,,,,,,,,,,,,,,,,,,,,,,,,,,,,,,,,,,,,,,,,,,,,,,,,,,1.0,386.0,0.0,1.0,0.0,386.0,,,,,,,,,,,,,,,,,,,,,,,,,,,,,,,,,
2024,fevv2401,VV,Vienna Vikings,A,FE,Fehervar Enthroners,2,D. Tasic,D. Tasic,D. Tasic,1,0,,,,,,,,,,,,,,,,,,,,,,,,,,,,,,,,,,,,,,,,,,,,,,,,,,,,,,,,,,,,,,,,,,,0.0,55.0,0.0,0.0,0.0,,,,,,,,,,,,,,,,,,,,,,,,,,,,,,,,,,
2024,fevv2401,VV,Vienna Vikings,A,FE,Fehervar Enthroners,20,B. Liedlbauer,B. Liedlbauer,B. Liedlbauer,1,0,,,,,,,,,,,,,,,,,5.0,41.0,44.0,3.0,0.0,20.0,8.2,,,,,,,,,,,,,,,,,,,,,,,,,,,,,,,,,,,,,,,,,,,,,,,,,,,,,,,,,,,,,,,,,,,,,,,,,,,,,,,,,,
2024,fevv2401,VV,Vienna Vikings,A,FE,Fehervar Enthroners,23,B. Straight,B. Straight,B. Straight,1,0,,,,,,,,,,,,,,,,,,,,,,,,,,,,,,,,,0.0,2.0,2.0,0.0,0.0,0.0,0.0,0.0,0.0,0.0,,0.0,0.0,,,0.0,0.0,0.0,0.0,,,0.0,0.0,,,,,,,,,,,,,,,,,,,,,,,,,,,,,,,,,,,,,,,,,,,,,,,,,,
2024,fevv2401,VV,Vienna Vikings,A,FE,Fehervar Enthroners,24,K. Pajarinen,K. Pajarinen,K. Pajarinen,1,0,,,,,,,,,,,,,,,,,23.0,99.0,105.0,6.0,3.0,18.0,4.3,0.0,2.0,34.0,17.0,0.0,18.0,,,,,,,,,,,,,,,,,,,,,,,,,,,,,,,,,,,,,,,,,,,,,,,,,,,,,,,,,,,,,,,,,,,,,,,,,,,,
2024,fevv2401,VV,Vienna Vikings,A,FE,Fehervar Enthroners,27,N. Huszar,N. Huszar,N. Huszar,1,0,,,,,,,,,,,,,,,,,,,,,,,,,,,,,,,,,2.0,1.0,3.0,0.0,0.0,0.0,0.0,0.0,0.0,0.0,,0.0,0.0,,,0.0,0.0,0.0,0.0,,,0.0,0.0,,,,,,,,,,,,,,,,,,,,,,,,,,,,,,,,,,,,,,,,,,,,,,,,,,
2024,fevv2401,VV,Vienna Vikings,A,FE,Fehervar Enthroners,3,B. Holmes,B. Holmes,B. Holmes,1,0,,16.0,34.0,0.47,286.0,3.0,1.0,69.0,8.41,17.88,140.95,0.0,0.0,0.0,8.41,8.85,6.0,24.0,29.0,5.0,0.0,9.0,4.0,,,,,,,,,,,,,,,,,,,,,,,,,,,,,,,,,,,,,,,,,,,,,,,,,,,,,,,,,,,,,,,,,,,,,,,,,,,,,,,,,,
2024,fevv2401,VV,Vienna Vikings,A,FE,Fehervar Enthroners,32,L. Horvath,L. Horvath,L. Horvath,1,0,,,,,,,,,,,,,,,,,,,,,,,,,,,,,,,,,1.0,0.0,1.0,0.0,0.0,0.0,0.0,0.0,0.0,0.0,,0.0,0.0,,,0.0,0.0,0.0,0.0,,,0.0,0.0,,,,,,,,,,,,,,,,,,,,,,,,,,,,,,,,,,,,,,,,,,,,,,,,,,
2024,fevv2401,VV,Vienna Vikings,A,FE,Fehervar Enthroners,4,J. Bouah,J. Bouah,J. Bouah,1,0,,,,,,,,,,,,,,,,,,,,,,,,0.0,5.0,107.0,21.4,3.0,65.0,,,,2.0,0.0,2.0,0.0,0.0,0.0,0.0,0.0,0.0,0.0,,0.0,0.0,,,0.0,0.0,0.0,0.0,,,0.0,0.0,,,,,,,,,,,,,,,,,,,,,,,,,,,,,,,,,,,,,,,,,,,,,,,,,,
2024,fevv2401,VV,Vienna Vikings,A,FE,Fehervar Enthroners,47,D. Schönet,D. Schönet,D. Schönet,1,0,,,,,,,,,,,,,,,,,2.0,16.0,16.0,0.0,0.0,14.0,8.0,0.0,1.0,3.0,3.0,0.0,3.0,,,,,,,,,,,,,,,,,,,,,,,,,,,,,,,,,,,,,,,,,,,,,,,,,,,,,,,,,,,,,,,,,,,,,,,,,,,,
2024,fevv2401,VV,Vienna Vikings,A,FE,Fehervar Enthroners,49,A. Watholowitsch,A. Watholowitsch,A. Watholowitsch,1,0,,,,,,,,,,,,,,,,,,,,,,,,,,,,,,,,,2.0,1.0,3.0,0.0,0.0,0.0,0.0,0.0,0.0,0.0,,0.0,0.0,,,0.0,0.0,0.0,0.0,,,0.0,0.0,,,,,,,,,,,,,,,,,,,,,,,,,,,,,,,,,,,,,,,,,,,,,,,,,,
2024,fevv2401,VV,Vienna Vikings,A,FE,Fehervar Enthroners,6,E. Laalo,E. Laalo,E. Laalo,1,0,,,,,,,,,,,,,,,,,,,,,,,,,,,,,,,,,2.0,3.0,5.0,0.0,0.0,0.0,0.0,0.0,0.0,0.0,,0.0,0.0,,,0.0,0.0,0.0,0.0,,,0.0,0.0,,,,,,,,,,,,,,,,,,,,,,,,,,,,,,,,,,,,,,,,,,,,,,,,,,
2024,fevv2401,VV,Vienna Vikings,A,FE,Fehervar Enthroners,7,E. Edwards,E. Edwards,E. Edwards,1,0,,,,,,,,,,,,,,,,,,,,,,,,,,,,,,,,,5.0,0.0,5.0,0.0,0.0,0.0,0.0,0.0,0.0,0.0,,0.0,0.0,,,0.0,0.0,0.0,0.0,,,0.0,0.0,,,,,,,,,,,,,,,,,,,,,,,,,,,,,,,,,,,,2.0,51.0,0.0,31.0,,2.0,66.0,0.0,41.0,,,,,,
2024,fevv2401,VV,Vienna Vikings,A,FE,Fehervar Enthroners,8,L. Misangumukini,L. Misangumukini,L. Misangumukini,1,0,,,,,,,,,,,,,,,,,,,,,,,,,,,,,,,,,3.0,0.0,3.0,0.0,0.0,0.0,0.0,0.0,0.0,0.0,,0.0,0.0,,,0.0,0.0,0.0,0.0,,,0.0,0.0,,,,,,,,,,,,,,,,,,,,,,,,,,,,,,,,,,,,,,,,,,,,,,,,,,
2024,fevv2401,VV,Vienna Vikings,A,FE,Fehervar Enthroners,84,E. Eckerstorfer,E. Eckerstorfer,E. Eckerstorfer,1,0,,,,,,,,,,,,,,,,,,,,,,,,0.0,1.0,11.0,11.0,0.0,11.0,,,,,,,,,,,,,,,,,,,,,,,,,,,,,,,,,,,,,,,,,,,,,,,,,,,,,,,,,,,,,,,,,,,,,,,,,,,,
2024,fevv2401,VV,Vienna Vikings,A,FE,Fehervar Enthroners,89,F. Bierbaumer,F. Bierbaumer,F. Bierbaumer,1,0,,,,,,,,,,,,,,,,,,,,,,,,0.0,3.0,45.0,15.0,0.0,26.0,,,,,,,,,,,,,,,,,,,,,,,,,,,,,,,,,,,,,,,,,,,,,,,,,,,,,,,,,,,,,,,,,,,,,,,,,,,,
2024,fevv2401,VV,Vienna Vikings,A,FE,Fehervar Enthroners,9,H. Nichols,H. Nichols,H. Nichols,1,0,,,,,,,,,,,,,,,,,,,,,,,,,,,,,,,,,,,,,,,,,,,,,,,,,,,,,,,,,,,,,,,,,,,,,,,,,,,,,,,,,,,,,,,,,,,,,,,,1.0,40.0,0.0,40.0,,,,,,
2024,fevv2401,VV,Vienna Vikings,A,FE,Fehervar Enthroners,92,T. Schaffer,T. Schaffer,T. Schaffer,1,0,,,,,,,,,,,,,,,,,,,,,,,,,,,,,,,,,0.0,2.0,2.0,0.0,0.0,0.0,0.0,0.0,0.0,0.0,,0.0,0.0,,,0.0,0.0,0.0,0.0,,,0.0,0.0,,,,,,,,,,,,,,,,,,,,,,,,,,,,,,,,,,,,,,,,,,,,,,,,,,
2024,fevv2401,VV,Vienna Vikings,A,FE,Fehervar Enthroners,94,F. Grünsteidl,F. Grünsteidl,F. Grünsteidl,1,0,,,,,,,,,,,,,,,,,,,,,,,,,,,,,,,,,1.0,0.0,1.0,0.0,0.0,0.0,0.0,0.0,0.0,0.0,,0.0,0.0,,,0.0,0.0,0.0,0.0,,,0.0,0.0,,,,,,,,,,,,,,,,,,,,,,,,,,,,,,,,,,,,,,,,,,,,,,,,,,
2024,fevv2401,VV,Vienna Vikings,A,FE,Fehervar Enthroners,96,M. Wappl,M. Wappl,M. Wappl,1,0,,,,,,,,,,,,,,,,,,,,,,,,,,,,,,,,,1.0,0.0,1.0,0.0,0.0,0.0,0.0,0.0,0.0,0.0,,0.0,0.0,,,0.0,0.0,0.0,0.0,,,0.0,0.0,,,,,,,,,,,,,,,,,,,,,,,,,,,,,,,,,,,,,,,,,,,,,,,,,,
2024,fevv2401,VV,Vienna Vikings,A,FE,Fehervar Enthroners,97,B. Mosor,B. Mosor,B. Mosor,1,0,,,,,,,,,,,,,,,,,,,,,,,,,,,,,,,,,1.0,1.0,2.0,0.0,0.0,0.0,0.0,0.0,0.0,0.0,,0.0,0.0,,,0.0,0.0,0.0,0.0,,,0.0,0.0,,,,,,,,,,,,,,,,,,,,,,,,,,,,,,,,,,,,,,,,,,,,,,,,,,
2024,fevv2401,VV,Vienna Vikings,A,FE,Fehervar Enthroners,99,M. Müllner,M. Müllner,M. Müllner,1,0,,,,,,,,,,,,,,,,,,,,,,,,,,,,,,,,,1.0,2.0,3.0,0.0,0.0,0.0,0.0,0.0,0.0,0.0,,0.0,0.0,,,0.0,0.0,0.0,0.0,,,0.0,0.0,,,,,,,,,,,,,,,,,,,,,,,,,,,,,,,,,,,,,,,,,,,,,,,,,,
2024,fevv2401,VV,Vienna Vikings,H,FE,Fehervar Enthroners,12,J. Mangel,J. Mangel,J. Mangel,1,0,,24.0,33.0,0.73,236.0,1.0,0.0,42.0,7.15,9.83,142.8,0.0,0.0,0.0,7.15,7.76,5.0,18.0,18.0,0.0,1.0,9.0,3.6,,,,,,,,,,,,,,,,,,,,,,,,,,,,,,,,,,,,,,,,,,,,,,,,,,,,,,,,,,,,,,,,,,,,,,,,,,,,,,,,,,
2024,fevv2401,VV,Vienna Vikings,H,FE,Fehervar Enthroners,13,M. Czirók,M. Czirók,M. Czirók,1,0,,,,,,,,,,,,,,,,,,,,,,,,0.0,2.0,17.0,8.5,0.0,14.0,,,,,,,,,,,,,,,,,,,,,,,,,,,,,,,,,,,,,,,,,,,,,,,,,,,,,,,,,,,,,,,,,,,,,,,,,,,,
2024,fevv2401,VV,Vienna Vikings,H,FE,Fehervar Enthroners,19,Z. Sarok,Z. Sarok,Z. Sarok,1,0,,,,,,,,,,,,,,,,,,,,,,,,,,,,,,,,,1.0,0.0,1.0,0.0,0.0,0.0,0.0,0.0,0.0,0.0,,0.0,0.0,,,0.0,0.0,0.0,0.0,,,0.0,0.0,,,,,,,,,,,,0.0,163.0,0.0,0.0,0.0,,,,,,,,,,,,,,,,,,,,,,,,,,,,,,,,,,
2024,fevv2401,VV,Vienna Vikings,H,FE,Fehervar Enthroners,2,S. Szöllösi,S. Szöllösi,S. Szöllösi,1,0,,,,,,,,,,,,,,,,,,,,,,,,,,,,,,,,,0.0,1.0,1.0,0.0,0.0,0.0,0.0,0.0,0.0,0.0,,0.0,0.0,,,0.0,0.0,0.0,0.0,,,0.0,0.0,,,,,,,,,,,,,,,,,,,,,,,,,,,,,,,,,,,,,,,,,,,,,,,,,,
2024,fevv2401,VV,Vienna Vikings,H,FE,Fehervar Enthroners,22,B. Abdelhalim Gamaleldin,B. Abdelhalim Gamaleldin,B. Abdelhalim Gamaleldin,1,0,,,,,,,,,,,,,,,,,,,,,,,,,,,,,,,,,1.0,0.0,1.0,0.0,0.0,0.0,0.0,0.0,0.0,0.0,,0.0,0.0,,,0.0,0.0,0.0,0.0,,,0.0,0.0,,,,,,,,,,,,,,,,,,,,,,,,,,,,,,,,,,,,,,,,,,,,,,,,,,
2024,fevv2401,VV,Vienna Vikings,H,FE,Fehervar Enthroners,23,H. Osei-Owusu,H. Osei-Owusu,H. Osei-Owusu,1,0,,,,,,,,,,,,,,,,,2.0,8.0,8.0,0.0,0.0,6.0,4.0,,,,,,,,,,,,,,,,,,,,,,,,,,,,,,,,,,,,,,,,,,,,,,,,,,,,,,,,,,,,,,,,,,,,,,,,,,,,,,,,,,
2024,fevv2401,VV,Vienna Vikings,H,FE,Fehervar Enthroners,24,P. Baranyai,P. Baranyai,P. Baranyai,1,0,,,,,,,,,,,,,,,,,,,,,,,,,,,,,,,,,0.0,1.0,1.0,0.0,0.0,0.0,0.0,0.0,0.0,0.0,,0.0,0.0,,,0.0,0.0,0.0,0.0,,,0.0,0.0,,,,,,,,,,,,,,,,,,,,,,,,,,,,,,,,,,,,,,,,,,,,,,,,,,
2024,fevv2401,VV,Vienna Vikings,H,FE,Fehervar Enthroners,25,M. Jónás,M. Jónás,M. Jónás,1,0,,,,,,,,,,,,,,,,,,,,,,,,,,,,,,,,,,,,,,,,,,,,,,,,,,,,,,,,,,,,,,,,,,,,,,,,,,,,,,,,,,,,,,,,,,,,,,,,4.0,46.0,0.0,18.0,,,,,,
2024,fevv2401,VV,Vienna Vikings,H,FE,Fehervar Enthroners,27,P. Bakonyvári,P. Bakonyvári,P. Bakonyvári,1,0,,,,,,,,,,,,,,,,,,,,,,,,,,,,,,,,,1.0,0.0,1.0,0.0,0.0,0.0,0.0,0.0,0.0,0.0,,0.0,0.0,,,0.0,0.0,0.0,0.0,,,0.0,0.0,,,,,,,,,,,,,,,,,,,,,,,,,,,,,,,,,,,,,,,,,,,,,,,,,,
2024,fevv2401,VV,Vienna Vikings,H,FE,Fehervar Enthroners,3,B. Bodnár,B. Bodnár,B. Bodnár,1,0,,,,,,,,,,,,,,,,,,,,,,,,,,,,,,,,,3.0,3.0,6.0,3.0,0.0,3.0,9.0,0.0,0.0,0.0,,0.0,0.0,,,0.0,0.0,0.0,0.0,,,0.0,0.0,,,,,,,,,,,,,,,,,,,,,,,,,,,,,,,,,,,,,,,,,,,,,,,,,,
2024,fevv2401,VV,Vienna Vikings,H,FE,Fehervar Enthroners,33,K. Rathonyi,K. Rathonyi,K. Rathonyi,1,0,,,,,,,,,,,,,,,,,6.0,27.0,27.0,0.0,0.0,11.0,4.5,0.0,2.0,11.0,5.5,0.0,6.0,,,,,,,,,,,,,,,,,,,,,,,,,,,,,,,,,,,,,,,,,,,,,,,,,,,,,,,,,,,,,,,,,,,,,,,,,,,,
2024,fevv2401,VV,Vienna Vikings,H,FE,Fehervar Enthroners,34,L. Tóth,L. Tóth,L. Tóth,1,0,,,,,,,,,,,,,,,,,2.0,5.0,5.0,0.0,0.0,4.0,2.5,,,,,,,,,,,,,,,,,,,,,,,,,,,,,,,,,,,,,,,,,,,,,,,,,,,,,,,,,,,,,,,,,,,,,,,,,,,,,,,,,,
2024,fevv2401,VV,Vienna Vikings,H,FE,Fehervar Enthroners,38,H. Nielsen,H. Nielsen,H. Nielsen,1,0,,,,,,,,,,,,,,,,,,,,,,,,,,,,,,,,,3.0,2.0,5.0,0.0,0.0,0.0,0.0,0.0,0.0,0.0,,0.0,0.0,,,0.0,0.0,0.0,0.0,,,0.0,0.0,,,,,,,,,,,,,,,,,,,,,,,,,,,,,,,,,,,,,,,,,,,,,,,,,,
2024,fevv2401,VV,Vienna Vikings,H,FE,Fehervar Enthroners,4,R. Henrique,R. Henrique,R. Henrique,1,0,,,,,,,,,,,,,,,,,,,,,,,,,,,,,,,,,4.0,2.0,6.0,0.0,0.0,0.0,0.0,0.0,0.0,0.0,,0.0,0.0,1.0,77.0,0.0,0.0,0.0,0.0,,,0.0,0.0,,,,,,,,,,,,,,,,,,,,,,,,,,,,,,,,,,,,,,,,,,,,,,,,,,
2024,fevv2401,VV,Vienna Vikings,H,FE,Fehervar Enthroners,41,D. Novakov,D. Novakov,D. Novakov,1,0,,,,,,,,,,,,,,,,,1.0,0.0,0.0,0.0,0.0,0.0,0.0,0.0,1.0,1.0,1.0,0.0,1.0,,,,,,,,,,,,,,,,,,,,,,,,,,,,,,,,,,,,,,,,,,,,,,,,,,,,,,,,,,,,,,,,,,,,,,,,,,,,
2024,fevv2401,VV,Vienna Vikings,H,FE,Fehervar Enthroners,43,B. Hansel,B. Hansel,B. Hansel,1,0,,,,,,,,,,,,,,,,,,,,,,,,,,,,,,,,,2.0,0.0,2.0,0.0,0.0,0.0,0.0,0.0,0.0,0.0,,0.0,0.0,,,0.0,0.0,0.0,0.0,,,0.0,0.0,,,,,,,,,,,,,,,,,,,,,,,,,,,,,,,,,,,,,,,,,,,,,,,,,,
2024,fevv2401,VV,Vienna Vikings,H,FE,Fehervar Enthroners,5,B. Horváth,B. Horváth,B. Horváth,1,0,,,,,,,,,,,,,,,,,,,,,,,,,,,,,,,,,0.0,1.0,1.0,0.0,0.0,0.0,0.0,0.0,0.0,0.0,,0.0,0.0,,,0.0,0.0,0.0,0.0,,,0.0,0.0,,,,,,,,,,,,,,,,,,,,,,,,,,,,,,,,,,,,,,,,,,,,,,,,,,
2024,fevv2401,VV,Vienna Vikings,H,FE,Fehervar Enthroners,50,J. Regan,J. Regan,J. Regan,1,0,,,,,,,,,,,,,,,,,,,,,,,,,,,,,,,,,3.0,3.0,6.0,1.0,0.0,1.0,3.0,0.0,0.0,0.0,,0.0,0.0,,,0.0,0.0,0.0,0.0,,,0.0,0.0,,,,,,,,,,,,,,,,,,,,,,,,,,,,,,,,,,,,,,,,,,,,,,,,,,
2024,fevv2401,VV,Vienna Vikings,H,FE,Fehervar Enthroners,51,J. Zilai,J. Zilai,J. Zilai,1,0,,,,,,,,,,,,,,,,,,,,,,,,,,,,,,,,,4.0,4.0,8.0,1.0,1.0,1.5,3.0,0.0,0.0,0.0,,0.0,0.0,,,0.0,0.0,0.0,0.0,,,0.0,0.0,,,,,,,,,,,,,,,,,,,,,,,,,,,,,,,,,,,,,,,,,,,,,,,,,,
2024,fevv2401,VV,Vienna Vikings,H,FE,Fehervar Enthroners,55,M. Crenshaw,M. Crenshaw,M. Crenshaw,1,0,,,,,,,,,,,,,,,,,,,,,,,,,,,,,,,,,0.0,0.0,0.0,0.0,0.0,0.0,0.0,0.0,0.0,0.0,,0.0,0.0,,,0.0,0.0,0.0,0.0,,,0.0,0.0,,,,,,,,,,,,,,,,,,,,,,,,,,,,,,,,,,,,,,,,,,,,,,,,,,
2024,fevv2401,VV,Vienna Vikings,H,FE,Fehervar Enthroners,59,V. Nosza,V. Nosza,V. Nosza,1,0,,,,,,,,,,,,,,,,,,,,,,,,,,,,,,,,,5.0,2.0,7.0,0.0,0.0,0.0,0.0,0.0,0.0,0.0,,0.0,0.0,,,0.0,0.0,0.0,0.0,,,0.0,0.0,,,,,,,,,,,,,,,,,,,,,,,,,,,,,,,,,,,,,,,,,,,,,,,,,,
2024,fevv2401,VV,Vienna Vikings,H,FE,Fehervar Enthroners,7,H. Rowland,H. Rowland,H. Rowland,1,0,,,,,,,,,,,,,,,,,,,,,,,,0.0,5.0,13.0,2.6,0.0,6.0,,,,,,,,,,,,,,,,,,,,,,,,,,,,,,,,,,,,,,,,,,,,,,,,,,,,,,,,,,,,,,,,,,,,,,,,,,,,
2024,fevv2401,VV,Vienna Vikings,H,FE,Fehervar Enthroners,8,M. Gyarmati,M. Gyarmati,M. Gyarmati,1,0,,,,,,,,,,,,,,,,,,,,,,,,,,,,,,,,,4.0,0.0,4.0,0.0,0.0,0.0,0.0,0.0,0.0,0.0,,0.0,0.0,,,0.0,0.0,0.0,0.0,,,0.0,0.0,,,,,,,,,,,,,,,,,,,,,,,,,,,,,,,,,,,,,,,,,,,,,,,,,,
2024,fevv2401,VV,Vienna Vikings,H,FE,Fehervar Enthroners,82,N. Tóth,N. Tóth,N. Tóth,1,0,,,,,,,,,,,,,,,,,,,,,,,,0.0,4.0,20.0,5.0,0.0,8.0,,,,,,,,,,,,,,,,,,,,,,,,,,,,,,,,,,,,,,,,,,,,,,,,,,,,,,,,,,,,,,,,,,,2.0,23.0,0.0,13.0,,,,,,
2024,fevv2401,VV,Vienna Vikings,H,FE,Fehervar Enthroners,86,N. Robitaille,N. Robitaille,N. Robitaille,1,0,,,,,,,,,,,,,,,,,1.0,11.0,11.0,0.0,0.0,11.0,11.0,0.0,10.0,174.0,17.4,1.0,42.0,,,,,,,,,,,,,,,,,,,,,,,,,,,,,,,,,,,,,,,,,,,,,,,,,,,,,,,,,,,,,,,,,,,,,,,,,,,,
2024,fevv2401,VV,Vienna Vikings,H,FE,Fehervar Enthroners,95,K. Szücs,K. Szücs,K. Szücs,1,0,,,,,,,,,,,,,,,,,,,,,,,,,,,,,,,,,0.0,1.0,1.0,0.0,0.0,0.0,0.0,0.0,0.0,0.0,,0.0,0.0,,,0.0,0.0,0.0,0.0,,,0.0,0.0,,,,,,,,,,,,,,,,,,,,,,,,,,,,,,,,,,,,,,,,,,,,,,,,,,
2024,fevv2401,VV,Vienna Vikings,H,FE,Fehervar Enthroners,97,L. Orlovicius,L. Orlovicius,L. Orlovicius,1,0,,,,,,,,,,,,,,,,,,,,,,,,,,,,,,,,,2.0,3.0,5.0,0.0,0.0,0.0,0.0,0.0,0.0,0.0,,0.0,0.0,,,0.0,0.0,0.0,0.0,,,0.0,0.0,,,,,,,,,,,,,,,,,,,,,,,,,,,,,,,,,,,,,,,,,,,,,,,,,,
2024,fevv2401,VV,Vienna Vikings,H,FE,Fehervar Enthroners,98,P. Trembulyák,P. Trembulyák,P. Trembulyák,1,0,,,,,,,,,,,,,,,,,,,,,,,,,,,,,,,,,2.0,1.0,3.0,0.0,0.0,0.0,0.0,0.0,0.0,0.0,,0.0,0.0,,,0.0,0.0,0.0,0.0,,,0.0,0.0,,,,,,,,,,,,,,,,,,,,,,,,,,,,,,,,,,,,,,,,,,,,,,,,,,
2024,hgbd2401,BD,Barcelona Dragons,A,HM,Helvetic Mercenaries,0,E. Gracia Zapata,E. Gracia Zapata,E. Gracia Zapata,1,0,,,,,,,,,,,,,,,,,,,,,,,,,,,,,,,,,3.0,1.0,4.0,0.0,0.0,0.0,0.0,0.0,0.0,0.0,,0.0,0.0,,,0.0,0.0,0.0,0.0,,,0.0,0.0,,,,,,,,,,,,,,,,,,,,,,,,,,,,,,,,,,,,3.0,22.0,0.0,16.0,,,,,,,,,,,
2024,hgbd2401,BD,Barcelona Dragons,A,HM,Helvetic Mercenaries,1,L. Lewis,L. Lewis,L. Lewis,1,0,,23.0,36.0,0.64,181.0,2.0,0.0,44.0,5.03,7.87,124.46,0.0,0.0,0.0,5.03,6.14,10.0,6.0,43.0,37.0,1.0,9.0,0.6,,,,,,,,,,,,,,,,,,,,,,,,,,,,,,,,,,,,,,,,,,,,,,,,,,,,,,,,,,,,,,,,,,,,,,,,,,,,,,,,,,
2024,hgbd2401,BD,Barcelona Dragons,A,HM,Helvetic Mercenaries,10,C. Brugnani,C. Brugnani,C. Brugnani,1,0,,,,,,,,,,,,,,,,,,,,,,,,,,,,,,,,,3.0,2.0,5.0,1.0,1.0,1.5,7.0,0.0,0.0,0.0,,0.0,0.0,,,0.0,0.0,0.0,0.0,,,0.0,0.0,,,,,,,,,,,,,,,,,,,,,,,,,,,,,,,,,,,,,,,,,,,,,,,,,,
2024,hgbd2401,BD,Barcelona Dragons,A,HM,Helvetic Mercenaries,11,C. Take Hamza,C. Take Hamza,C. Take Hamza,1,0,,,,,,,,,,,,,,,,,2.0,2.0,2.0,0.0,0.0,2.0,1.0,,,,,,,,,,1.0,0.0,1.0,0.0,0.0,0.0,0.0,0.0,0.0,0.0,,0.0,0.0,,,0.0,0.0,0.0,0.0,,,0.0,0.0,,,,,,,,,,,,,,,,,,,,,,,,,,,,,,,,,,,,,,,,,,,,,,,,,,
2024,hgbd2401,BD,Barcelona Dragons,A,HM,Helvetic Mercenaries,14,B. Colomé Carbonell,B. Colomé Carbonell,B. Colomé Carbonell,1,0,,,,,,,,,,,,,,,,,,,,,,,,,,,,,,,,,2.0,0.0,2.0,0.0,0.0,0.0,0.0,0.0,0.0,0.0,,0.0,0.0,,,0.0,0.0,0.0,0.0,,,0.0,0.0,,,,,,,,,,,,,,,,,,,,,,,,,,,,,,,,,,,,,,,,,,,,,,,,,,
2024,hgbd2401,BD,Barcelona Dragons,A,HM,Helvetic Mercenaries,18,S. McCluskey,S. McCluskey,S. McCluskey,1,0,,,,,,,,,,,,,,,,,,,,,,,,0.0,5.0,22.0,4.4,0.0,7.0,,,,,,,,,,,,,,,,,,,,,,,,,,,,,,,,,,,,,,,,,,,,,,,,,,,,,,,,,,,,,,,,,,,,,,,,,,,,
2024,hgbd2401,BD,Barcelona Dragons,A,HM,Helvetic Mercenaries,2,D. Shelton,D. Shelton,D. Shelton,1,0,,,,,,,,,,,,,,,,,,,,,,,,,,,,,,,,,1.0,0.0,1.0,0.0,0.0,0.0,0.0,0.0,0.0,0.0,,0.0,0.0,0.0,45.0,0.0,0.0,0.0,0.0,,,0.0,0.0,,,,,,,,,,,,,,,,,,,,,,,,,,,,,,,,,,,,,,,,,,,,,,,,,,
2024,hgbd2401,BD,Barcelona Dragons,A,HM,Helvetic Mercenaries,20,K. Khalid Adisa,K. Khalid Adisa,K. Khalid Adisa,1,0,,,,,,,,,,,,,,,,,,,,,,,,,,,,,,,,,0.0,3.0,3.0,0.0,0.0,0.0,0.0,0.0,0.0,0.0,,0.0,0.0,,,0.0,0.0,0.0,0.0,,,0.0,0.0,,,,,,,,,,,,,,,,,,,,,,,,,,,,,,,,,,,,,,,,,,,,,,,,,,
2024,hgbd2401,BD,Barcelona Dragons,A,HM,Helvetic Mercenaries,21,A. Montón,A. Montón,A. Montón,1,0,,,,,,,,,,,,,,,,,13.0,26.0,35.0,9.0,0.0,11.0,2.0,0.0,1.0,2.0,2.0,0.0,2.0,,,,,,,,,,,,,,,,,,,,,,,,,,,,,,,,,,,,,,,,,,,,,,,,,,,,,,,,,,,,,,,,,,,,,,,,,,,,
2024,hgbd2401,BD,Barcelona Dragons,A,HM,Helvetic Mercenaries,22,L. Frecha,L. Frecha,L. Frecha,1,0,,,,,,,,,,,,,,,,,,,,,,,,,,,,,,,,,4.0,1.0,5.0,1.0,0.0,1.0,2.0,0.0,0.0,0.0,,0.0,0.0,,,0.0,0.0,0.0,0.0,,,0.0,0.0,,,,,,,,,,,,,,,,,,,,,,,,,,,,,,,,,,,,,,,,,,,,,,,,,,
2024,hgbd2401,BD,Barcelona Dragons,A,HM,Helvetic Mercenaries,3,I. Telijah Donadelle,I. Telijah Donadelle,I. Telijah Donadelle,1,0,,,,,,,,,,,,,,,,,2.0,9.0,9.0,0.0,0.0,6.0,4.5,0.0,8.0,71.0,8.875,0.0,28.0,,,,,,,,,,,,,,,,,,,,,,,,,,,,,,,,,,,,,,,,,,,,,,,,,,,,,,,,,,,,,,,,,,,4.0,110.0,0.0,38.0,,,,,,
2024,hgbd2401,BD,Barcelona Dragons,A,HM,Helvetic Mercenaries,4,A. Pacheco ,A. Pacheco ,A. Pacheco ,1,0,,,,,,,,,,,,,,,,,,,,,,,,0.0,2.0,46.0,23.0,0.0,44.0,,,,,,,,,,,,,,,,,,,,,,,,,,,,,,,,,,,,,,,,,,,,,,,,,,,,,,,,,,,,,,,,,,,,,,,,,,,,
2024,hgbd2401,BD,Barcelona Dragons,A,HM,Helvetic Mercenaries,40,D. Brumfield,D. Brumfield,D. Brumfield,1,0,,,,,,,,,,,,,,,,,,,,,,,,,,,,,,,,,1.0,2.0,3.0,0.0,1.0,0.5,2.0,0.0,0.0,0.0,,0.0,0.0,,,0.0,0.0,0.0,0.0,,,0.0,0.0,,,,,,,,,,,,,,,,,,,,,,,,,,,,,,,,,,,,,,,,,,,,,,,,,,
2024,hgbd2401,BD,Barcelona Dragons,A,HM,Helvetic Mercenaries,44,J. Jackson,J. Jackson,J. Jackson,1,0,,,,,,,,,,,,,,,,,,,,,,,,,,,,,,,,,4.0,0.0,4.0,3.0,0.0,3.0,13.0,0.0,0.0,0.0,,0.0,0.0,,,0.0,0.0,0.0,0.0,,,0.0,0.0,,,,,,,,,,,,,,,,,,,,,,,,,,,,,,,,,,,,,,,,,,,,,,,,,,
2024,hgbd2401,BD,Barcelona Dragons,A,HM,Helvetic Mercenaries,49,E. Figueroa,E. Figueroa,E. Figueroa,1,0,,,,,,,,,,,,,,,,,,,,,,,,,,,,,,,,,3.0,1.0,4.0,1.0,0.0,1.0,3.0,0.0,0.0,0.0,,0.0,0.0,,,0.0,0.0,0.0,0.0,,,0.0,0.0,,,,,,,,,,,,,,,,,,,,,,,,,,,,,,,,,,,,,,,,,,,,,,,,,,
2024,hgbd2401,BD,Barcelona Dragons,A,HM,Helvetic Mercenaries,53,J. Hernandez Jimenez,J. Hernandez Jimenez,J. Hernandez Jimenez,1,0,,,,,,,,,,,,,,,,,,,,,,,,,,,,,,,,,2.0,2.0,4.0,0.0,0.0,0.0,0.0,0.0,0.0,0.0,,0.0,0.0,,,0.0,0.0,0.0,0.0,,,0.0,0.0,,,,,,,,,,,,,,,,,,,,,,,,,,,,,,,,,,,,,,,,,,,,,,,,,,
2024,hgbd2401,BD,Barcelona Dragons,A,HM,Helvetic Mercenaries,55,J. Varela Borges  ,J. Varela Borges  ,J. Varela Borges  ,1,0,,,,,,,,,,,,,,,,,,,,,,,,,,,,,,,,,0.0,1.0,1.0,0.0,1.0,0.5,4.0,0.0,0.0,0.0,,0.0,0.0,,,0.0,0.0,0.0,0.0,,,0.0,0.0,,,,,,,,,,,,,,,,,,,,,,,,,,,,,,,,,,,,,,,,,,,,,,,,,,
2024,hgbd2401,BD,Barcelona Dragons,A,HM,Helvetic Mercenaries,6,L. Cereceda,L. Cereceda,L. Cereceda,1,0,,,,,,,,,,,,,,,,,,,,,,,,,,,,,,,,,,,,,,,,,,,,,,,,,,,,,,,,,,,,,,,,,,,0.0,116.0,0.0,0.0,0.0,,,,,,,,,,,,,,,,,,,,,,,,,,,,,,,,,,
2024,hgbd2401,BD,Barcelona Dragons,A,HM,Helvetic Mercenaries,7,S. Higgs,S. Higgs,S. Higgs,1,0,,,,,,,,,,,,,,,,,1.0,11.0,11.0,0.0,0.0,11.0,11.0,,,,,,,,,,,,,,,,,,,,,,,,,,,,,,,,,,,,,,,,,,,,,,,,,,,,,,,,,,,,,,,,,,,,,,,,,,,,,,,,,,
2024,hgbd2401,BD,Barcelona Dragons,A,HM,Helvetic Mercenaries,9,I. Iordanov Rodriguez,I. Iordanov Rodriguez,I. Iordanov Rodriguez,1,0,,,,,,,,,,,,,,,,,,,,,,,,0.0,7.0,40.0,5.714285714285714,2.0,12.0,,,,,,,,,,,,,,,,,,,,,,,,,,,,,,,,,,,,,,,,,,,,,,,,,,,,,,,,,,,,,,,,,,,,,,,,,,,,
2024,hgbd2401,BD,Barcelona Dragons,A,HM,Helvetic Mercenaries,95,M. Nunurai,M. Nunurai,M. Nunurai,1,0,,,,,,,,,,,,,,,,,,,,,,,,,,,,,,,,,4.0,0.0,4.0,1.0,0.0,1.0,5.0,0.0,0.0,0.0,,0.0,0.0,,,0.0,0.0,0.0,0.0,,,0.0,0.0,,,,,,,,,,,,,,,,,,,,,,,,,,,,,,,,,,,,,,,,,,,,,,,,,,
2024,hgbd2401,BD,Barcelona Dragons,A,HM,Helvetic Mercenaries,98,D. Franco,D. Franco,D. Franco,1,0,,,,,,,,,,,,,,,,,,,,,,,,,,,,,,,,,1.0,1.0,2.0,1.0,1.0,1.5,5.0,0.0,0.0,0.0,,0.0,0.0,,,0.0,0.0,0.0,0.0,,,0.0,0.0,,,,,,,,,,,,,,,,,,,,,,,,,,,,,,,,,,,,,,,,,,,,,,,,,,
2024,hgbd2401,BD,Barcelona Dragons,A,HM,Helvetic Mercenaries,99,M. Ka Thiobane,M. Ka Thiobane,M. Ka Thiobane,1,0,,,,,,,,,,,,,,,,,,,,,,,,,,,,,,,,,1.0,0.0,1.0,0.0,0.0,0.0,0.0,0.0,0.0,0.0,,0.0,0.0,,,0.0,0.0,0.0,0.0,,,0.0,0.0,,,,,,,,,,,,,,,,,,,,,,,,,,,,,,,,,,,,,,,,,,,,,,,,,,
2024,hgbd2401,BD,Barcelona Dragons,H,HM,Helvetic Mercenaries,0,I. Mbungu,I. Mbungu,I. Mbungu,1,0,,,,,,,,,,,,,,,,,,,,,,,,,,,,,,,,,1.0,0.0,1.0,0.0,0.0,0.0,0.0,0.0,0.0,0.0,,0.0,0.0,,,0.0,0.0,0.0,0.0,,,0.0,0.0,,,,,,,,,,,,,,,,,,,,,,,,,,,,,,,,,,,,4.0,75.0,0.0,43.0,,,,,,,,,,,
2024,hgbd2401,BD,Barcelona Dragons,H,HM,Helvetic Mercenaries,1,C. Aiken Jr.,C. Aiken Jr.,C. Aiken Jr.,1,0,,13.0,28.0,0.46,207.0,2.0,1.0,41.0,7.39,15.92,124.96,0.0,0.0,0.0,7.39,7.21,11.0,104.0,134.0,30.0,1.0,56.0,9.45,,,,,,,,,,1.0,0.0,1.0,0.0,0.0,0.0,0.0,0.0,0.0,0.0,,0.0,0.0,,,0.0,0.0,0.0,0.0,,,0.0,0.0,,,,,,,,,,,,,,,,,,,,,,,,,,,,,,,,,,,,,,,,,,,,,,,,,,
2024,hgbd2401,BD,Barcelona Dragons,H,HM,Helvetic Mercenaries,10,M. Spiller,M. Spiller,M. Spiller,1,0,,,,,,,,,,,,,,,,,,,,,,,,0.0,1.0,8.0,8.0,0.0,8.0,,,,,,,,,,,,,,,,,,,,,,,,,,,,,,,,,,,,,,,,,,,,,,,,,,,,,,,,,,,,,,,,,,,,,,,,,,,,
2024,hgbd2401,BD,Barcelona Dragons,H,HM,Helvetic Mercenaries,11,A. Brown,A. Brown,A. Brown,1,0,,,,,,,,,,,,,,,,,1.0,-2.0,0.0,2.0,0.0,-2.0,-2.0,0.0,9.0,197.0,21.88888888888889,2.0,41.0,,,,0.0,1.0,1.0,0.0,0.0,0.0,0.0,0.0,0.0,0.0,,0.0,0.0,,,0.0,0.0,0.0,0.0,,,0.0,0.0,,,,,,,,,,,,,,,,,,,,,,,,,,,,,,,,,,,,,,,,,1.0,16.0,0.0,16.0,,,,,,
2024,hgbd2401,BD,Barcelona Dragons,H,HM,Helvetic Mercenaries,12,A. Agnimel,A. Agnimel,A. Agnimel,1,0,,,,,,,,,,,,,,,,,,,,,,,,0.0,1.0,6.0,6.0,0.0,6.0,,,,,,,,,,,,,,,,,,,,,,,,,,,,,,,,,,,,,,,,,,,,,,,,,,,,,,,,,,,,,,,,,,,,,,,,,,,,
2024,hgbd2401,BD,Barcelona Dragons,H,HM,Helvetic Mercenaries,14,T. Schürmann,T. Schürmann,T. Schürmann,1,0,,,,,,,,,,,,,,,,,,,,,,,,,,,,,,,,,2.0,2.0,4.0,1.0,1.0,1.5,9.0,0.0,0.0,0.0,,0.0,0.0,,,0.0,0.0,0.0,0.0,,,0.0,0.0,,,,,,,,,,,,,,,,,,,,,,,,,,,,,,,,,,,,,,,,,,,,,,,,,,
2024,hgbd2401,BD,Barcelona Dragons,H,HM,Helvetic Mercenaries,17,N. Singer,N. Singer,N. Singer,1,0,,,,,,,,,,,,,,,,,,,,,,,,,,,,,,,,,1.0,0.0,1.0,0.0,0.0,0.0,0.0,0.0,0.0,0.0,,0.0,0.0,,,0.0,0.0,0.0,0.0,,,0.0,0.0,,,,,,,,,,,,,,,,,,,,,,,,,,,,,,,,,,,,,,,,,,,,,,,,,,
2024,hgbd2401,BD,Barcelona Dragons,H,HM,Helvetic Mercenaries,2,K. Hike Jr.,K. Hike Jr.,K. Hike Jr.,1,0,,,,,,,,,,,,,,,,,,,,,,,,,,,,,,,,,2.0,1.0,3.0,0.0,0.0,0.0,0.0,0.0,0.0,0.0,,0.0,0.0,,,0.0,0.0,0.0,0.0,,,0.0,0.0,,,,,,,,,,,,,,,,,,,,,,,,,,,,,,,,,,,,,,,,,1.0,8.0,0.0,8.0,,,,,,
2024,hgbd2401,BD,Barcelona Dragons,H,HM,Helvetic Mercenaries,21,F. Bruhin,F. Bruhin,F. Bruhin,1,0,,,,,,,,,,,,,,,,,,,,,,,,,,,,,,,,,0.0,4.0,4.0,0.0,0.0,0.0,0.0,0.0,0.0,0.0,,0.0,0.0,,,0.0,0.0,0.0,0.0,,,0.0,0.0,,,,,,,,,,,,,,,,,,,,,,,,,,,,,,,,,,,,,,,,,,,,,,,,,,
2024,hgbd2401,BD,Barcelona Dragons,H,HM,Helvetic Mercenaries,24,M. Nkule,M. Nkule,M. Nkule,1,0,,,,,,,,,,,,,,,,,7.0,20.0,20.0,0.0,0.0,5.0,2.86,,,,,,,,,,,,,,,,,,,,,,,,,,,,,,,,,,,,,,,,,,,,,,,,,,,,,,,,,,,,,,,,,,,,,,,,,,,,,,,,,,
2024,hgbd2401,BD,Barcelona Dragons,H,HM,Helvetic Mercenaries,26,S. Guarino,S. Guarino,S. Guarino,1,0,,,,,,,,,,,,,,,,,2.0,2.0,6.0,4.0,0.0,6.0,1.0,0.0,1.0,2.0,2.0,0.0,2.0,,,,,,,,,,,,,,,,,,,,,,,,,,,,,,,,,,,,,,,,,,,,,,,,,,,,,,,,,,,,,,,,,,,,,,,,,,,,
2024,hgbd2401,BD,Barcelona Dragons,H,HM,Helvetic Mercenaries,35,F. Ziegler ,F. Ziegler ,F. Ziegler ,1,0,,,,,,,,,,,,,,,,,,,,,,,,,,,,,,,,,2.0,3.0,5.0,0.0,0.0,0.0,0.0,0.0,0.0,0.0,,0.0,0.0,,,0.0,0.0,0.0,0.0,,,0.0,0.0,,,,,,,,,,,,,,,,,,,,,,,,,,,,,,,,,,,,,,,,,,,,,,,,,,
2024,hgbd2401,BD,Barcelona Dragons,H,HM,Helvetic Mercenaries,4,N. Streater,N. Streater,N. Streater,1,0,,,,,,,,,,,,,,,,,1.0,3.0,3.0,0.0,0.0,3.0,3.0,0.0,1.0,0.0,0.0,0.0,-3.0,,,,9.0,4.0,13.0,1.0,0.0,1.0,1.0,0.0,0.0,0.0,,0.0,0.0,,,0.0,0.0,0.0,0.0,,,0.0,0.0,,,,,,,,,,,,,,,,,,,,,,,,,,,,,,,,,,,,,,,,,2.0,49.0,0.0,30.0,,,,,,
2024,hgbd2401,BD,Barcelona Dragons,H,HM,Helvetic Mercenaries,46,J. Conus,J. Conus,J. Conus,1,0,,,,,,,,,,,,,,,,,,,,,,,,,,,,,,,,,1.0,0.0,1.0,0.0,0.0,0.0,0.0,0.0,0.0,0.0,,0.0,0.0,,,0.0,0.0,0.0,0.0,,,0.0,0.0,,,,,,,,,,,,,,,,,,,,,,,,,,,,,,,,,,,,,,,,,,,,,,,,,,
2024,hgbd2401,BD,Barcelona Dragons,H,HM,Helvetic Mercenaries,47,J. Falk,J. Falk,J. Falk,1,0,,,,,,,,,,,,,,,,,,,,,,,,,,,,,,,,,14.0,5.0,19.0,2.0,0.0,2.0,7.0,0.0,0.0,0.0,,0.0,0.0,,,0.0,0.0,0.0,0.0,,,0.0,0.0,,,,,,,,,,,,,,,,,,,,,,,,,,,,,,,,,,,,,,,,,,,,,,,,,,
2024,hgbd2401,BD,Barcelona Dragons,H,HM,Helvetic Mercenaries,5,A. Buri ,A. Buri ,A. Buri ,1,0,,,,,,,,,,,,,,,,,,,,,,,,,,,,,,,,,2.0,2.0,4.0,0.0,0.0,0.0,0.0,0.0,0.0,0.0,,0.0,0.0,,,0.0,0.0,0.0,0.0,,,0.0,0.0,,,,,,,,,,,,,,,,,,,,,,,,,,,,,,,,,,,,,,,,,,,,,,,,,,
2024,hgbd2401,BD,Barcelona Dragons,H,HM,Helvetic Mercenaries,6,C. van Ommeren,C. van Ommeren,C. van Ommeren,1,0,,,,,,,,,,,,,,,,,1.0,0.0,0.0,0.0,0.0,0.0,0.0,,,,,,,,,,1.0,1.0,2.0,0.0,0.0,0.0,0.0,0.0,0.0,0.0,,0.0,0.0,,,0.0,0.0,0.0,0.0,,,0.0,0.0,,,,,,,,,,,,,,,,,,,,,,,,,,,,,,,,,,,,,,,,,,,,,,,,,,
2024,hgbd2401,BD,Barcelona Dragons,H,HM,Helvetic Mercenaries,8,M. Kimpiabi,M. Kimpiabi,M. Kimpiabi,1,0,,,,,,,,,,,,,,,,,,,,,,,,,,,,,,,,,2.0,1.0,3.0,1.0,1.0,1.5,9.0,0.0,0.0,0.0,,0.0,0.0,,,0.0,0.0,0.0,0.0,,,0.0,0.0,,,,,,,,,,,,,,,,,,,,,,,,,,,,,,,,,,,,,,,,,,,,,,,,,,
2024,hgbd2401,BD,Barcelona Dragons,H,HM,Helvetic Mercenaries,9,N. Jonkmans,N. Jonkmans,N. Jonkmans,1,0,,,,,,,,,,,,,,,,,,,,,,,,,,,,,,,,,2.0,0.0,2.0,0.0,0.0,0.0,0.0,0.0,0.0,0.0,,0.0,0.0,,,0.0,0.0,0.0,0.0,,,0.0,0.0,,,,,,,,,,,,0.0,214.0,0.0,0.0,0.0,,,,,,,,,,,,,,,,,,,,,,,,,,,,,,,,,,
2024,hgbd2401,BD,Barcelona Dragons,H,HM,Helvetic Mercenaries,95,P. Majo,P. Majo,P. Majo,1,0,,,,,,,,,,,,,,,,,,,,,,,,,,,,,,,,,1.0,1.0,2.0,1.0,0.0,1.0,15.0,0.0,0.0,0.0,,0.0,0.0,,,0.0,0.0,0.0,0.0,,,0.0,0.0,,,,,,,,,,,,,,,,,,,,,,,,,,,,,,,,,,,,,,,,,,,,,,,,,,
2024,hgbd2401,BD,Barcelona Dragons,H,HM,Helvetic Mercenaries,96,T. Hänni,T. Hänni,T. Hänni,1,0,,,,,,,,,,,,,,,,,,,,,,,,,,,,,,,,,1.0,1.0,2.0,1.0,0.0,1.0,1.0,0.0,0.0,0.0,,0.0,0.0,,,0.0,0.0,0.0,0.0,,,0.0,0.0,,,,,,,,,,,,,,,,,,,,,,,,,,,,,,,,,,,,,,,,,,,,,,,,,,
2024,hgbd2401,BD,Barcelona Dragons,H,HM,Helvetic Mercenaries,99,M. Panic,M. Panic,M. Panic,1,0,,,,,,,,,,,,,,,,,,,,,,,,,,,,,,,,,1.0,0.0,1.0,0.0,0.0,0.0,0.0,0.0,0.0,0.0,,0.0,0.0,,,0.0,0.0,0.0,0.0,,,0.0,0.0,,,,,,,,,,,,,,,,,,,,,,,,,,,,,,,,,,,,,,,,,,,,,,,,,,
2024,msrt2401,RT,Raiders Tirol,A,MS,Milano Seamen,1,R. Seeber,R. Seeber,R. Seeber,1,0,,,,,,,,,,,,,,,,,,,,,,,,,,,,,,,,,3.0,0.0,3.0,0.0,0.0,0.0,0.0,0.0,0.0,0.0,,0.0,0.0,,,0.0,0.0,0.0,0.0,,,0.0,0.0,,,,,,,,,,,,,,,,,,,,,,,,,,,,,,,,,,,,,,,,,,,,,,,,,,
2024,msrt2401,RT,Raiders Tirol,A,MS,Milano Seamen,10,P. Haun,P. Haun,P. Haun,1,0,,,,,,,,,,,,,,,,,,,,,,,,0.0,3.0,17.0,5.666666666666667,1.0,9.0,,,,1.0,0.0,1.0,0.0,0.0,0.0,0.0,0.0,0.0,0.0,,0.0,0.0,,,0.0,0.0,0.0,0.0,,,0.0,0.0,,,,,,,,,,,,,,,,,,,,,,,,,,,,,,,,,,,,,,,,,,,,,,,,,,
2024,msrt2401,RT,Raiders Tirol,A,MS,Milano Seamen,12,D. Fullford,D. Fullford,D. Fullford,1,0,,16.0,32.0,0.5,196.0,2.0,1.0,31.0,6.12,12.25,115.82,0.0,0.0,0.0,6.12,5.97,6.0,16.0,22.0,6.0,0.0,8.0,2.67,,,,,,,,,,,,,,,,,,,,,,,,,,,,,,,,,,,,,,,,,,,,,,,,,,,,,,,,,,,,,,,,,,,,,,,,,,,,,,,,,,
2024,msrt2401,RT,Raiders Tirol,A,MS,Milano Seamen,14,J. Mensah,J. Mensah,J. Mensah,1,0,,,,,,,,,,,,,,,,,,,,,,,,,,,,,,,,,2.0,0.0,2.0,0.0,0.0,0.0,0.0,0.0,0.0,0.0,,0.0,0.0,0.0,26.0,0.0,0.0,0.0,0.0,,,0.0,0.0,,,,,,,,,,,,,,,,,,,,,,,,,,,,,,,,,,,,,,,,,,,,,,,,,,
2024,msrt2401,RT,Raiders Tirol,A,MS,Milano Seamen,16,D. Leader,D. Leader,D. Leader,1,0,,,,,,,,,,,,,,,,,,,,,,,,,,,,,,,,,,,,,,,,,,,,,,,,,,,,,,,,,,,,,,,,,,,5.0,397.0,0.0,5.0,0.0,79.4,,,,,,,,,,,,,,,,,,,,,,,,,,,,,,,,,
2024,msrt2401,RT,Raiders Tirol,A,MS,Milano Seamen,19,J. Gacek,J. Gacek,J. Gacek,1,0,,,,,,,,,,,,,,,,,,,,,,,,,,,,,,,,,2.0,1.0,3.0,0.0,0.0,0.0,0.0,0.0,0.0,0.0,,0.0,0.0,,,0.0,0.0,0.0,0.0,,,0.0,0.0,,,,,,,,,,,,,,,,,,,,,,,,,,,,,,,,,,,,,,,,,,,,,,,,,,
2024,msrt2401,RT,Raiders Tirol,A,MS,Milano Seamen,20,P. Pilger,P. Pilger,P. Pilger,1,0,,,,,,,,,,,,,,,,,,,,,,,,,,,,,,,,,1.0,0.0,1.0,0.0,0.0,0.0,0.0,0.0,0.0,0.0,,0.0,0.0,,,0.0,0.0,0.0,0.0,,,0.0,0.0,,,,,,,,,,,,,,,,,,,,,,,,,,,,,,,,,,,,,,,,,,,,,,,,,,
2024,msrt2401,RT,Raiders Tirol,A,MS,Milano Seamen,22,P. Timmermann,P. Timmermann,P. Timmermann,1,0,,,,,,,,,,,,,,,,,,,,,,,,,,,,,,,,,1.0,0.0,1.0,0.0,0.0,0.0,0.0,0.0,0.0,0.0,,0.0,0.0,,,0.0,0.0,0.0,0.0,,,0.0,0.0,,,,,,,,,,,,,,,,,,,,,,,,,,,,,,,,,,,,,,,,,,,,,,,,,,
2024,msrt2401,RT,Raiders Tirol,A,MS,Milano Seamen,23,V. Müller,V. Müller,V. Müller,1,0,,,,,,,,,,,,,,,,,,,,,,,,,,,,,,,,,2.0,0.0,2.0,0.0,0.0,0.0,0.0,0.0,0.0,0.0,,0.0,0.0,,,0.0,0.0,0.0,0.0,,,0.0,0.0,,,,,,,,,,,,,,,,,,,,,,,,,,,,,,,,,,,,,,,,,,,,,,,,,,
2024,msrt2401,RT,Raiders Tirol,A,MS,Milano Seamen,24,L. Haslwanter,L. Haslwanter,L. Haslwanter,1,0,,,,,,,,,,,,,,,,,12.0,39.0,41.0,2.0,1.0,7.0,3.25,0.0,1.0,6.0,6.0,0.0,6.0,,,,,,,,,,,,,,,,,,,,,,,,,,,,,,,,,,,,,,,,,,,,,,,,,,,,,,,,,,,,,,,,,,,,,,,,,,,,
2024,msrt2401,RT,Raiders Tirol,A,MS,Milano Seamen,25,T. Bonatti,T. Bonatti,T. Bonatti,1,0,,,,,,,,,,,,,,,,,15.0,53.0,58.0,5.0,0.0,16.0,3.53,0.0,2.0,0.0,0.0,0.0,0.0,,,,,,,,,,,,,,,,,,,,,,,,,,,,,,,,,,,,,,,,,,,,,,,,,,,,,,,,,,,,,,,,,,,,,,,,,,,,
2024,msrt2401,RT,Raiders Tirol,A,MS,Milano Seamen,28,C. Griner,C. Griner,C. Griner,1,0,,,,,,,,,,,,,,,,,,,,,,,,,,,,,,,,,1.0,0.0,1.0,0.0,0.0,0.0,0.0,0.0,0.0,0.0,,0.0,0.0,0.0,29.0,0.0,0.0,0.0,0.0,,,0.0,0.0,,,,,,,,,,,,,,,,,,,,,,,,,,,,,,,,,,,,,,,,,,,,,,,,,,
2024,msrt2401,RT,Raiders Tirol,A,MS,Milano Seamen,3,J. Mayerhofer,J. Mayerhofer,J. Mayerhofer,1,0,,,,,,,,,,,,,,,,,,,,,,,,,,,,,,,,,0.0,0.0,0.0,0.0,0.0,0.0,0.0,0.0,0.0,0.0,,0.0,0.0,,,0.0,0.0,0.0,0.0,,,0.0,0.0,,,,,,,,,,,,,,,,,,,,,,,,,,,,,,,,,,,,,,,,,,,,,,,,,,
2024,msrt2401,RT,Raiders Tirol,A,MS,Milano Seamen,4,M. Schneider,M. Schneider,M. Schneider,1,0,,,,,,,,,,,,,,,,,,,,,,,,0.0,1.0,33.0,33.0,1.0,33.0,,,,,,,,,,,,,,,,,,,,,,,,,,,,,,,,,,,,,,,,,,,,,,,,,,,,,,,,,,,,,,,,,,,,,,,,,,,,
2024,msrt2401,RT,Raiders Tirol,A,MS,Milano Seamen,43,O. Ogbevoen,O. Ogbevoen,O. Ogbevoen,1,0,,,,,,,,,,,,,,,,,,,,,,,,,,,,,,,,,1.0,0.0,1.0,1.0,0.0,1.0,2.0,0.0,0.0,0.0,,0.0,0.0,,,0.0,0.0,0.0,0.0,,,0.0,0.0,,,,,,,,,,,,,,,,,,,,,,,,,,,,,,,,,,,,,,,,,,,,,,,,,,
2024,msrt2401,RT,Raiders Tirol,A,MS,Milano Seamen,5,F. Reitter,F. Reitter,F. Reitter,1,0,,,,,,,,,,,,,,,,,,,,,,,,0.0,1.0,24.0,24.0,0.0,24.0,,,,,,,,,,,,,,,,,,,,,,,,,,,,,,,,,,,,,,,,,,,,,,,,,,,,,,,,,,,,,,,,,,,,,,,,,,,,
2024,msrt2401,RT,Raiders Tirol,A,MS,Milano Seamen,6,A. Platzgummer,A. Platzgummer,A. Platzgummer,1,0,,1.0,1.0,1.0,33.0,1.0,0.0,33.0,33.0,33.0,707.2,0.0,0.0,0.0,33.0,53.0,,,,,,,,0.0,4.0,62.0,15.5,0.0,24.0,,,,,,,,,,,,,,,,,,,,,,,,,,,,,,,,,,,,,,,,,,,,,,,,,,,,,,,,,,,,,,,,,,,,,,,,,,,,
2024,msrt2401,RT,Raiders Tirol,A,MS,Milano Seamen,7,D. Taylor,D. Taylor,D. Taylor,1,0,,,,,,,,,,,,,,,,,,,,,,,,,,,,,,,,,5.0,0.0,5.0,0.0,0.0,0.0,0.0,0.0,0.0,0.0,,0.0,0.0,,,0.0,0.0,0.0,0.0,,,0.0,0.0,,,,,,,,,,,,,,,,,,,,,,,,,,,,,,,,,,,,,,,,,,,,,,,,,,
2024,msrt2401,RT,Raiders Tirol,A,MS,Milano Seamen,8,D. Chafin,D. Chafin,D. Chafin,1,0,,,,,,,,,,,,,,,,,,,,,,,,0.0,4.0,78.0,19.5,1.0,31.0,,,,1.0,0.0,1.0,0.0,0.0,0.0,0.0,0.0,0.0,0.0,,0.0,0.0,,,0.0,0.0,0.0,0.0,,,0.0,0.0,,,,,,,,,,,,,,,,,,,,,,,,,,,,,,,,,,,,,,,,,1.0,38.0,0.0,38.0,,,,,,
2024,msrt2401,RT,Raiders Tirol,A,MS,Milano Seamen,87,R. Weber,R. Weber,R. Weber,1,0,,,,,,,,,,,,,,,,,,,,,,,,0.0,1.0,12.0,12.0,0.0,12.0,,,,,,,,,,,,,,,,,,,,,,,,,,,,,,,,,,,,,,,,,,,,,,,,,,,,,,,,,,,,,,,,,,,,,,,,,,,,
2024,msrt2401,RT,Raiders Tirol,A,MS,Milano Seamen,9,R. Lachmann,R. Lachmann,R. Lachmann,1,0,,,,,,,,,,,,,,,,,,,,,,,,,,,,,,,,,3.0,0.0,3.0,2.0,0.0,2.0,4.0,0.0,0.0,0.0,,0.0,0.0,,,0.0,0.0,0.0,0.0,,,0.0,0.0,,,,,,,,,,,,,,,,,,,,,,,,,,,,,,,,,,,,,,,,,,,,,,,,,,
2024,msrt2401,RT,Raiders Tirol,A,MS,Milano Seamen,91,S. Aronokhale,S. Aronokhale,S. Aronokhale,1,0,,,,,,,,,,,,,,,,,,,,,,,,,,,,,,,,,0.0,2.0,2.0,0.0,0.0,0.0,0.0,0.0,0.0,0.0,,0.0,0.0,0.0,11.0,0.0,0.0,0.0,0.0,,,0.0,0.0,,,,,,,,,,,,,,,,,,,,,,,,,,,,,,,,,,,,,,,,,,,,,,,,,,
2024,msrt2401,RT,Raiders Tirol,A,MS,Milano Seamen,94,B. Grube,B. Grube,B. Grube,1,0,,,,,,,,,,,,,,,,,,,,,,,,,,,,,,,,,2.0,1.0,3.0,1.0,0.0,1.0,9.0,0.0,0.0,0.0,,0.0,0.0,,,0.0,0.0,0.0,0.0,,,0.0,0.0,,,,,,,,,,,,,,,,,,,,,,,,,,,,,,,,,,,,,,,,,,,,,,,,,,
2024,msrt2401,RT,Raiders Tirol,H,MS,Milano Seamen,0,M. De Falcis,M. De Falcis,M. De Falcis,1,0,,,,,,,,,,,,,,,,,,,,,,,,,,,,,,,,,4.0,0.0,4.0,1.0,0.0,1.0,3.0,0.0,0.0,0.0,,0.0,0.0,,,0.0,0.0,0.0,0.0,,,0.0,0.0,,,,,,,,,,,,,,,,,,,,,,,,,,,,,,,,,,,,,,,,,,,,,,,,,,
2024,msrt2401,RT,Raiders Tirol,H,MS,Milano Seamen,1,P. Carr,P. Carr,P. Carr,1,0,,,,,,,,,,,,,,,,,8.0,19.0,23.0,4.0,0.0,11.0,2.38,0.0,1.0,12.0,12.0,0.0,12.0,,,,1.0,1.0,2.0,0.0,0.0,0.0,0.0,0.0,0.0,0.0,,0.0,0.0,,,0.0,0.0,0.0,0.0,,,0.0,0.0,,,,,,,,,,,,,,,,,,,,,,,,,,,,,,,,,,,,,,,,,,,,,,,,,,
2024,msrt2401,RT,Raiders Tirol,H,MS,Milano Seamen,13,S. Boni,S. Boni,S. Boni,1,0,,,,,,,,,,,,,,,,,,,,,,,,0.0,1.0,9.0,9.0,0.0,9.0,,,,,,,,,,,,,,,,,,,,,,,,,,,,,,,,,,,,,,,,,,,,,,,,,,,,,,,,,,,,,,,,,,,,,,,,,,,,
2024,msrt2401,RT,Raiders Tirol,H,MS,Milano Seamen,19,G. Santagostino,G. Santagostino,G. Santagostino,1,0,,,,,,,,,,,,,,,,,,,,,,,,0.0,1.0,28.0,28.0,0.0,28.0,,,,,,,,,,,,,,,,,,,,,,,,,,,,,,,,,,,,,,,,,,,,,,,,,,,,,,,,,,,,,,,,,,,,,,,,,,,,
2024,msrt2401,RT,Raiders Tirol,H,MS,Milano Seamen,2,M. Manning,M. Manning,M. Manning,1,0,,,,,,,,,,,,,,,,,,,,,,,,,,,,,,,,,3.0,4.0,7.0,0.0,0.0,0.0,0.0,0.0,0.0,0.0,,0.0,0.0,,,0.0,0.0,0.0,0.0,,,0.0,0.0,,,,,,,,,,,,,,,,,,,,,,,,,,,,,,,,,,,,,,,,,,,,,,,,,,
2024,msrt2401,RT,Raiders Tirol,H,MS,Milano Seamen,20,F. Maffi,F. Maffi,F. Maffi,1,0,,,,,,,,,,,,,,,,,,,,,,,,,,,,,,,,,1.0,1.0,2.0,0.0,0.0,0.0,0.0,0.0,0.0,0.0,,0.0,0.0,,,0.0,0.0,0.0,0.0,,,0.0,0.0,,,,,,,,,,,,,,,,,,,,,,,,,,,,,,,,,,,,,,,,,,,,,,,,,,
2024,msrt2401,RT,Raiders Tirol,H,MS,Milano Seamen,22,A. Fantin,A. Fantin,A. Fantin,1,0,,,,,,,,,,,,,,,,,,,,,,,,,,,,,,,,,1.0,1.0,2.0,0.0,0.0,0.0,0.0,0.0,0.0,0.0,,0.0,0.0,,,0.0,0.0,0.0,0.0,,,0.0,0.0,,,,,,,,,,,,,,,,,,,,,,,,,,,,,,,,,,,,,,,,,,,,,,,,,,
2024,msrt2401,RT,Raiders Tirol,H,MS,Milano Seamen,24,S. Bomiya Emenge,S. Bomiya Emenge,S. Bomiya Emenge,1,0,,,,,,,,,,,,,,,,,,,,,,,,,,,,,,,,,0.0,1.0,1.0,0.0,0.0,0.0,0.0,0.0,0.0,0.0,,0.0,0.0,,,0.0,0.0,0.0,0.0,,,0.0,0.0,,,,,,,,,,,,,,,,,,,,,,,,,,,,,,,,,,,,,,,,,,,,,,,,,,
2024,msrt2401,RT,Raiders Tirol,H,MS,Milano Seamen,25,R. Lonzar,R. Lonzar,R. Lonzar,1,0,,,,,,,,,,,,,,,,,,,,,,,,,,,,,,,,,1.0,1.0,2.0,0.0,0.0,0.0,0.0,0.0,0.0,0.0,,0.0,0.0,,,0.0,0.0,0.0,0.0,,,0.0,0.0,,,,,,,,,,,,,,,,,,,,,,,,,,,,,,,,,,,,,,,,,,,,,,,,,,
2024,msrt2401,RT,Raiders Tirol,H,MS,Milano Seamen,29,A. Pulpito,A. Pulpito,A. Pulpito,1,0,,,,,,,,,,,,,,,,,,,,,,,,,,,,,,,,,1.0,3.0,4.0,0.0,1.0,0.5,2.0,0.0,0.0,0.0,,0.0,0.0,,,0.0,0.0,0.0,0.0,,,0.0,0.0,,,,,,,,,,,,,,,,,,,,,,,,,,,,,,,,,,,,,,,,,,,,,,,,,,
2024,msrt2401,RT,Raiders Tirol,H,MS,Milano Seamen,4,M. Pooda,M. Pooda,M. Pooda,1,0,,,,,,,,,,,,,,,,,4.0,0.0,2.0,2.0,0.0,2.0,0.0,,,,,,,,,,1.0,0.0,1.0,0.0,0.0,0.0,0.0,0.0,0.0,0.0,,0.0,0.0,,,0.0,0.0,0.0,0.0,,,0.0,0.0,,,,,,,,,,,,,,,,,,,,,,,,,,,,,,,,,,,,,,,,,2.0,30.0,0.0,16.0,,,,,,
2024,msrt2401,RT,Raiders Tirol,H,MS,Milano Seamen,42,Z. Blair,Z. Blair,Z. Blair,1,0,,,,,,,,,,,,,,,,,,,,,,,,,,,,,,,,,7.0,3.0,10.0,2.0,1.0,2.5,14.0,0.0,0.0,0.0,,0.0,0.0,,,0.0,0.0,0.0,0.0,,,0.0,0.0,,,,,,,,,,,,,,,,,,,,,,,,,,,,,,,,,,,,,,,,,,,,,,,,,,
2024,msrt2401,RT,Raiders Tirol,H,MS,Milano Seamen,44,T. Calbucci,T. Calbucci,T. Calbucci,1,0,,,,,,,,,,,,,,,,,,,,,,,,,,,,,,,,,0.0,1.0,1.0,0.0,0.0,0.0,0.0,0.0,0.0,0.0,,0.0,0.0,,,0.0,0.0,0.0,0.0,,,0.0,0.0,,,,,,,,,,,,,,,,,,,,,,,,,,,,,,,,,,,,,,,,,,,,,,,,,,
2024,msrt2401,RT,Raiders Tirol,H,MS,Milano Seamen,5,E. Gallo,E. Gallo,E. Gallo,1,0,,,,,,,,,,,,,,,,,,,,,,,,,,,,,,,,,0.0,1.0,1.0,0.0,0.0,0.0,0.0,0.0,0.0,0.0,,0.0,0.0,,,0.0,0.0,0.0,0.0,,,0.0,0.0,,,,,,,,,,,,,,,,,,,,,,,,,,,,,,,,,,,,,,,,,,,,,,,,,,
2024,msrt2401,RT,Raiders Tirol,H,MS,Milano Seamen,56,M. Abera Jote,M. Abera Jote,M. Abera Jote,1,0,,,,,,,,,,,,,,,,,,,,,,,,,,,,,,,,,1.0,0.0,1.0,0.0,0.0,0.0,0.0,0.0,0.0,0.0,,0.0,0.0,,,0.0,0.0,0.0,0.0,,,0.0,0.0,,,,,,,,,,,,,,,,,,,,,,,,,,,,,,,,,,,,,,,,,,,,,,,,,,
2024,msrt2401,RT,Raiders Tirol,H,MS,Milano Seamen,6,K. Khay,K. Khay,K. Khay,1,0,,,,,,,,,,,,,,,,,,,,,,,,,,,,,,,,,4.0,2.0,6.0,2.0,1.0,2.5,5.0,0.0,0.0,0.0,,0.0,0.0,,,0.0,0.0,0.0,0.0,,,0.0,0.0,,,,,,,,,,,,,,,,,,,,,,,,,,,,,,,,,,,,,,,,,,,,,,,,,,
2024,msrt2401,RT,Raiders Tirol,H,MS,Milano Seamen,7,G. Tavecchio,G. Tavecchio,G. Tavecchio,1,0,,,,,,,,,,,,,,,,,,,,,,,,,,,,,,,,,1.0,0.0,1.0,0.0,0.0,0.0,0.0,0.0,0.0,0.0,,0.0,0.0,,,0.0,0.0,0.0,0.0,,,0.0,0.0,,,,,,,,,,,,0.0,94.0,0.0,0.0,0.0,,,,,,,,,,,,,,,,,,,,,,,,,,,,,,,,,,
2024,msrt2401,RT,Raiders Tirol,H,MS,Milano Seamen,71,R. Lira,R. Lira,R. Lira,1,0,,,,,,,,,,,,,,,,,1.0,-3.0,0.0,3.0,0.0,-3.0,-3.0,,,,,,,,,,1.0,0.0,1.0,0.0,0.0,0.0,0.0,0.0,0.0,0.0,,0.0,0.0,,,0.0,0.0,0.0,0.0,,,0.0,0.0,,,,,,,,,,,,,,,,,,,,,,,,,,,,,,,,,,,,,,,,,,,,,,,,,,
2024,msrt2401,RT,Raiders Tirol,H,MS,Milano Seamen,8,Z. Bronkhorst,Z. Bronkhorst,Z. Bronkhorst,1,0,,7.0,22.0,0.32,64.0,0.0,3.0,28.0,2.91,9.14,28.98,0.0,0.0,0.0,2.91,-3.23,10.0,32.0,41.0,9.0,0.0,10.0,3.2,,,,,,,,,,0.0,1.0,1.0,0.0,0.0,0.0,0.0,0.0,0.0,0.0,,0.0,0.0,,,0.0,0.0,0.0,0.0,,,0.0,0.0,,,,,,,,,,,,,,,,,,,,,,,,,,,,,,,,,,,,,,,,,,,,,,,,,,
2024,msrt2401,RT,Raiders Tirol,H,MS,Milano Seamen,81,J. Flores-Calderon,J. Flores-Calderon,J. Flores-Calderon,1,0,,,,,,,,,,,,,,,,,,,,,,,,0.0,2.0,13.0,6.5,0.0,9.0,,,,,,,,,,,,,,,,,,,,,,,,,,,,,,,,,,,,,,,,,,,,,,,,,,,,,,,,,,,,,,,,,,,,,,,,,,,,
2024,msrt2401,RT,Raiders Tirol,H,MS,Milano Seamen,88,L. Franchi,L. Franchi,L. Franchi,1,0,,,,,,,,,,,,,,,,,,,,,,,,0.0,2.0,2.0,1.0,0.0,2.0,,,,1.0,0.0,1.0,0.0,0.0,0.0,0.0,0.0,0.0,0.0,,0.0,0.0,,,0.0,0.0,0.0,0.0,,,0.0,0.0,,,,,,,,,,,,,,,,,,,,,,,,,,,,,,,,,,,,,,,,,,,,,,,,,,
2024,msrt2401,RT,Raiders Tirol,H,MS,Milano Seamen,90,S. Perego,S. Perego,S. Perego,1,0,,,,,,,,,,,,,,,,,,,,,,,,,,,,,,,,,1.0,0.0,1.0,0.0,0.0,0.0,0.0,0.0,0.0,0.0,,0.0,0.0,,,0.0,0.0,0.0,0.0,,,0.0,0.0,,,,,,,,,,,,,,,,,,,,,,,,,,,,,,,,,,,,,,,,,,,,,,,,,,
2024,msrt2401,RT,Raiders Tirol,H,MS,Milano Seamen,93,S. Cavallini,S. Cavallini,S. Cavallini,1,0,,,,,,,,,,,,,,,,,,,,,,,,,,,,,,,,,3.0,0.0,3.0,2.0,0.0,2.0,4.0,0.0,0.0,0.0,,0.0,0.0,,,0.0,0.0,0.0,0.0,,,0.0,0.0,,,,,,,,,,,,,,,,,,,,,,,,,,,,,,,,,,,,,,,,,,,,,,,,,,
2024,msrt2401,RT,Raiders Tirol,H,MS,Milano Seamen,97,M. Taddia,M. Taddia,M. Taddia,1,0,,,,,,,,,,,,,,,,,,,,,,,,,,,,,,,,,2.0,1.0,3.0,0.0,1.0,0.5,2.0,0.0,0.0,0.0,,0.0,0.0,,,0.0,0.0,0.0,0.0,,,0.0,0.0,,,,,,,,,,,,,,,,,,,,,,,,,,,,,,,,,,,,,,,,,,,,,,,,,,
2024,msrt2401,RT,Raiders Tirol,H,MS,Milano Seamen,98,D. Giuliani Osawe,D. Giuliani Osawe,D. Giuliani Osawe,1,0,,,,,,,,,,,,,,,,,,,,,,,,,,,,,,,,,2.0,1.0,3.0,0.0,1.0,0.5,1.0,0.0,0.0,0.0,,0.0,0.0,,,0.0,0.0,0.0,0.0,,,0.0,0.0,,,,,,,,,,,,,,,,,,,,,,,,,,,,,,,,,,,,,,,,,,,,,,,,,,
2024,msrt2401,RT,Raiders Tirol,H,MS,Milano Seamen,99,F. Rivelli,F. Rivelli,F. Rivelli,1,0,,,,,,,,,,,,,,,,,,,,,,,,,,,,,,,,,2.0,0.0,2.0,0.0,0.0,0.0,0.0,0.0,0.0,0.0,,0.0,0.0,,,0.0,0.0,0.0,0.0,,,0.0,0.0,,,,,,,,,,,,,,,,,,,,,,,,,,,,,,,,,,,,,,,,,,,,,,,,,,
2024,plhd2401,HD,Hamburg Sea Devils,A,PL,Prague Lions,0,Z. Ugapo,Z. Ugapo,Z. Ugapo,1,0,,,,,,,,,,,,,,,,,,,,,,,,,,,,,,,,,2.0,1.0,3.0,2.0,1.0,2.5,9.0,0.0,0.0,0.0,,0.0,0.0,,,0.0,0.0,0.0,0.0,,,0.0,0.0,,,,,,,,,,,,,,,,,,,,,,,,,,,,,,,,,,,,2.0,28.0,0.0,30.0,,,,,,,,,,,
2024,plhd2401,HD,Hamburg Sea Devils,A,PL,Prague Lions,1,J. Smith,J. Smith,J. Smith,1,0,,19.0,31.0,0.61,291.0,3.0,0.0,99.0,9.39,15.32,172.08,0.0,0.0,0.0,9.39,11.32,3.0,15.0,25.0,10.0,0.0,25.0,5.0,,,,,,,,,,,,,,,,,,,,,,,,,,,,,,,,,,,,,,,,,,,,,,,,,,,,,,,,,,,,,,,,,,,,,,,,,,,,,,,,,,
2024,plhd2401,HD,Hamburg Sea Devils,A,PL,Prague Lions,12,C. Mills,C. Mills,C. Mills,1,0,,,,,,,,,,,,,,,,,,,,,,,,,,,,,,,,,5.0,4.0,9.0,0.0,0.0,0.0,0.0,0.0,0.0,0.0,,0.0,0.0,,,0.0,0.0,0.0,0.0,,,0.0,0.0,,,,,,,,,,,,,,,,,,,,,,,,,,,,,,,,,,,,,,,,,,,,,,,,,,
2024,plhd2401,HD,Hamburg Sea Devils,A,PL,Prague Lions,14,T. Landström,T. Landström,T. Landström,1,0,,,,,,,,,,,,,,,,,,,,,,,,0.0,8.0,98.0,12.25,2.0,30.0,,,,,,,,,,,,,,,,,,,,,,,,,,,,,,,,,,,,,,,,,,,,,,,,,,,,,,,,,,,,,,,,,,,,,,,,,,,,
2024,plhd2401,HD,Hamburg Sea Devils,A,PL,Prague Lions,2,J. McClam,J. McClam,J. McClam,1,0,,,,,,,,,,,,,,,,,,,,,,,,0.0,5.0,153.0,30.6,1.0,99.0,,,,,,,,,,,,,,,,,,,,,,,,,,,,,,,,,,,,,,,,,,,,,,,,,,,,,,,,,,,,,,,,,,,1.0,9.0,0.0,9.0,,,,,,
2024,plhd2401,HD,Hamburg Sea Devils,A,PL,Prague Lions,20,L. Meyer,L. Meyer,L. Meyer,1,0,,,,,,,,,,,,,,,,,,,,,,,,,,,,,,,,,0.0,2.0,2.0,0.0,0.0,0.0,0.0,0.0,0.0,0.0,,0.0,0.0,0.0,24.0,0.0,0.0,0.0,0.0,,,0.0,0.0,,,,,,,,,,,,,,,,,,,,,,,,,,,,,,,,,,,,,,,,,,,,,,,,,,
2024,plhd2401,HD,Hamburg Sea Devils,A,PL,Prague Lions,21,I. Ukachu,I. Ukachu,I. Ukachu,1,0,,,,,,,,,,,,,,,,,,,,,,,,,,,,,,,,,4.0,1.0,5.0,0.0,0.0,0.0,0.0,0.0,0.0,0.0,,0.0,0.0,,,0.0,0.0,0.0,0.0,,,0.0,0.0,,,,,,,,,,,,,,,,,,,,,,,,,,,,,,,,,,,,,,,,,,,,,,,,,,
2024,plhd2401,HD,Hamburg Sea Devils,A,PL,Prague Lions,22,L. Pitts,L. Pitts,L. Pitts,1,0,,,,,,,,,,,,,,,,,,,,,,,,,,,,,,,,,4.0,0.0,4.0,0.0,0.0,0.0,0.0,0.0,0.0,0.0,,0.0,0.0,,,0.0,0.0,0.0,0.0,,,0.0,0.0,,,,,,,,,,,,,,,,,,,,,,,,,,,,,,,,,,,,,,,,,,,,,,,,,,
2024,plhd2401,HD,Hamburg Sea Devils,A,PL,Prague Lions,23,L. Harting Candido,L. Harting Candido,L. Harting Candido,1,0,,,,,,,,,,,,,,,,,7.0,135.0,137.0,2.0,1.0,86.0,19.29,0.0,1.0,1.0,1.0,0.0,1.0,,,,,,,,,,,,,,,,,,,,,,,,,,,,,,,,,,,,,,,,,,,,,,,,,,,,,,,,,,,,,,,,,,,1.0,21.0,0.0,21.0,,,,,,
2024,plhd2401,HD,Hamburg Sea Devils,A,PL,Prague Lions,24,M. Alvarez Plata,M. Alvarez Plata,M. Alvarez Plata,1,0,,,,,,,,,,,,,,,,,,,,,,,,,,,,,,,,,5.0,6.0,11.0,1.0,0.0,1.0,2.0,0.0,0.0,0.0,,0.0,0.0,,,0.0,0.0,0.0,0.0,,,0.0,0.0,,,,,,,,,,,,,,,,,,,,,,,,,,,,,,,,,,,,,,,,,,,,,,,,,,
2024,plhd2401,HD,Hamburg Sea Devils,A,PL,Prague Lions,34,J. Ampaw,J. Ampaw,J. Ampaw,1,0,,,,,,,,,,,,,,,,,6.0,3.0,7.0,4.0,0.0,3.0,0.5,,,,,,,,,,1.0,0.0,1.0,1.0,0.0,1.0,7.0,0.0,0.0,0.0,,0.0,0.0,,,0.0,0.0,0.0,0.0,,,0.0,0.0,,,,,,,,,,,,,,,,,,,,,,,,,,,,,,,,,,,,,,,,,,,,,,,,,,
2024,plhd2401,HD,Hamburg Sea Devils,A,PL,Prague Lions,4,T. Naylor,T. Naylor,T. Naylor,1,0,,,,,,,,,,,,,,,,,,,,,,,,,,,,,,,,,3.0,2.0,5.0,0.0,0.0,0.0,0.0,0.0,0.0,0.0,,0.0,0.0,,,0.0,0.0,0.0,0.0,,,0.0,0.0,,,,,,,,,,,,,,,,,,,,,,,,,,,,,,,,,,,,,,,,,,,,,,,,,,
2024,plhd2401,HD,Hamburg Sea Devils,A,PL,Prague Lions,42,K. Binnemann,K. Binnemann,K. Binnemann,1,0,,,,,,,,,,,,,,,,,,,,,,,,,,,,,,,,,1.0,0.0,1.0,0.0,0.0,0.0,0.0,0.0,0.0,0.0,,0.0,0.0,,,0.0,0.0,0.0,0.0,,,0.0,0.0,,,,,,,,,,,,,,,,,,,,,,,,,,,,,,,,,,,,,,,,,,,,,,,,,,
2024,plhd2401,HD,Hamburg Sea Devils,A,PL,Prague Lions,44,J. Kruse,J. Kruse,J. Kruse,1,0,,,,,,,,,,,,,,,,,,,,,,,,0.0,1.0,4.0,4.0,0.0,4.0,,,,0.0,1.0,1.0,0.0,0.0,0.0,0.0,0.0,0.0,0.0,,0.0,0.0,,,0.0,0.0,0.0,0.0,,,0.0,0.0,,,,,,,,,,,,,,,,,,,,,,,,,,,,,,,,,,,,,,,,,,,,,,,,,,
2024,plhd2401,HD,Hamburg Sea Devils,A,PL,Prague Lions,45,J. Sarfo,J. Sarfo,J. Sarfo,1,0,,,,,,,,,,,,,,,,,,,,,,,,,,,,,,,,,4.0,3.0,7.0,1.0,2.0,2.0,7.0,0.0,0.0,0.0,,0.0,0.0,,,0.0,0.0,0.0,0.0,,,0.0,0.0,,,,,,,,,,,,,,,,,,,,,,,,,,,,,,,,,,,,,,,,,,,,,,,,,,
2024,plhd2401,HD,Hamburg Sea Devils,A,PL,Prague Lions,5,S. Homadi,S. Homadi,S. Homadi,1,0,,,,,,,,,,,,,,,,,7.0,19.0,23.0,4.0,0.0,11.0,2.71,0.0,1.0,11.0,11.0,0.0,11.0,,,,,,,,,,,,,,,,,,,,,,,,,,,,,,,,,,,,,,,,,,,,,,,,,,,,,,,,,,,,,,,,,,,,,,,,,,,,
2024,plhd2401,HD,Hamburg Sea Devils,A,PL,Prague Lions,6,L. Kusterer,L. Kusterer,L. Kusterer,1,0,,,,,,,,,,,,,,,,,,,,,,,,0.0,1.0,16.0,16.0,0.0,16.0,,,,1.0,1.0,2.0,0.0,0.0,0.0,0.0,0.0,0.0,0.0,,0.0,0.0,,,0.0,0.0,0.0,0.0,,,0.0,0.0,,,,,,,,,,,,,,,,,,,,,,,,,,,,,,,,,,,,,,,,,,,,,,,,,,
2024,plhd2401,HD,Hamburg Sea Devils,A,PL,Prague Lions,8,E. Schlomm,E. Schlomm,E. Schlomm,1,0,,,,,,,,,,,,,,,,,,,,,,,,,,,,,,,,,,,,,,,,,,,,,,,,,,,,,,,,,,,,,,,,,,,3.0,312.0,0.0,3.0,0.0,104.0,,,,,,,,,,,,,,,,,,,,,,,,,,,,,,,,,
2024,plhd2401,HD,Hamburg Sea Devils,A,PL,Prague Lions,84,M. Abimbola,M. Abimbola,M. Abimbola,1,0,,,,,,,,,,,,,,,,,,,,,,,,0.0,2.0,9.0,4.5,0.0,6.0,,,,,,,,,,,,,,,,,,,,,,,,,,,,,,,,,,,,,,,,,,,,,,,,,,,,,,,,,,,,,,,,,,,,,,,,,,,,
2024,plhd2401,HD,Hamburg Sea Devils,A,PL,Prague Lions,9,R. Merkel,R. Merkel,R. Merkel,1,0,,,,,,,,,,,,,,,,,,,,,,,,,,,,,,,,,2.0,2.0,4.0,1.0,0.0,1.0,5.0,0.0,0.0,0.0,,0.0,0.0,,,0.0,0.0,0.0,0.0,,,0.0,0.0,,,,,,,,,,,,,,,,,,,,,,,,,,,,,,,,,,,,,,,,,,,,,,,,,,
2024,plhd2401,HD,Hamburg Sea Devils,A,PL,Prague Lions,90,M. Raskopp,M. Raskopp,M. Raskopp,1,0,,,,,,,,,,,,,,,,,,,,,,,,,,,,,,,,,1.0,0.0,1.0,1.0,0.0,1.0,4.0,0.0,0.0,0.0,,0.0,0.0,,,0.0,0.0,0.0,0.0,,,0.0,0.0,,,,,,,,,,,,,,,,,,,,,,,,,,,,,,,,,,,,,,,,,,,,,,,,,,
2024,plhd2401,HD,Hamburg Sea Devils,A,PL,Prague Lions,91,N. Binnemann,N. Binnemann,N. Binnemann,1,0,,,,,,,,,,,,,,,,,,,,,,,,,,,,,,,,,2.0,0.0,2.0,0.0,0.0,0.0,0.0,0.0,0.0,0.0,,0.0,0.0,,,0.0,0.0,0.0,0.0,,,0.0,0.0,,,,,,,,,,,,,,,,,,,,,,,,,,,,,,,,,,,,,,,,,,,,,,,,,,
2024,plhd2401,HD,Hamburg Sea Devils,A,PL,Prague Lions,93,J. Köhnlein,J. Köhnlein,J. Köhnlein,1,0,,,,,,,,,,,,,,,,,,,,,,,,,,,,,,,,,0.0,1.0,1.0,0.0,0.0,0.0,0.0,0.0,0.0,0.0,,0.0,0.0,,,0.0,0.0,0.0,0.0,,,0.0,0.0,,,,,,,,,,,,,,,,,,,,,,,,,,,,,,,,,,,,,,,,,,,,,,,,,,
2024,plhd2401,HD,Hamburg Sea Devils,A,PL,Prague Lions,95,M. Keshinro,M. Keshinro,M. Keshinro,1,0,,,,,,,,,,,,,,,,,,,,,,,,,,,,,,,,,1.0,0.0,1.0,1.0,0.0,1.0,1.0,0.0,0.0,0.0,,0.0,0.0,,,0.0,0.0,0.0,0.0,,,0.0,0.0,,,,,,,,,,,,,,,,,,,,,,,,,,,,,,,,,,,,,,,,,,,,,,,,,,
2024,plhd2401,HD,Hamburg Sea Devils,A,PL,Prague Lions,97,C. Peters,C. Peters,C. Peters,1,0,,,,,,,,,,,,,,,,,,,,,,,,,,,,,,,,,1.0,0.0,1.0,0.0,0.0,0.0,0.0,0.0,0.0,0.0,,0.0,0.0,,,0.0,0.0,0.0,0.0,,,0.0,0.0,,,,,,,,,,,,,,,,,,,,,,,,,,,,,,,,,,,,,,,,,,,,,,,,,,
2024,plhd2401,HD,Hamburg Sea Devils,H,PL,Prague Lions,0,O. Obolela Vargas,O. Obolela Vargas,O. Obolela Vargas,1,0,,,,,,,,,,,,,,,,,,,,,,,,,,,,,,,,,4.0,2.0,6.0,1.0,0.0,1.0,2.0,0.0,0.0,0.0,,0.0,0.0,,,0.0,0.0,0.0,0.0,,,0.0,0.0,,,,,,,,,,,,,,,,,,,,,,,,,,,,,,,,,,,,3.0,29.0,0.0,17.0,,,,,,,,,,,
2024,plhd2401,HD,Hamburg Sea Devils,H,PL,Prague Lions,1,K. Lyles,K. Lyles,K. Lyles,1,0,,23.0,41.0,0.56,281.0,3.0,1.0,47.0,6.85,12.22,132.94,0.0,0.0,0.0,6.85,7.22,2.0,3.0,7.0,4.0,0.0,7.0,1.5,,,,,,,,,,,,,,,,,,,,,,,,,,,,,,,,,,,,,,,,,,,,,,,,,,,,,,,,,,,,,,,,,,,,,,,,,,,,,,,,,,
2024,plhd2401,HD,Hamburg Sea Devils,H,PL,Prague Lions,11,A. Žouželka,A. Žouželka,A. Žouželka,1,0,,,,,,,,,,,,,,,,,15.0,44.0,54.0,10.0,0.0,13.0,2.93,0.0,2.0,2.0,1.0,0.0,2.0,,,,,,,,,,,,,,,,,,,,,,,,,,,,,,,,,,,,,,,,,,,,,,,,,,,,,,,,,,,,,,,,,,,,,,,,,,,,
2024,plhd2401,HD,Hamburg Sea Devils,H,PL,Prague Lions,18,F. Kažmír,F. Kažmír,F. Kažmír,1,0,,,,,,,,,,,,,,,,,,,,,,,,0.0,3.0,26.0,8.666666666666666,1.0,11.0,,,,,,,,,,,,,,,,,,,,,,,,,,,,,,,,,,,,,,,,,,,,,,,,,,,,,,,,,,,,,,,,,,,,,,,,,,,,
2024,plhd2401,HD,Hamburg Sea Devils,H,PL,Prague Lions,19,J. Janota,J. Janota,J. Janota,1,0,,,,,,,,,,,,,,,,,,,,,,,,0.0,2.0,12.0,6.0,0.0,7.0,,,,,,,,,,,,,,,,,,,,,,,,,,,,,,,,,,,,,,,,,,,,,,,,,,,,,,,,,,,,,,,,,,,,,,,,,,,,
2024,plhd2401,HD,Hamburg Sea Devils,H,PL,Prague Lions,2,P. Lundström,P. Lundström,P. Lundström,1,0,,,,,,,,,,,,,,,,,,,,,,,,,,,,,,,,,1.0,2.0,3.0,0.0,0.0,0.0,0.0,0.0,0.0,0.0,,0.0,0.0,,,0.0,0.0,0.0,0.0,,,0.0,0.0,,,,,,,,,,,,,,,,,,,,,,,,,,,,,,,,,,,,,,,,,,,,,,,,,,
2024,plhd2401,HD,Hamburg Sea Devils,H,PL,Prague Lions,21,M. Zero,M. Zero,M. Zero,1,0,,,,,,,,,,,,,,,,,8.0,38.0,41.0,3.0,0.0,15.0,4.75,0.0,1.0,2.0,2.0,0.0,2.0,,,,,,,,,,,,,,,,,,,,,,,,,,,,,,,,,,,,,,,,,,,,,,,,,,,,,,,,,,,,,,,,,,,,,,,,,,,,
2024,plhd2401,HD,Hamburg Sea Devils,H,PL,Prague Lions,3,D. Wright,D. Wright,D. Wright,1,0,,,,,,,,,,,,,,,,,,,,,,,,,,,,,,,,,0.0,1.0,1.0,0.0,1.0,0.5,1.0,0.0,0.0,0.0,,0.0,0.0,,,0.0,0.0,0.0,0.0,,,0.0,0.0,,,,,,,,,,,,,,,,,,,,,,,,,,,,,,,,,,,,,,,,,1.0,16.0,0.0,16.0,,,,,,
2024,plhd2401,HD,Hamburg Sea Devils,H,PL,Prague Lions,33,A. Drhlík,A. Drhlík,A. Drhlík,1,0,,,,,,,,,,,,,,,,,,,,,,,,,,,,,,,,,2.0,1.0,3.0,0.0,0.0,0.0,0.0,0.0,0.0,0.0,,0.0,0.0,,,0.0,0.0,0.0,0.0,,,0.0,0.0,,,,,,,,,,,,,,,,,,,,,,,,,,,,,,,,,,,,,,,,,,,,,,,,,,
2024,plhd2401,HD,Hamburg Sea Devils,H,PL,Prague Lions,34,J. Brooks,J. Brooks,J. Brooks,1,0,,,,,,,,,,,,,,,,,,,,,,,,,,,,,,,,,1.0,1.0,2.0,1.0,0.0,1.0,1.0,0.0,0.0,0.0,,0.0,0.0,,,0.0,0.0,0.0,0.0,,,0.0,0.0,,,,,,,,,,,,,,,,,,,,,,,,,,,,,,,,,,,,,,,,,,,,,,,,,,
2024,plhd2401,HD,Hamburg Sea Devils,H,PL,Prague Lions,37,J. Telnar,J. Telnar,J. Telnar,1,0,,,,,,,,,,,,,,,,,,,,,,,,,,,,,,,,,2.0,1.0,3.0,0.0,0.0,0.0,0.0,0.0,0.0,0.0,,0.0,0.0,,,0.0,0.0,0.0,0.0,,,0.0,0.0,,,,,,,,,,,,,,,,,,,,,,,,,,,,,,,,,,,,,,,,,,,,,,,,,,
2024,plhd2401,HD,Hamburg Sea Devils,H,PL,Prague Lions,4,D. Feuereisel,D. Feuereisel,D. Feuereisel,1,0,,,,,,,,,,,,,,,,,,,,,,,,,,,,,,,,,1.0,0.0,1.0,0.0,0.0,0.0,0.0,0.0,0.0,0.0,,0.0,0.0,,,0.0,0.0,0.0,0.0,,,0.0,0.0,,,,,,,,,,,,,,,,,,,,,,,,,,,,,,,,,,,,,,,,,,,,,,,,,,
2024,plhd2401,HD,Hamburg Sea Devils,H,PL,Prague Lions,43,M. Daník,M. Daník,M. Daník,1,0,,,,,,,,,,,,,,,,,,,,,,,,,,,,,,,,,2.0,0.0,2.0,1.0,0.0,1.0,2.0,0.0,0.0,0.0,,0.0,0.0,,,0.0,0.0,0.0,0.0,,,0.0,0.0,,,,,,,,,,,,,,,,,,,,,,,,,,,,,,,,,,,,,,,,,,,,,,,,,,
2024,plhd2401,HD,Hamburg Sea Devils,H,PL,Prague Lions,5,A. Borkovic,A. Borkovic,A. Borkovic,1,0,,,,,,,,,,,,,,,,,,,,,,,,,,,,,,,,,7.0,1.0,8.0,1.0,1.0,1.5,3.0,0.0,0.0,0.0,,0.0,0.0,,,0.0,0.0,0.0,0.0,,,0.0,0.0,,,,,,,,,,,,,,,,,,,,,,,,,,,,,,,,,,,,,,,,,,,,,,,,,,
2024,plhd2401,HD,Hamburg Sea Devils,H,PL,Prague Lions,52,Š. Škrabiš,Š. Škrabiš,Š. Škrabiš,1,0,,,,,,,,,,,,,,,,,,,,,,,,,,,,,,,,,0.0,1.0,1.0,0.0,0.0,0.0,0.0,0.0,0.0,0.0,,0.0,0.0,,,0.0,0.0,0.0,0.0,,,0.0,0.0,,,,,,,,,,,,,,,,,,,,,,,,,,,,,,,,,,,,,,,,,,,,,,,,,,
2024,plhd2401,HD,Hamburg Sea Devils,H,PL,Prague Lions,55,M. Mašek,M. Mašek,M. Mašek,1,0,,,,,,,,,,,,,,,,,,,,,,,,,,,,,,,,,2.0,0.0,2.0,0.0,0.0,0.0,0.0,0.0,0.0,0.0,,0.0,0.0,,,0.0,0.0,0.0,0.0,,,0.0,0.0,,,,,,,,,,,,,,,,,,,,,,,,,,,,,,,,,,,,,,,,,,,,,,,,,,
2024,plhd2401,HD,Hamburg Sea Devils,H,PL,Prague Lions,6,T. Fields-Jackson,T. Fields-Jackson,T. Fields-Jackson,1,0,,,,,,,,,,,,,,,,,6.0,31.0,42.0,11.0,0.0,23.0,5.17,0.0,6.0,71.0,11.833333333333334,1.0,26.0,,,,,,,,,,,,,,,,,,,,,,,,,,,,,,,,,,,,,,,,,,,,,,,,,,,,,,,,,,,,,,,,,,,2.0,31.0,0.0,19.0,,,,,,
2024,plhd2401,HD,Hamburg Sea Devils,H,PL,Prague Lions,7,R. Kalous,R. Kalous,R. Kalous,1,0,,,,,,,,,,,,,,,,,,,,,,,,0.0,6.0,126.0,21.0,1.0,47.0,,,,,,,,,,,,,,,,,,,,,,,,,,,,,,,,,,,,,,,,,,,,,,,,,,,,,,,,,,,,,,,,,,,,,,,,,,,,
2024,plhd2401,HD,Hamburg Sea Devils,H,PL,Prague Lions,8,J. Krs,J. Krs,J. Krs,1,0,,,,,,,,,,,,,,,,,,,,,,,,,,,,,,,,,3.0,3.0,6.0,0.0,0.0,0.0,0.0,0.0,0.0,0.0,,0.0,0.0,,,0.0,0.0,0.0,0.0,,,0.0,0.0,,,,,,,,,,,,,,,,,,,,,,,,,,,,,,,,,,,,,,,,,,,,,,,,,,
2024,plhd2401,HD,Hamburg Sea Devils,H,PL,Prague Lions,80,M. Hruboň,M. Hruboň,M. Hruboň,1,0,,,,,,,,,,,,,,,,,,,,,,,,,,,,,,,,,,,,,,,,,,,,,,,,,,,,,,,,,,,,,,,,,,,0.0,185.0,0.0,0.0,0.0,,,,,,,,,,,,,,,,,,,,,,,,,,,,,,,,,,
2024,plhd2401,HD,Hamburg Sea Devils,H,PL,Prague Lions,84,M. Havelka,M. Havelka,M. Havelka,1,0,,,,,,,,,,,,,,,,,,,,,,,,0.0,3.0,47.0,15.666666666666666,0.0,29.0,,,,,,,,,,,,,,,,,,,,,,,,,,,,,,,,,,,,,,,,,,,,,,,,,,,,,,,,,,,,,,,,,,,,,,,,,,,,
2024,plhd2401,HD,Hamburg Sea Devils,H,PL,Prague Lions,88,P. Ševeček,P. Ševeček,P. Ševeček,1,0,,,,,,,,,,,,,,,,,,,,,,,,,,,,,,,,,1.0,0.0,1.0,0.0,0.0,0.0,0.0,0.0,0.0,0.0,,0.0,0.0,,,0.0,0.0,0.0,0.0,,,0.0,0.0,,,,,,,,,,,,,,,,,,,,,,,,,,,,,,,,,,,,,,,,,,,,,,,,,,
2024,plhd2401,HD,Hamburg Sea Devils,H,PL,Prague Lions,90,J. Starý,J. Starý,J. Starý,1,0,,,,,,,,,,,,,,,,,,,,,,,,,,,,,,,,,4.0,1.0,5.0,2.0,0.0,2.0,10.0,0.0,0.0,0.0,,0.0,0.0,,,0.0,0.0,0.0,0.0,,,0.0,0.0,,,,,,,,,,,,,,,,,,,,,,,,,,,,,,,,,,,,,,,,,,,,,,,,,,
2024,plhd2401,HD,Hamburg Sea Devils,H,PL,Prague Lions,99,J. Smutný,J. Smutný,J. Smutný,1,0,,,,,,,,,,,,,,,,,,,,,,,,,,,,,,,,,4.0,0.0,4.0,2.0,0.0,2.0,2.0,0.0,0.0,0.0,,0.0,0.0,,,0.0,0.0,0.0,0.0,,,0.0,0.0,,,,,,,,,,,,,,,,,,,,,,,,,,,,,,,,,,,,,,,,,,,,,,,,,,
2024,pwbt2401,BT,Berlin Thunder,A,PW,Panthers Wroclaw,10,R. Wilzeck,R. Wilzeck,R. Wilzeck,1,0,,,,,,,,,,,,,,,,,,,,,,,,0.0,2.0,54.0,27.0,1.0,36.0,,,,,,,,,,,,,,,,,,,,,,,,,,,,,,,,,,,,,,,,,,,,,,,,,,,,,,,,,,,,,,,,,,,,,,,,,,,,
2024,pwbt2401,BT,Berlin Thunder,A,PW,Panthers Wroclaw,11,L. Myrén,L. Myrén,L. Myrén,1,0,,,,,,,,,,,,,,,,,1.0,2.0,2.0,0.0,0.0,2.0,2.0,,,,,,,,,,4.0,6.0,10.0,1.0,0.0,1.0,1.0,0.0,0.0,0.0,,0.0,0.0,,,0.0,0.0,0.0,0.0,,,0.0,0.0,,,,,,,,,,,,,,,,,,,,,,,,,,,,,,,,,,,,,,,,,,,,,,,,,,
2024,pwbt2401,BT,Berlin Thunder,A,PW,Panthers Wroclaw,15,M. Thiele,M. Thiele,M. Thiele,1,0,,,,,,,,,,,,,,,,,,,,,,,,,,,,,,,,,4.0,0.0,4.0,1.0,0.0,1.0,1.0,0.0,0.0,0.0,,0.0,0.0,,,0.0,0.0,0.0,0.0,,,0.0,0.0,,,,,,,,,,,,,,,,,,,,,,,,,,,,,,,,,,,,,,,,,,,,,,,,,,
2024,pwbt2401,BT,Berlin Thunder,A,PW,Panthers Wroclaw,17,D. Eberle,D. Eberle,D. Eberle,1,0,,,,,,,,,,,,,,,,,,,,,,,,,,,,,,,,,,,,,,,,,,,,,,,,,,,,,,,,,,,,,,,,,,,4.0,416.0,0.0,4.0,0.0,104.0,,,,,,,,,,,,,,,,,,,,,,,,,,,,,,,,,
2024,pwbt2401,BT,Berlin Thunder,A,PW,Panthers Wroclaw,2,A. Khalife,A. Khalife,A. Khalife,1,0,,,,,,,,,,,,,,,,,3.0,-10.0,1.0,11.0,0.0,1.0,-3.33,0.0,1.0,17.0,17.0,0.0,17.0,,,,,,,,,,,,,,,,,,,,,,,,,,,,,,,,,,,,,,,,,,,,,,,,,,,,,,,,,,,,,,,,,,,,,,,,,,,,
2024,pwbt2401,BT,Berlin Thunder,A,PW,Panthers Wroclaw,22,A. Wiesigstrauch,A. Wiesigstrauch,A. Wiesigstrauch,1,0,,,,,,,,,,,,,,,,,11.0,32.0,32.0,0.0,2.0,15.0,2.91,0.0,2.0,6.0,3.0,0.0,5.0,,,,1.0,0.0,1.0,0.0,0.0,0.0,0.0,0.0,0.0,0.0,,0.0,0.0,,,0.0,0.0,0.0,0.0,,,0.0,0.0,,,,,,,,,,,,,,,,,,,,,,,,,,,,,,,,,,,,,,,,,2.0,33.0,0.0,18.0,,,,,,
2024,pwbt2401,BT,Berlin Thunder,A,PW,Panthers Wroclaw,24,T. Schulz,T. Schulz,T. Schulz,1,0,,,,,,,,,,,,,,,,,3.0,13.0,13.0,0.0,0.0,6.0,4.33,,,,,,,,,,,,,,,,,,,,,,,,,,,,,,,,,,,,,,,,,,,,,,,,,,,,,,,,,,,,,,,,,,,,,,,,,,,,,,,,,,
2024,pwbt2401,BT,Berlin Thunder,A,PW,Panthers Wroclaw,25,M. Teuchert,M. Teuchert,M. Teuchert,1,0,,,,,,,,,,,,,,,,,,,,,,,,,,,,,,,,,2.0,0.0,2.0,0.0,0.0,0.0,0.0,0.0,0.0,0.0,,0.0,0.0,,,0.0,0.0,0.0,0.0,,,0.0,0.0,,,,,,,,,,,,,,,,,,,,,,,,,,,,,,,,,,,,,,,,,,,,,,,,,,
2024,pwbt2401,BT,Berlin Thunder,A,PW,Panthers Wroclaw,27,P. Stegemann,P. Stegemann,P. Stegemann,1,0,,,,,,,,,,,,,,,,,2.0,7.0,7.0,0.0,0.0,4.0,3.5,,,,,,,,,,1.0,0.0,1.0,0.0,0.0,0.0,0.0,0.0,0.0,0.0,,0.0,0.0,,,0.0,0.0,0.0,0.0,,,0.0,0.0,,,,,,,,,,,,,,,,,,,,,,,,,,,,,,,,,,,,,,,,,,,,,,,,,,
2024,pwbt2401,BT,Berlin Thunder,A,PW,Panthers Wroclaw,28,S. Otto,S. Otto,S. Otto,1,0,,,,,,,,,,,,,,,,,,,,,,,,,,,,,,,,,1.0,2.0,3.0,0.0,0.0,0.0,0.0,0.0,0.0,0.0,,0.0,0.0,,,0.0,0.0,0.0,0.0,,,0.0,0.0,,,,,,,,,,,,,,,,,,,,,,,,,,,,,,,,,,,,,,,,,,,,,,,,,,
2024,pwbt2401,BT,Berlin Thunder,A,PW,Panthers Wroclaw,3,B. Kouanda,B. Kouanda,B. Kouanda,1,0,,,,,,,,,,,,,,,,,0.0,45.0,45.0,0.0,0.0,45.0,,0.0,8.0,73.0,9.125,0.0,19.0,,,,,,,,,,,,,,,,,,,,,,,,,,,,,,,,,,,,,,,,,,,,,,,,,,,,,,,,,,,,,,,,,,,,,,,,,,,,
2024,pwbt2401,BT,Berlin Thunder,A,PW,Panthers Wroclaw,30,A. Spillum ,A. Spillum ,A. Spillum ,1,0,,,,,,,,,,,,,,,,,,,,,,,,,,,,,,,,,2.0,4.0,6.0,0.0,0.0,0.0,0.0,0.0,0.0,0.0,,0.0,0.0,,,0.0,0.0,0.0,0.0,,,0.0,0.0,,,,,,,,,,,,,,,,,,,,,,,,,,,,,,,,,,,,,,,,,,,,,,,,,,
2024,pwbt2401,BT,Berlin Thunder,A,PW,Panthers Wroclaw,32,V. Lempinen,V. Lempinen,V. Lempinen,1,0,,,,,,,,,,,,,,,,,,,,,,,,,,,,,,,,,2.0,7.0,9.0,0.0,0.0,0.0,0.0,0.0,0.0,0.0,,0.0,0.0,,,0.0,0.0,0.0,0.0,,,0.0,0.0,,,,,,,,,,,,,,,,,,,,,,,,,,,,,,,,,,,,,,,,,,,,,,,,,,
2024,pwbt2401,BT,Berlin Thunder,A,PW,Panthers Wroclaw,4,A. Jackson ,A. Jackson ,A. Jackson ,1,0,,,,,,,,,,,,,,,,,,,,,,,,0.0,8.0,102.0,12.75,1.0,39.0,,,,,,,,,,,,,,,,,,,,,,,,,,,,,,,,,,,,,,,,,,,,,,,,,,,,,,,,,,,,,,5.0,28.0,0.0,24.0,,5.0,157.0,1.0,89.0,,,,,,
2024,pwbt2401,BT,Berlin Thunder,A,PW,Panthers Wroclaw,44,R. Baunacke,R. Baunacke,R. Baunacke,1,0,,,,,,,,,,,,,,,,,,,,,,,,,,,,,,,,,2.0,6.0,8.0,0.0,0.0,0.0,0.0,0.0,0.0,0.0,,0.0,0.0,,,0.0,0.0,0.0,0.0,,,0.0,0.0,,,,,,,,,,,,,,,,,,,,,,,,,,,,,,,,,,,,,,,,,,,,,,,,,,
2024,pwbt2401,BT,Berlin Thunder,A,PW,Panthers Wroclaw,45,K. Kitchens,K. Kitchens,K. Kitchens,1,0,,,,,,,,,,,,,,,,,,,,,,,,,,,,,,,,,4.0,1.0,5.0,2.0,0.0,2.0,6.0,0.0,0.0,0.0,,0.0,0.0,,,0.0,0.0,0.0,0.0,,,0.0,0.0,,,,,,,,,,,,,,,,,,,,,,,,,,,,,,,,,,,,,,,,,,,,,,,,,,
2024,pwbt2401,BT,Berlin Thunder,A,PW,Panthers Wroclaw,7,J. Sullivan,J. Sullivan,J. Sullivan,1,0,,23.0,44.0,0.52,294.0,3.0,1.0,39.0,6.68,12.78,126.35,0.0,0.0,0.0,6.68,7.02,4.0,18.0,39.0,21.0,0.0,15.0,4.5,,,,,,,,,,1.0,0.0,1.0,0.0,0.0,0.0,0.0,0.0,0.0,0.0,,0.0,0.0,,,0.0,0.0,0.0,0.0,,,0.0,0.0,,,,,,,,,,,,,,,,,,,,,,,,,,,,,,,,,,,,,,,,,,,,,,,,,,
2024,pwbt2401,BT,Berlin Thunder,A,PW,Panthers Wroclaw,8,P. Seifert,P. Seifert,P. Seifert,1,0,,,,,,,,,,,,,,,,,,,,,,,,,,,,,,,,,1.0,4.0,5.0,1.0,0.0,1.0,1.0,0.0,0.0,0.0,,0.0,0.0,,,0.0,0.0,0.0,0.0,,,0.0,0.0,,,,,,,,,,,,,,,,,,,,,,,,,,,,,,,,,,,,,,,,,,,,,,,,,,
2024,pwbt2401,BT,Berlin Thunder,A,PW,Panthers Wroclaw,85,N. Schumann,N. Schumann,N. Schumann,1,0,,,,,,,,,,,,,,,,,,,,,,,,0.0,2.0,42.0,21.0,1.0,36.0,,,,,,,,,,,,,,,,,,,,,,,,,,,,,,,,,,,,,,,,,,,,,,,,,,,,,,,,,,,,,,,,,,,,,,,,,,,,
2024,pwbt2401,BT,Berlin Thunder,A,PW,Panthers Wroclaw,90,B. Baierl,B. Baierl,B. Baierl,1,0,,,,,,,,,,,,,,,,,,,,,,,,,,,,,,,,,0.0,2.0,2.0,0.0,0.0,0.0,0.0,0.0,0.0,0.0,,0.0,0.0,,,0.0,0.0,0.0,0.0,,,0.0,0.0,,,,,,,,,,,,,,,,,,,,,,,,,,,,,,,,,,,,,,,,,,,,,,,,,,
2024,pwbt2401,BT,Berlin Thunder,A,PW,Panthers Wroclaw,92,A. Olavuo,A. Olavuo,A. Olavuo,1,0,,,,,,,,,,,,,,,,,,,,,,,,,,,,,,,,,1.0,5.0,6.0,0.0,0.0,0.0,0.0,0.0,0.0,0.0,,0.0,0.0,,,0.0,0.0,0.0,0.0,,,0.0,0.0,,,,,,,,,,,,,,,,,,,,,,,,,,,,,,,,,,,,,,,,,,,,,,,,,,
2024,pwbt2401,BT,Berlin Thunder,A,PW,Panthers Wroclaw,97,S. Djibrila,S. Djibrila,S. Djibrila,1,0,,,,,,,,,,,,,,,,,,,,,,,,,,,,,,,,,4.0,2.0,6.0,0.0,1.0,0.5,1.0,0.0,0.0,0.0,,0.0,0.0,,,0.0,0.0,0.0,0.0,,,0.0,0.0,,,,,,,,,,,,,,,,,,,,,,,,,,,,,,,,,,,,,,,,,,,,,,,,,,
2024,pwbt2401,BT,Berlin Thunder,H,PW,Panthers Wroclaw,1,K. Jaszewski,K. Jaszewski,K. Jaszewski,1,0,,,,,,,,,,,,,,,,,,,,,,,,0.0,5.0,18.0,3.6,0.0,6.0,,,,,,,,,,,,,,,,,,,,,,,,,,,,,,,,,,,,,,,,,,,,,,,,,,,,,,,,,,,,,,,,,,,,,,,,,,,,
2024,pwbt2401,BT,Berlin Thunder,H,PW,Panthers Wroclaw,10,D. Burrell,D. Burrell,D. Burrell,1,0,,,,,,,,,,,,,,,,,,,,,,,,,,,,,,,,,4.0,0.0,4.0,0.0,0.0,0.0,0.0,0.0,0.0,0.0,,0.0,0.0,,,0.0,0.0,0.0,0.0,,,0.0,0.0,,,,,,,,,,,,,,,,,,,,,,,,,,,,,,,,,,,,,,,,,2.0,89.0,0.0,67.0,,,,,,
2024,pwbt2401,BT,Berlin Thunder,H,PW,Panthers Wroclaw,11,J. Ciurkot,J. Ciurkot,J. Ciurkot,1,0,,,,,,,,,,,,,,,,,,,,,,,,,,,,,,,,,,,,,,,,,,,,,,,,,,,,,,,,,,,,,,,,,,,0.0,481.0,0.0,0.0,0.0,,,,,,,,,,,,,,,,,,,,,,,,,,,,,,,,,,
2024,pwbt2401,BT,Berlin Thunder,H,PW,Panthers Wroclaw,19,D. Piątkowski,D. Piątkowski,D. Piątkowski,1,0,,,,,,,,,,,,,,,,,,,,,,,,,,,,,,,,,3.0,2.0,5.0,0.0,0.0,0.0,0.0,0.0,0.0,0.0,,0.0,0.0,,,0.0,0.0,0.0,0.0,,,0.0,0.0,,,,,,,,,,,,,,,,,,,,,,,,,,,,,,,,,,,,,,,,,,,,,,,,,,
2024,pwbt2401,BT,Berlin Thunder,H,PW,Panthers Wroclaw,2,H. Ogrodowczyk,H. Ogrodowczyk,H. Ogrodowczyk,1,0,,,,,,,,,,,,,,,,,,,,,,,,,,,,,,,,,1.0,1.0,2.0,0.0,0.0,0.0,0.0,0.0,0.0,0.0,,0.0,0.0,,,0.0,0.0,0.0,0.0,,,0.0,0.0,,,,,,,,,,,,,,,,,,,,,,,,,,,,,,,,,,,,,,,,,,,,,,,,,,
2024,pwbt2401,BT,Berlin Thunder,H,PW,Panthers Wroclaw,21,G. Adams,G. Adams,G. Adams,1,0,,,,,,,,,,,,,,,,,8.0,16.0,17.0,1.0,1.0,5.0,2.0,0.0,3.0,82.0,27.333333333333332,2.0,75.0,,,,,,,,,,,,,,,,,,,,,,,,,,,,,,,,,,,,,,,,,,,,,,,,,,,,,,,,,,,,,,,,,,,,,,,,,,,,
2024,pwbt2401,BT,Berlin Thunder,H,PW,Panthers Wroclaw,22,D. Brzozowski,D. Brzozowski,D. Brzozowski,1,0,,,,,,,,,,,,,,,,,25.0,126.0,133.0,7.0,0.0,27.0,5.04,0.0,1.0,18.0,18.0,0.0,18.0,,,,,,,,,,,,,,,,,,,,,,,,,,,,,,,,,,,,,,,,,,,,,,,,,,,,,,,,,,,,,,,,,,,,,,,,,,,,
2024,pwbt2401,BT,Berlin Thunder,H,PW,Panthers Wroclaw,23,J. Mazan,J. Mazan,J. Mazan,1,0,,,,,,,,,,,,,,,,,,,,,,,,0.0,3.0,55.0,18.333333333333332,1.0,46.0,,,,,,,,,,,,,,,,,,,,,,,,,,,,,,,,,,,,,,,,,,,,,,,,,,,,,,,,,,,,,,,,,,,,,,,,,,,,
2024,pwbt2401,BT,Berlin Thunder,H,PW,Panthers Wroclaw,25,A. Lary,A. Lary,A. Lary,1,0,,,,,,,,,,,,,,,,,,,,,,,,,,,,,,,,,2.0,2.0,4.0,0.0,0.0,0.0,0.0,0.0,0.0,0.0,,0.0,0.0,,,0.0,0.0,0.0,0.0,,,0.0,0.0,,,,,,,,,,,,,,,,,,,,,,,,,,,,,,,,,,,,,,,,,,,,,,,,,,
2024,pwbt2401,BT,Berlin Thunder,H,PW,Panthers Wroclaw,28,M. Jabłoński,M. Jabłoński,M. Jabłoński,1,0,,,,,,,,,,,,,,,,,,,,,,,,,,,,,,,,,3.0,0.0,3.0,0.0,0.0,0.0,0.0,0.0,0.0,0.0,,0.0,0.0,,,0.0,0.0,0.0,0.0,,,0.0,0.0,,,,,,,,,,,,,,,,,,,,,,,,,,,,,,,,,,,,,,,,,,,,,,,,,,
2024,pwbt2401,BT,Berlin Thunder,H,PW,Panthers Wroclaw,29,K. Kotlarz,K. Kotlarz,K. Kotlarz,1,0,,,,,,,,,,,,,,,,,1.0,0.0,0.0,0.0,0.0,0.0,0.0,,,,,,,,,,0.0,1.0,1.0,0.0,0.0,0.0,0.0,0.0,0.0,0.0,,0.0,0.0,,,0.0,0.0,0.0,0.0,,,0.0,0.0,,,,,,,,,,,,,,,,,,,,,,,,,,,,,,,,,,,,,,,,,,,,,,,,,,
2024,pwbt2401,BT,Berlin Thunder,H,PW,Panthers Wroclaw,31,S. Romanowski,S. Romanowski,S. Romanowski,1,0,,,,,,,,,,,,,,,,,,,,,,,,,,,,,,,,,5.0,3.0,8.0,0.0,0.0,0.0,0.0,0.0,0.0,0.0,,0.0,0.0,,,0.0,0.0,0.0,0.0,,,0.0,0.0,,,,,,,,,,,,,,,,,,,,,,,,,,,,,,,,,,,,,,,,,,,,,,,,,,
2024,pwbt2401,BT,Berlin Thunder,H,PW,Panthers Wroclaw,35,K. Wis,K. Wis,K. Wis,1,0,,,,,,,,,,,,,,,,,,,,,,,,,,,,,,,,,3.0,4.0,7.0,1.0,2.0,2.0,18.0,0.0,0.0,0.0,,0.0,0.0,,,0.0,0.0,0.0,0.0,,,0.0,0.0,,,,,,,,,,,,,,,,,,,,,,,,,,,,,,,,,,,,,,,,,,,,,,,,,,
2024,pwbt2401,BT,Berlin Thunder,H,PW,Panthers Wroclaw,4,S. Duncan,S. Duncan,S. Duncan,1,0,,19.0,28.0,0.68,227.0,4.0,0.0,75.0,8.11,11.95,183.1,0.0,0.0,0.0,8.11,10.96,2.0,2.0,2.0,0.0,1.0,1.0,1.0,,,,,,,,,,,,,,,,,,,,,,,,,,,,,,,,,,,,,,,,,,,,,,,,,,,,,,,,,,,,,,,,,,,,,,,,,,,,,,,,,,
2024,pwbt2401,BT,Berlin Thunder,H,PW,Panthers Wroclaw,47,D. Novaković,D. Novaković,D. Novaković,1,0,,,,,,,,,,,,,,,,,,,,,,,,,,,,,,,,,1.0,2.0,3.0,0.0,0.0,0.0,0.0,0.0,0.0,0.0,,0.0,0.0,,,0.0,0.0,0.0,0.0,,,0.0,0.0,,,,,,,,,,,,,,,,,,,,,,,,,,,,,,,,,,,,,,,,,,,,,,,,,,
2024,pwbt2401,BT,Berlin Thunder,H,PW,Panthers Wroclaw,49,A. Wentland,A. Wentland,A. Wentland,1,0,,,,,,,,,,,,,,,,,,,,,,,,,,,,,,,,,5.0,8.0,13.0,1.0,1.0,1.5,10.0,0.0,0.0,0.0,,0.0,0.0,0.0,17.0,0.0,0.0,0.0,0.0,,,0.0,0.0,,,,,,,,,,,,,,,,,,,,,,,,,,,,,,,,,,,,,,,,,,,,,,,,,,
2024,pwbt2401,BT,Berlin Thunder,H,PW,Panthers Wroclaw,5,M. Krupa,M. Krupa,M. Krupa,1,0,,,,,,,,,,,,,,,,,,,,,,,,,,,,,,,,,2.0,0.0,2.0,0.0,0.0,0.0,0.0,0.0,0.0,0.0,,0.0,0.0,,,0.0,0.0,0.0,0.0,,,0.0,0.0,,,,,,,,,,,,,,,,,,,,,,,,,,,,,,,,,,,,,,,,,,,,,,,,,,
2024,pwbt2401,BT,Berlin Thunder,H,PW,Panthers Wroclaw,6,K. Ruta,K. Ruta,K. Ruta,1,0,,,,,,,,,,,,,,,,,,,,,,,,,,,,,,,,,2.0,2.0,4.0,0.0,1.0,0.5,3.0,0.0,0.0,0.0,,0.0,0.0,,,0.0,0.0,0.0,0.0,,,0.0,0.0,,,,,,,,,,,,,,,,,,,,,,,,,,,,,,,,,,,,,,,,,,,,,,,,,,
2024,pwbt2401,BT,Berlin Thunder,H,PW,Panthers Wroclaw,8,A. Botella Moreno,A. Botella Moreno,A. Botella Moreno,1,0,,,,,,,,,,,,,,,,,,,,,,,,0.0,2.0,20.0,10.0,1.0,12.0,,,,,,,,,,,,,,,,,,,,,,,,,,,,,,,,,,,,,,,,,,,,,,,,,,,,,,,,,,,,,,,,,,,,,,,,,,,,
2024,pwbt2401,BT,Berlin Thunder,H,PW,Panthers Wroclaw,85,D. Bender,D. Bender,D. Bender,1,0,,1.0,1.0,1.0,12.0,1.0,0.0,12.0,12.0,12.0,530.8,0.0,0.0,0.0,12.0,32.0,,,,,,,,0.0,6.0,48.0,8.0,1.0,28.0,,,,1.0,0.0,1.0,0.0,0.0,0.0,0.0,0.0,0.0,0.0,,0.0,0.0,,,0.0,0.0,0.0,0.0,,,0.0,0.0,,,,,,,,,,,,,,,,,,,,,,,,,,,,,,,,,,,,,,,,,1.0,7.0,0.0,7.0,,,,,,
2024,pwbt2401,BT,Berlin Thunder,H,PW,Panthers Wroclaw,91,O. Romaniuk,O. Romaniuk,O. Romaniuk,1,0,,,,,,,,,,,,,,,,,,,,,,,,,,,,,,,,,1.0,3.0,4.0,0.0,0.0,0.0,0.0,0.0,0.0,0.0,,0.0,0.0,,,0.0,0.0,0.0,0.0,,,0.0,0.0,,,,,,,,,,,,,,,,,,,,,,,,,,,,,,,,,,,,,,,,,,,,,,,,,,
2024,pwbt2401,BT,Berlin Thunder,H,PW,Panthers Wroclaw,92,E. Paszkiewicz,E. Paszkiewicz,E. Paszkiewicz,1,0,,,,,,,,,,,,,,,,,,,,,,,,,,,,,,,,,0.0,2.0,2.0,0.0,1.0,0.5,1.0,0.0,0.0,0.0,,0.0,0.0,,,0.0,0.0,0.0,0.0,,,0.0,0.0,,,,,,,,,,,,,,,,,,,,,,,,,,,,,,,,,,,,,,,,,,,,,,,,,,
2024,pwbt2401,BT,Berlin Thunder,H,PW,Panthers Wroclaw,96,A. Dobkowski,A. Dobkowski,A. Dobkowski,1,0,,,,,,,,,,,,,,,,,,,,,,,,,,,,,,,,,1.0,2.0,3.0,0.0,0.0,0.0,0.0,0.0,0.0,0.0,,0.0,0.0,,,0.0,0.0,0.0,0.0,,,0.0,0.0,,,,,,,,,,,,,,,,,,,,,,,,,,,,,,,,,,,,,,,,,,,,,,,,,,
2024,ssmr2401,MR,Munich Ravens,A,SS,Stuttgart Surge,0,P. Okonkwo,P. Okonkwo,P. Okonkwo,1,0,,,,,,,,,,,,,,,,,,,,,,,,,,,,,,,,,1.0,0.0,1.0,0.0,0.0,0.0,0.0,0.0,0.0,0.0,,0.0,0.0,,,0.0,0.0,0.0,0.0,,,0.0,0.0,,,,,,,,,,,,,,,,,,,,,,,,,,,,,,,,,,,,,,,,,,,,,,,,,,
2024,ssmr2401,MR,Munich Ravens,A,SS,Stuttgart Surge,10,T. Vaimaona,T. Vaimaona,T. Vaimaona,1,0,,,,,,,,,,,,,,,,,,,,,,,,,,,,,,,,,1.0,1.0,2.0,1.0,0.0,1.0,2.0,0.0,0.0,0.0,,0.0,0.0,,,0.0,0.0,0.0,0.0,,,0.0,0.0,,,,,,,,,,,,,,,,,,,,,,,,,,,,,,,,,,,,,,,,,,,,,,,,,,
2024,ssmr2401,MR,Munich Ravens,A,SS,Stuttgart Surge,11,L. Salvo,L. Salvo,L. Salvo,1,0,,,,,,,,,,,,,,,,,,,,,,,,0.0,1.0,4.0,4.0,0.0,4.0,,,,,,,,,,,,,,,,,,,,,,,,,,,,,,,,,,,,,,,,,,,,,,,,,,,,,,,,,,,,,,,,,,,,,,,,,,,,
2024,ssmr2401,MR,Munich Ravens,A,SS,Stuttgart Surge,12,C. Jeffries,C. Jeffries,C. Jeffries,1,0,,20.0,30.0,0.67,137.0,0.0,1.0,19.0,4.57,6.85,98.36,0.0,0.0,0.0,4.57,3.07,8.0,-18.0,25.0,43.0,0.0,7.0,-2.25,,,,,,,,,,,,,,,,,,,,,,,,,,,,,,,,,,,,,,,,,,,,,,,,,,,,,,,,,,,,,,,,,,,,,,,,,,,,,,,,,,
2024,ssmr2401,MR,Munich Ravens,A,SS,Stuttgart Surge,13,M. Rutsch,M. Rutsch,M. Rutsch,1,0,,,,,,,,,,,,,,,,,1.0,16.0,16.0,0.0,0.0,16.0,16.0,0.0,7.0,28.0,4.0,0.0,8.0,,,,,,,,,,,,,,,,,,,,,,,,,,,,,,,,,,,,,,,,,,,,,,,,,,,,,,,,,,,,,,,,,,,,,,,,,,,,
2024,ssmr2401,MR,Munich Ravens,A,SS,Stuttgart Surge,15,J. Zirngibl,J. Zirngibl,J. Zirngibl,1,0,,,,,,,,,,,,,,,,,,,,,,,,,,,,,,,,,1.0,1.0,2.0,1.0,0.0,1.0,5.0,0.0,0.0,0.0,,0.0,0.0,,,0.0,0.0,0.0,0.0,,,0.0,0.0,,,,,,,,,,,,,,,,,,,,,,,,,,,,,,,,,,,,,,,,,,,,,,,,,,
2024,ssmr2401,MR,Munich Ravens,A,SS,Stuttgart Surge,2,C. Nitzlnader,C. Nitzlnader,C. Nitzlnader,1,0,,,,,,,,,,,,,,,,,,,,,,,,,,,,,,,,,2.0,2.0,4.0,0.0,0.0,0.0,0.0,0.0,0.0,0.0,,0.0,0.0,,,0.0,0.0,0.0,0.0,,,0.0,0.0,,,,,,,,,,,,,,,,,,,,,,,,,,,,,,,,,,,,,,,,,,,,,,,,,,
2024,ssmr2401,MR,Munich Ravens,A,SS,Stuttgart Surge,22,M. Schlabitz,M. Schlabitz,M. Schlabitz,1,0,,,,,,,,,,,,,,,,,,,,,,,,0.0,1.0,16.0,16.0,0.0,16.0,,,,2.0,4.0,6.0,0.0,0.0,0.0,0.0,0.0,0.0,0.0,,0.0,0.0,,,0.0,0.0,0.0,0.0,,,0.0,0.0,,,,,,,,,,,,,,,,,,,,,,,,,,,,,,,,,,,,,,,,,,,,,,,,,,
2024,ssmr2401,MR,Munich Ravens,A,SS,Stuttgart Surge,29,N. Leiderer,N. Leiderer,N. Leiderer,1,0,,,,,,,,,,,,,,,,,,,,,,,,,,,,,,,,,1.0,0.0,1.0,0.0,0.0,0.0,0.0,0.0,0.0,0.0,,0.0,0.0,,,0.0,0.0,0.0,0.0,,,0.0,0.0,,,,,,,,,,,,,,,,,,,,,,,,,,,,,,,,,,,,,,,,,,,,,,,,,,
2024,ssmr2401,MR,Munich Ravens,A,SS,Stuttgart Surge,3,J. Flowers,J. Flowers,J. Flowers,1,0,,,,,,,,,,,,,,,,,,,,,,,,,,,,,,,,,2.0,1.0,3.0,0.0,0.0,0.0,0.0,0.0,0.0,0.0,,0.0,0.0,,,0.0,0.0,0.0,0.0,,,0.0,0.0,,,,,,,,,,,,,,,,,,,,,,,,,,,,,,,,,,,,,,,,,,,,,,,,,,
2024,ssmr2401,MR,Munich Ravens,A,SS,Stuttgart Surge,33,J. Rodney,J. Rodney,J. Rodney,1,0,,,,,,,,,,,,,,,,,8.0,24.0,29.0,5.0,0.0,7.0,3.0,0.0,2.0,24.0,12.0,0.0,19.0,,,,,,,,,,,,,,,,,,,,,,,,,,,,,,,,,,,,,,,,,,,,,,,,,,,,,,,,,,,,,,,,,,,,,,,,,,,,
2024,ssmr2401,MR,Munich Ravens,A,SS,Stuttgart Surge,4,R. Werner,R. Werner,R. Werner,1,0,,,,,,,,,,,,,,,,,,,,,,,,,,,,,,,,,1.0,0.0,1.0,0.0,0.0,0.0,0.0,0.0,0.0,0.0,,0.0,0.0,,,0.0,0.0,0.0,0.0,,,0.0,0.0,,,,,,,,,,,,0.0,91.0,0.0,0.0,0.0,,,,,,,,,,,,,,,,,,,,,,,,,,,,,,,,,,
2024,ssmr2401,MR,Munich Ravens,A,SS,Stuttgart Surge,41,L. Levin,L. Levin,L. Levin,1,0,,,,,,,,,,,,,,,,,,,,,,,,,,,,,,,,,0.0,1.0,1.0,0.0,0.0,0.0,0.0,0.0,0.0,0.0,,0.0,0.0,,,0.0,0.0,0.0,0.0,,,0.0,0.0,,,,,,,,,,,,,,,,,,,,,,,,,,,,,,,,,,,,,,,,,,,,,,,,,,
2024,ssmr2401,MR,Munich Ravens,A,SS,Stuttgart Surge,45,T. Vogl,T. Vogl,T. Vogl,1,0,,,,,,,,,,,,,,,,,,,,,,,,,,,,,,,,,0.0,4.0,4.0,0.0,2.0,1.0,4.0,0.0,0.0,0.0,,0.0,0.0,,,0.0,0.0,0.0,0.0,,,0.0,0.0,,,,,,,,,,,,,,,,,,,,,,,,,,,,,,,,,,,,,,,,,,,,,,,,,,
2024,ssmr2401,MR,Munich Ravens,A,SS,Stuttgart Surge,49,R. Zistler,R. Zistler,R. Zistler,1,0,,,,,,,,,,,,,,,,,,,,,,,,,,,,,,,,,2.0,1.0,3.0,0.0,0.0,0.0,0.0,0.0,0.0,0.0,,0.0,0.0,,,0.0,0.0,0.0,0.0,,,0.0,0.0,,,,,,,,,,,,,,,,,,,,,,,,,,,,,,,,,,,,,,,,,,,,,,,,,,
2024,ssmr2401,MR,Munich Ravens,A,SS,Stuttgart Surge,5,J. Cole,J. Cole,J. Cole,1,0,,,,,,,,,,,,,,,,,1.0,10.0,10.0,0.0,0.0,10.0,10.0,0.0,4.0,29.0,7.25,0.0,13.0,,,,,,,,,,,,,,,,,,,,,,,,,,,,,,,,,,,,,,,,,,,,,,,,,,,,,,,,,,,,,,,,,,,4.0,93.0,0.0,30.0,,,,,,
2024,ssmr2401,MR,Munich Ravens,A,SS,Stuttgart Surge,51,J. Schwaiger,J. Schwaiger,J. Schwaiger,1,0,,,,,,,,,,,,,,,,,,,,,,,,,,,,,,,,,0.0,1.0,1.0,0.0,0.0,0.0,0.0,0.0,0.0,0.0,,0.0,0.0,,,0.0,0.0,0.0,0.0,,,0.0,0.0,,,,,,,,,,,,,,,,,,,,,,,,,,,,,,,,,,,,,,,,,,,,,,,,,,
2024,ssmr2401,MR,Munich Ravens,A,SS,Stuttgart Surge,52,W. Nasri,W. Nasri,W. Nasri,1,0,,,,,,,,,,,,,,,,,,,,,,,,,,,,,,,,,4.0,7.0,11.0,0.0,0.0,0.0,0.0,0.0,0.0,0.0,,0.0,0.0,,,0.0,0.0,0.0,0.0,,,0.0,0.0,,,,,,,,,,,,,,,,,,,,,,,,,,,,,,,,,,,,,,,,,,,,,,,,,,
2024,ssmr2401,MR,Munich Ravens,A,SS,Stuttgart Surge,53,D. Ondra,D. Ondra,D. Ondra,1,0,,,,,,,,,,,,,,,,,,,,,,,,,,,,,,,,,1.0,0.0,1.0,0.0,0.0,0.0,0.0,0.0,0.0,0.0,,0.0,0.0,,,0.0,0.0,0.0,0.0,,,0.0,0.0,,,,,,,,,,,,,,,,,,,,,,,,,,,,,,,,,,,,,,,,,,,,,,,,,,
2024,ssmr2401,MR,Munich Ravens,A,SS,Stuttgart Surge,7,T. Oyewo,T. Oyewo,T. Oyewo,1,0,,,,,,,,,,,,,,,,,8.0,-10.0,16.0,26.0,0.0,6.0,-1.25,0.0,1.0,12.0,12.0,0.0,12.0,,,,,,,,,,,,,,,,,,,,,,,,,,,,,,,,,,,,,,,,,,,,,,,,,,,,,,,,,,,,,,,,,,,,,,,,,,,,
2024,ssmr2401,MR,Munich Ravens,A,SS,Stuttgart Surge,8,D. Saint-Robinson,D. Saint-Robinson,D. Saint-Robinson,1,0,,,,,,,,,,,,,,,,,,,,,,,,,,,,,,,,,2.0,5.0,7.0,0.0,1.0,0.5,1.0,0.0,0.0,0.0,,0.0,0.0,,,0.0,0.0,0.0,0.0,,,0.0,0.0,,,,,,,,,,,,,,,,,,,,,,,,,,,,,,,,,,,,,,,,,,,,,,,,,,
2024,ssmr2401,MR,Munich Ravens,A,SS,Stuttgart Surge,86,L. Regler,L. Regler,L. Regler,1,0,,,,,,,,,,,,,,,,,,,,,,,,0.0,1.0,5.0,5.0,0.0,5.0,,,,,,,,,,,,,,,,,,,,,,,,,,,,,,,,,,,,,,,,,,,,,,,,,,,,,,,,,,,,,,,,,,,,,,,,,,,,
2024,ssmr2401,MR,Munich Ravens,A,SS,Stuttgart Surge,9,K. Titz,K. Titz,K. Titz,1,0,,,,,,,,,,,,,,,,,,,,,,,,,,,,,,,,,0.0,7.0,7.0,0.0,0.0,0.0,0.0,0.0,0.0,0.0,,0.0,0.0,,,0.0,0.0,0.0,0.0,,,0.0,0.0,,,,,,,,,,,,,,,,,,,,,,,,,,,,,,,,,,,,,,,,,,,,,,,,,,
2024,ssmr2401,MR,Munich Ravens,A,SS,Stuttgart Surge,98,H. Awuah,H. Awuah,H. Awuah,1,0,,,,,,,,,,,,,,,,,,,,,,,,,,,,,,,,,0.0,1.0,1.0,0.0,0.0,0.0,0.0,0.0,0.0,0.0,,0.0,0.0,,,0.0,0.0,0.0,0.0,,,0.0,0.0,,,,,,,,,,,,,,,,,,,,,,,,,,,,,,,,,,,,,,,,,,,,,,,,,,
2024,ssmr2401,MR,Munich Ravens,H,SS,Stuttgart Surge,0,C. Ezeala,C. Ezeala,C. Ezeala,1,0,,,,,,,,,,,,,,,,,,,,,,,,,,,,,,,,,2.0,5.0,7.0,1.0,0.0,1.0,25.0,0.0,0.0,0.0,,0.0,0.0,,,0.0,0.0,0.0,0.0,,,0.0,0.0,,,,,,,,,,,,,,,,,,,,,,,,,,,,,,,,,,,,1.0,2.0,0.0,2.0,,,,,,,,,,,
2024,ssmr2401,MR,Munich Ravens,H,SS,Stuttgart Surge,10,F. Lengauer,F. Lengauer,F. Lengauer,1,0,,,,,,,,,,,,,,,,,,,,,,,,0.0,1.0,11.0,11.0,0.0,11.0,,,,,,,,,,,,,,,,,,,,,,,,,,,,,,,,,,,,,,,,,,,,,,,,,,,,,,,,,,,,,,,,,,,,,,,,,,,,
2024,ssmr2401,MR,Munich Ravens,H,SS,Stuttgart Surge,11,M. Jelvani,M. Jelvani,M. Jelvani,1,0,,,,,,,,,,,,,,,,,,,,,,,,,,,,,,,,,0.0,1.0,1.0,0.0,0.0,0.0,0.0,0.0,0.0,0.0,,0.0,0.0,,,0.0,0.0,0.0,0.0,,,0.0,0.0,,,,,,,,,,,,,,,,,,,,,,,,,,,,,,,,,,,,,,,,,,,,,,,,,,
2024,ssmr2401,MR,Munich Ravens,H,SS,Stuttgart Surge,12,C. Tutt,C. Tutt,C. Tutt,1,0,,,,,,,,,,,,,,,,,,,,,,,,,,,,,,,,,5.0,3.0,8.0,0.0,0.0,0.0,0.0,0.0,0.0,0.0,,0.0,0.0,,,0.0,0.0,0.0,0.0,,,0.0,0.0,,,,,,,,,,,,,,,,,,,,,,,,,,,,,,,,,,,,,,,,,,,,,,,,,,
2024,ssmr2401,MR,Munich Ravens,H,SS,Stuttgart Surge,13,C. Mulumba,C. Mulumba,C. Mulumba,1,0,,,,,,,,,,,,,,,,,,,,,,,,,,,,,,,,,0.0,1.0,1.0,0.0,1.0,0.5,13.0,0.0,0.0,0.0,,0.0,0.0,,,0.0,0.0,0.0,0.0,,,0.0,0.0,,,,,,,,,,,,,,,,,,,,,,,,,,,,,,,,,,,,,,,,,,,,,,,,,,
2024,ssmr2401,MR,Munich Ravens,H,SS,Stuttgart Surge,14,Y. Mayr,Y. Mayr,Y. Mayr,1,0,,,,,,,,,,,,,,,,,1.0,25.0,25.0,0.0,0.0,25.0,25.0,0.0,4.0,27.0,6.75,1.0,12.0,,,,,,,,,,,,,,,,,,,,,,,,,,,,,,,,,,,,,,,,,,,,,,,,,,,,,,,,,,,,,,,,,,,1.0,37.0,0.0,37.0,,,,,,
2024,ssmr2401,MR,Munich Ravens,H,SS,Stuttgart Surge,15,N. Wiedmann,N. Wiedmann,N. Wiedmann,1,0,,,,,,,,,,,,,,,,,,,,,,,,,,,,,,,,,1.0,0.0,1.0,0.0,0.0,0.0,0.0,0.0,0.0,0.0,,0.0,0.0,,,0.0,0.0,0.0,0.0,,,0.0,0.0,,,,,,,,,,,,,,,,,,,,,,,,,,,,,,,,,,,,,,,,,,,,,,,,,,
2024,ssmr2401,MR,Munich Ravens,H,SS,Stuttgart Surge,2,K. Hunter,K. Hunter,K. Hunter,1,0,,,,,,,,,,,,,,,,,4.0,2.0,9.0,7.0,0.0,6.0,0.5,,,,,,,,,,,,,,,,,,,,,,,,,,,,,,,,,,,,,,,,,,,,,,,,,,,,,,,,,,,,,,,,,,,,,,,,,,,,,,,,,,
2024,ssmr2401,MR,Munich Ravens,H,SS,Stuttgart Surge,22,N. Khandar,N. Khandar,N. Khandar,1,0,,,,,,,,,,,,,,,,,12.0,76.0,81.0,5.0,0.0,14.0,6.33,,,,,,,,,,,,,,,,,,,,,,,,,,,,,,,,,,,,,,,,,,,,,,,,,,,,,,,,,,,,,,,,,,,,,,,,,,,,,,,,,,
2024,ssmr2401,MR,Munich Ravens,H,SS,Stuttgart Surge,24,M. Fettig,M. Fettig,M. Fettig,1,0,,,,,,,,,,,,,,,,,,,,,,,,,,,,,,,,,5.0,5.0,10.0,0.0,1.0,0.5,2.0,0.0,0.0,0.0,,0.0,0.0,0.0,0.0,0.0,0.0,0.0,0.0,,,0.0,0.0,,,,,,,,,,,,,,,,,,,,,,,,,,,,,,,,,,,,,,,,,,,,,,,,,,
2024,ssmr2401,MR,Munich Ravens,H,SS,Stuttgart Surge,26,L. Siebert,L. Siebert,L. Siebert,1,0,,,,,,,,,,,,,,,,,,,,,,,,,,,,,,,,,1.0,2.0,3.0,1.0,0.0,1.0,1.0,0.0,0.0,0.0,,0.0,0.0,,,0.0,0.0,0.0,0.0,,,0.0,0.0,,,,,,,,,,,,,,,,,,,,,,,,,,,,,,,,,,,,,,,,,,,,,,,,,,
2024,ssmr2401,MR,Munich Ravens,H,SS,Stuttgart Surge,3,C. Walrond,C. Walrond,C. Walrond,1,0,,,,,,,,,,,,,,,,,,,,,,,,,,,,,,,,,5.0,3.0,8.0,0.0,2.0,1.0,4.0,0.0,0.0,0.0,,0.0,0.0,,,0.0,0.0,0.0,0.0,,,0.0,0.0,,,,,,,,,,,,,,,,,,,,,,,,,,,,,,,,,,,,,,,,,,,,,,,,,,
2024,ssmr2401,MR,Munich Ravens,H,SS,Stuttgart Surge,31,N. Wenzelburger,N. Wenzelburger,N. Wenzelburger,1,0,,,,,,,,,,,,,,,,,,,,,,,,,,,,,,,,,1.0,0.0,1.0,0.0,0.0,0.0,0.0,0.0,0.0,0.0,,0.0,0.0,,,0.0,0.0,0.0,0.0,,,0.0,0.0,,,,,,,,,,,,,,,,,,,,,,,,,,,,,,,,,,,,,,,,,,,,,,,,,,
2024,ssmr2401,MR,Munich Ravens,H,SS,Stuttgart Surge,32,L. Bach,L. Bach,L. Bach,1,0,,,,,,,,,,,,,,,,,,,,,,,,,,,,,,,,,1.0,4.0,5.0,0.0,1.0,0.5,12.0,0.0,0.0,0.0,,0.0,0.0,,,0.0,0.0,0.0,0.0,,,0.0,0.0,,,,,,,,,,,,,,,,,,,,,,,,,,,,,,,,,,,,,,,,,,,,,,,,,,
2024,ssmr2401,MR,Munich Ravens,H,SS,Stuttgart Surge,33,B. Wenzler,B. Wenzler,B. Wenzler,1,0,,,,,,,,,,,,,,,,,,,,,,,,,,,,,,,,,1.0,4.0,5.0,0.0,0.0,0.0,0.0,0.0,0.0,0.0,,0.0,0.0,,,0.0,0.0,0.0,0.0,,,0.0,0.0,,,,,,,,,,,,,,,,,,,,,,,,,,,,,,,,,,,,,,,,,,,,,,,,,,
2024,ssmr2401,MR,Munich Ravens,H,SS,Stuttgart Surge,34,L. Krieg,L. Krieg,L. Krieg,1,0,,,,,,,,,,,,,,,,,,,,,,,,,,,,,,,,,,,,,,,,,,,,,,,,,,,,,,,,,,,,,,,,,,,3.0,391.0,0.0,3.0,0.0,130.33333333333334,,,,,,,,,,,,,,,,,,,,,,,,,,,,,,,,,
2024,ssmr2401,MR,Munich Ravens,H,SS,Stuttgart Surge,4,R. Hennessey,R. Hennessey,R. Hennessey,1,0,,14.0,21.0,0.67,157.0,3.0,0.0,24.0,7.48,11.21,176.61,0.0,0.0,0.0,7.48,10.33,7.0,38.0,44.0,6.0,0.0,16.0,5.43,,,,,,,,,,,,,,,,,,,,,,,,,,,,,,,,,,,,,,,,,,,,,,,,,,,,,,,,,,,,,,,,,,,,,,,,,,,,,,,,,,
2024,ssmr2401,MR,Munich Ravens,H,SS,Stuttgart Surge,41,B. Yankson,B. Yankson,B. Yankson,1,0,,,,,,,,,,,,,,,,,3.0,18.0,18.0,0.0,0.0,9.0,6.0,,,,,,,,,,,,,,,,,,,,,,,,,,,,,,,,,,,,,,,,,,,,,,,,,,,,,,,,,,,,,,,,,,,,,,,,,,,,,,,,,,
2024,ssmr2401,MR,Munich Ravens,H,SS,Stuttgart Surge,42,S. Okonta-Wariso,S. Okonta-Wariso,S. Okonta-Wariso,1,0,,,,,,,,,,,,,,,,,,,,,,,,,,,,,,,,,2.0,4.0,6.0,0.0,0.0,0.0,0.0,0.0,0.0,0.0,,0.0,0.0,,,0.0,0.0,0.0,0.0,,,0.0,0.0,,,,,,,,,,,,,,,,,,,,,,,,,,,,,,,,,,,,,,,,,,,,,,,,,,
2024,ssmr2401,MR,Munich Ravens,H,SS,Stuttgart Surge,43,L. Helm,L. Helm,L. Helm,1,0,,,,,,,,,,,,,,,,,,,,,,,,,,,,,,,,,1.0,0.0,1.0,0.0,0.0,0.0,0.0,0.0,0.0,0.0,,0.0,0.0,,,0.0,0.0,0.0,0.0,,,0.0,0.0,,,,,,,,,,,,,,,,,,,,,,,,,,,,,,,,,,,,,,,,,,,,,,,,,,
2024,ssmr2401,MR,Munich Ravens,H,SS,Stuttgart Surge,44,M. Mbala,M. Mbala,M. Mbala,1,0,,,,,,,,,,,,,,,,,,,,,,,,,,,,,,,,,1.0,1.0,2.0,0.0,0.0,0.0,0.0,0.0,0.0,0.0,,0.0,0.0,,,0.0,0.0,0.0,0.0,,,0.0,0.0,,,,,,,,,,,,,,,,,,,,,,,,,,,,,,,,,,,,,,,,,,,,,,,,,,
2024,ssmr2401,MR,Munich Ravens,H,SS,Stuttgart Surge,5,K. Katz,K. Katz,K. Katz,1,0,,,,,,,,,,,,,,,,,,,,,,,,,,,,,,,,,1.0,0.0,1.0,0.0,0.0,0.0,0.0,0.0,0.0,0.0,,0.0,0.0,,,0.0,0.0,0.0,0.0,,,0.0,0.0,,,,,,,,,,,,,,,,,,,,,,,,,,,,,,,,,,,,,,,,,,,,,,,,,,
2024,ssmr2401,MR,Munich Ravens,H,SS,Stuttgart Surge,7,L. Geyer,L. Geyer,L. Geyer,1,0,,,,,,,,,,,,,,,,,1.0,15.0,15.0,0.0,0.0,15.0,15.0,0.0,4.0,45.0,11.25,1.0,24.0,,,,,,,,,,,,,,,,,,,,,,,,,,,,,,,,,,,,,,,,,,,,,,,,,,,,,,,,,,,,,,,,,,,,,,,,,,,,
2024,ssmr2401,MR,Munich Ravens,H,SS,Stuttgart Surge,70,M. Dommermuth,M. Dommermuth,M. Dommermuth,1,0,,,,,,,,,,,,,,,,,,,,,,,,,,,,,,,,,2.0,0.0,2.0,0.0,0.0,0.0,0.0,0.0,0.0,0.0,,0.0,0.0,,,0.0,0.0,0.0,0.0,,,0.0,0.0,,,,,,,,,,,,,,,,,,,,,,,,,,,,,,,,,,,,,,,,,,,,,,,,,,
2024,ssmr2401,MR,Munich Ravens,H,SS,Stuttgart Surge,8,D. Stewart Jr.,D. Stewart Jr.,D. Stewart Jr.,1,0,,,,,,,,,,,,,,,,,,,,,,,,0.0,1.0,19.0,19.0,0.0,19.0,,,,,,,,,,,,,,,,,,,,,,,,,,,,,,,,,,,,,,,,,,,,,,,,,,,,,,,,,,,,,,,,,,,,,,,,,,,,
2024,ssmr2401,MR,Munich Ravens,H,SS,Stuttgart Surge,81,J. Pietsch,J. Pietsch,J. Pietsch,1,0,,,,,,,,,,,,,,,,,,,,,,,,0.0,4.0,57.0,14.25,1.0,20.0,,,,,,,,,,,,,,,,,,,,,,,,,,,,,,,,,,,,,,,,,,,,,,,,,,,,,,,,,,,,,,,,,,,,,,,,,,,,
2024,ssmr2401,MR,Munich Ravens,H,SS,Stuttgart Surge,91,S. Busch,S. Busch,S. Busch,1,0,,,,,,,,,,,,,,,,,,,,,,,,,,,,,,,,,2.0,0.0,2.0,1.0,0.0,1.0,6.0,0.0,0.0,0.0,,0.0,0.0,,,0.0,0.0,0.0,0.0,,,0.0,0.0,,,,,,,,,,,,,,,,,,,,,,,,,,,,,,,,,,,,,,,,,,,,,,,,,,
2024,ssmr2401,MR,Munich Ravens,H,SS,Stuttgart Surge,92,S. Butsch,S. Butsch,S. Butsch,1,0,,,,,,,,,,,,,,,,,,,,,,,,,,,,,,,,,0.0,4.0,4.0,0.0,1.0,0.5,1.0,0.0,0.0,0.0,,0.0,0.0,,,0.0,0.0,0.0,0.0,,,0.0,0.0,,,,,,,,,,,,,,,,,,,,,,,,,,,,,,,,,,,,,,,,,,,,,,,,,,
2024,ssmr2401,MR,Munich Ravens,H,SS,Stuttgart Surge,97,L. Strathmann,L. Strathmann,L. Strathmann,1,0,,,,,,,,,,,,,,,,,,,,,,,,,,,,,,,,,1.0,0.0,1.0,0.0,0.0,0.0,0.0,0.0,0.0,0.0,,0.0,0.0,,,0.0,0.0,0.0,0.0,,,0.0,0.0,,,,,,,,,,,,,,,,,,,,,,,,,,,,,,,,,,,,,,,,,,,,,,,,,,
